athlete_id,club_id,date,event_group,periodization_phase,age,gender,training_age,base_fitness_score,daily_soreness,daily_sleep_quality,daily_stress_energy,readiness_soreness_7d_avg,readiness_sleep_7d_avg,readiness_stress_7d_avg,readiness_composite_score,high_soreness_days_7d,session_duration_mins,session_rpe,session_sRPE_load,sRPE_load_acute_7d,sRPE_load_chronic_28d,sRPE_acwr,active_injury_flag,injury_prone_flag,compliance_rate_30d,attendance_rate_30d,target_next_workout_rpe,target_next_week_focus,target_intensity_prescription,target_injury_risk_score,target_progression_adjustment
ath_001,club_02,2024-01-01,throws,off-season,19,M,8,80.89,1,2,4,1.07,2.04,4.44,0.76,0,0,0,0,1130.5,1766.3,0.64,0,0,0.858,0.858,5.91,endurance,0.89,0.037,0.11
ath_001,club_02,2024-01-02,throws,off-season,19,M,8,80.89,2,4,4,1.78,3.84,4.03,0.806,0,60,8,480,1032.9,1702.0,0.607,0,0,0.92,0.89,4.28,strength,0.9,0.204,0.11
ath_001,club_02,2024-01-03,throws,off-season,19,M,8,80.89,1,3,4,1.0,3.12,3.62,0.782,1,75,7,525,956.7,1643.1,0.582,0,0,0.802,0.914,5.55,strength,0.89,0.045,0.11
ath_001,club_02,2024-01-04,throws,off-season,19,M,8,80.89,2,5,4,2.36,4.97,3.91,0.834,1,60,8,480,885.2,1585.0,0.559,0,0,0.937,0.908,5.1,endurance,0.9,0.173,0.11
ath_001,club_02,2024-01-05,throws,off-season,19,M,8,80.89,1,3,3,1.0,2.59,3.19,0.719,0,0,0,0,752.4,1505.7,0.5,0,0,0.943,0.815,4.78,strength,0.88,0.01,0.1
ath_001,club_02,2024-01-06,throws,off-season,19,M,8,80.89,1,3,3,1.33,2.39,3.32,0.692,0,90,7,630,734.1,1461.9,0.502,0,0,0.928,0.952,5.83,strength,0.88,0.06,0.0
ath_001,club_02,2024-01-07,throws,off-season,19,M,8,80.89,2,4,1,2.03,3.91,1.03,0.594,1,0,0,0,624.0,1388.8,0.449,0,0,0.785,0.921,4.62,strength,0.86,0.219,0.0
ath_001,club_02,2024-01-08,throws,off-season,19,M,8,80.89,3,4,3,3.25,3.56,2.93,0.616,1,0,0,0,530.4,1319.4,0.402,0,0,0.973,0.908,4.98,strength,0.87,0.28,0.0
ath_001,club_02,2024-01-09,throws,off-season,19,M,8,80.89,2,5,5,1.2,5.0,4.88,0.979,1,0,0,0,450.8,1253.4,0.36,0,0,0.811,0.834,3.97,strength,0.92,0.107,0.13
ath_001,club_02,2024-01-10,throws,off-season,19,M,8,80.89,1,3,3,1.38,2.68,2.7,0.667,0,75,7,525,461.9,1217.0,0.38,0,0,0.817,0.995,4.88,strength,0.88,0.047,0.0
ath_001,club_02,2024-01-11,throws,off-season,19,M,8,80.89,2,4,4,1.94,3.79,4.22,0.805,0,75,8,600,482.6,1186.2,0.407,0,0,0.908,0.927,4.45,strength,0.9,0.14,0.11
ath_001,club_02,2024-01-12,throws,off-season,19,M,8,80.89,1,4,4,1.0,3.53,4.02,0.837,1,0,0,0,410.2,1126.8,0.364,0,0,0.774,0.988,4.69,endurance,0.9,0.01,0.11
ath_001,club_02,2024-01-13,throws,off-season,19,M,8,80.89,2,4,3,2.24,3.63,3.07,0.697,1,75,6,450,416.2,1093.0,0.381,0,0,0.815,0.999,5.49,endurance,0.88,0.2,0.0
ath_001,club_02,2024-01-14,throws,off-season,19,M,8,80.89,1,3,4,1.05,3.08,4.1,0.809,1,90,8,720,461.8,1074.4,0.43,0,0,0.963,0.987,4.99,strength,0.9,0.083,0.11
ath_001,club_02,2024-01-15,throws,off-season,19,M,8,80.89,2,5,5,1.14,4.76,5.0,0.975,1,60,6,360,446.5,1038.6,0.43,0,0,0.937,0.93,4.08,endurance,0.92,0.195,0.13
ath_001,club_02,2024-01-16,throws,pre-comp,19,M,8,80.89,1,3,3,1.57,3.27,2.99,0.713,0,60,9,540,460.5,1013.7,0.454,0,0,0.949,0.901,4.96,speed,0.88,0.132,0.1
ath_001,club_02,2024-01-17,throws,pre-comp,19,M,8,80.89,3,3,1,3.0,3.06,1.18,0.483,1,75,5,375,447.7,981.8,0.456,0,0,0.754,0.986,5.62,speed,0.85,0.276,0.0
ath_001,club_02,2024-01-18,throws,pre-comp,19,M,8,80.89,2,5,3,2.23,5.0,2.9,0.778,0,60,5,300,425.5,947.7,0.449,0,0,0.893,0.819,4.89,technique,0.89,0.136,0.11
ath_001,club_02,2024-01-19,throws,pre-comp,19,M,8,80.89,3,4,4,2.8,3.49,4.2,0.726,1,75,9,675,463.0,934.0,0.496,0,0,0.878,0.9,4.54,technique,0.88,0.33,0.1
ath_001,club_02,2024-01-20,throws,pre-comp,19,M,8,80.89,3,5,3,3.3,5.0,2.8,0.7,0,75,6,450,461.0,909.8,0.507,0,0,0.866,0.909,5.49,speed,0.88,0.242,0.1
ath_001,club_02,2024-01-21,throws,pre-comp,19,M,8,80.89,1,5,3,1.47,5.0,3.16,0.846,1,0,0,0,391.9,864.4,0.453,0,0,0.961,0.839,4.16,speed,0.9,0.027,0.11
ath_001,club_02,2024-01-22,throws,pre-comp,19,M,8,80.89,1,5,4,1.13,4.61,3.4,0.859,1,0,0,0,333.1,821.1,0.406,0,0,0.77,0.805,4.23,speed,0.9,0.1,0.12
ath_001,club_02,2024-01-23,throws,pre-comp,19,M,8,80.89,1,3,4,1.11,3.5,3.6,0.799,1,90,9,810,404.6,820.6,0.493,0,0,0.892,0.832,5.63,speed,0.89,0.03,0.11
ath_001,club_02,2024-01-24,throws,pre-comp,19,M,8,80.89,1,3,5,1.0,3.21,5.0,0.881,1,60,6,360,397.9,797.5,0.499,0,0,0.793,0.887,5.31,technique,0.91,0.01,0.12
ath_001,club_02,2024-01-25,throws,pre-comp,19,M,8,80.89,1,3,4,1.58,3.12,4.17,0.781,1,75,5,375,394.5,776.4,0.508,0,0,0.757,0.917,5.03,technique,0.89,0.01,0.11
ath_001,club_02,2024-01-26,throws,pre-comp,19,M,8,80.89,2,4,4,2.38,4.15,4.32,0.806,0,105,7,735,445.6,774.4,0.575,0,0,0.799,0.814,5.15,speed,0.9,0.151,0.11
ath_001,club_02,2024-01-27,throws,pre-comp,19,M,8,80.89,1,5,1,1.59,4.99,1.16,0.704,1,90,5,450,446.2,758.1,0.589,0,0,0.934,0.961,5.29,speed,0.88,0.067,0.1
ath_001,club_02,2024-01-28,throws,pre-comp,19,M,8,80.89,3,5,4,2.79,5.0,3.67,0.792,0,75,9,675,480.5,754.0,0.637,0,0,0.939,0.821,5.2,technique,0.89,0.318,0.11
ath_001,club_02,2024-01-29,throws,pre-comp,19,M,8,80.89,1,5,3,1.1,4.96,3.03,0.86,0,0,0,0,408.5,716.3,0.57,0,0,0.771,0.818,5.1,technique,0.9,0.01,0.12
ath_001,club_02,2024-01-30,throws,pre-comp,19,M,8,80.89,4,4,2,4.08,4.29,1.96,0.545,1,105,6,630,441.7,712.0,0.62,0,0,0.926,0.994,6.26,technique,0.6,0.425,-0.3
ath_001,club_02,2024-01-31,throws,competition,19,M,8,80.89,3,4,3,2.86,4.07,2.57,0.652,1,75,7,525,454.2,702.6,0.646,0,0,0.809,0.982,5.07,speed,0.87,0.33,0.0
ath_001,club_02,2024-02-01,throws,competition,19,M,8,80.89,2,3,4,1.71,2.99,3.7,0.732,0,60,7,420,449.1,688.5,0.652,0,0,0.851,0.914,5.75,recovery,0.88,0.193,0.1
ath_001,club_02,2024-02-02,throws,competition,19,M,8,80.89,3,4,3,3.21,3.88,3.07,0.649,0,75,8,600,471.7,684.1,0.69,0,0,0.813,0.939,5.74,speed,0.87,0.276,0.0
ath_001,club_02,2024-02-03,throws,competition,19,M,8,80.89,1,5,4,1.0,4.96,3.82,0.918,1,75,5,375,457.2,668.6,0.684,0,0,0.905,0.855,4.85,speed,0.91,0.01,0.12
ath_001,club_02,2024-02-04,throws,competition,19,M,8,80.89,2,2,5,1.81,1.52,4.55,0.684,0,105,5,525,467.4,661.4,0.707,0,0,0.978,0.965,5.93,recovery,0.88,0.192,0.0
ath_001,club_02,2024-02-05,throws,competition,19,M,8,80.89,2,5,5,2.44,4.98,4.92,0.897,0,0,0,0,397.3,628.4,0.632,0,0,0.87,0.997,5.42,speed,0.91,0.15,0.12
ath_001,club_02,2024-02-06,throws,competition,19,M,8,80.89,3,4,2,3.07,3.85,2.49,0.619,0,0,0,0,337.7,596.9,0.566,0,0,0.889,0.954,5.67,recovery,0.87,0.276,0.0
ath_001,club_02,2024-02-07,throws,competition,19,M,8,80.89,2,2,5,2.19,2.32,5.0,0.742,1,75,5,375,343.3,585.8,0.586,0,0,0.817,0.804,3.85,recovery,0.89,0.162,0.1
ath_001,club_02,2024-02-08,throws,competition,19,M,8,80.89,1,5,5,1.12,5.0,4.22,0.94,0,0,0,0,291.8,556.5,0.524,0,0,0.905,0.941,4.27,speed,0.92,0.082,0.12
ath_001,club_02,2024-02-09,throws,competition,19,M,8,80.89,2,4,5,1.47,3.85,5.0,0.892,0,60,5,300,293.0,543.7,0.539,0,0,0.881,0.94,4.62,recovery,0.91,0.213,0.12
ath_001,club_02,2024-02-10,throws,competition,19,M,8,80.89,3,2,1,3.34,1.57,1.0,0.349,0,75,6,450,316.6,539.0,0.587,0,0,0.865,0.917,6.4,recovery,0.83,0.338,0.0
ath_001,club_02,2024-02-11,throws,competition,19,M,8,80.89,1,4,4,1.0,3.7,4.15,0.857,1,90,7,630,363.6,543.6,0.669,0,0,0.806,0.964,4.55,speed,0.9,0.011,0.12
ath_001,club_02,2024-02-12,throws,competition,19,M,8,80.89,2,4,3,2.59,4.01,2.79,0.681,1,90,5,450,376.5,538.9,0.699,0,0,0.789,0.875,5.74,speed,0.88,0.175,0.0
ath_001,club_02,2024-02-13,throws,competition,19,M,8,80.89,2,5,3,2.01,5.0,2.7,0.78,0,90,6,540,401.1,539.0,0.744,0,0,0.961,0.95,4.98,speed,0.89,0.12,0.11
ath_001,club_02,2024-02-14,throws,competition,19,M,8,80.89,3,3,4,2.53,3.06,3.9,0.695,1,90,6,540,421.9,539.0,0.783,0,0,0.947,0.9,4.94,speed,0.88,0.361,0.0
ath_001,club_02,2024-02-15,throws,transition,19,M,8,80.89,3,4,2,3.3,4.28,2.57,0.636,1,60,8,480,430.6,536.1,0.803,0,0,0.875,0.866,5.75,speed,0.87,0.252,0.0
ath_001,club_02,2024-02-16,throws,transition,19,M,8,80.89,3,2,5,3.24,2.04,5.0,0.654,1,0,0,0,366.0,509.3,0.719,0,0,0.982,0.911,5.75,speed,0.87,0.318,0.0
ath_001,club_02,2024-02-17,throws,transition,19,M,8,80.89,1,3,4,1.0,3.55,4.08,0.842,1,75,5,375,367.4,502.5,0.731,0,0,0.822,0.916,5.21,speed,0.9,0.014,0.11
ath_001,club_02,2024-02-18,throws,transition,19,M,8,80.89,1,3,2,1.0,3.23,2.33,0.704,0,0,0,0,312.3,477.4,0.654,0,0,0.868,0.921,5.8,recovery,0.88,0.033,0.1
ath_001,club_02,2024-02-19,throws,transition,19,M,8,80.89,4,5,3,4.45,4.96,3.03,0.636,1,105,8,840,391.4,495.5,0.79,0,0,0.938,0.96,5.79,speed,0.6,0.424,-0.3
ath_002,club_03,2024-01-01,jumps,off-season,25,M,4,90.7,2,4,3,2.1,3.93,3.25,0.739,1,90,5,450,1989.8,1769.7,1.124,0,0,0.807,0.909,5.45,strength,0.89,0.206,0.0
ath_002,club_03,2024-01-02,jumps,off-season,25,M,4,90.7,2,3,5,1.74,2.85,5.0,0.808,0,75,7,525,1770.1,1707.4,1.037,0,0,0.927,0.956,5.81,endurance,0.9,0.157,0.11
ath_002,club_03,2024-01-03,jumps,off-season,25,M,4,90.7,2,4,2,2.68,3.72,2.95,0.666,0,75,8,600,1594.6,1652.1,0.965,0,0,0.807,0.944,6.3,endurance,0.87,0.212,0.0
ath_002,club_03,2024-01-04,jumps,off-season,25,M,4,90.7,2,3,3,2.3,2.65,2.8,0.609,0,60,6,360,1409.4,1587.5,0.888,0,0,0.866,0.989,6.36,strength,0.87,0.136,0.0
ath_002,club_03,2024-01-05,jumps,off-season,25,M,4,90.7,2,1,5,1.82,1.39,4.81,0.692,1,105,8,840,1324.0,1550.1,0.854,0,0,0.781,0.984,5.73,endurance,0.88,0.246,0.0
ath_002,club_03,2024-01-06,jumps,off-season,25,M,4,90.7,2,2,3,2.16,1.73,3.07,0.576,1,90,9,810,1246.9,1513.1,0.824,0,0,0.884,0.984,5.7,endurance,0.86,0.131,0.0
ath_002,club_03,2024-01-07,jumps,off-season,25,M,4,90.7,2,3,4,2.0,2.6,4.24,0.723,0,0,0,0,1059.9,1437.4,0.737,0,0,0.945,0.856,5.54,strength,0.88,0.172,0.1
ath_002,club_03,2024-01-08,jumps,off-season,25,M,4,90.7,4,4,4,3.55,3.68,3.66,0.653,2,75,5,375,957.1,1384.3,0.691,0,0,0.937,0.842,5.68,strength,0.6,0.415,-0.3
ath_002,club_03,2024-01-09,jumps,off-season,25,M,4,90.7,1,4,4,1.0,4.45,3.2,0.844,1,0,0,0,813.6,1315.1,0.619,0,0,0.874,0.953,5.44,strength,0.9,0.033,0.11
ath_002,club_03,2024-01-10,jumps,off-season,25,M,4,90.7,3,3,5,2.93,3.28,5.0,0.756,0,75,5,375,747.8,1268.1,0.59,0,0,0.888,0.851,5.22,strength,0.89,0.248,0.11
ath_002,club_03,2024-01-11,jumps,off-season,25,M,4,90.7,1,4,5,1.37,4.13,4.92,0.911,0,75,6,450,703.1,1227.2,0.573,0,0,0.974,0.803,4.29,strength,0.91,0.06,0.12
ath_002,club_03,2024-01-12,jumps,off-season,25,M,4,90.7,2,5,5,1.62,4.86,5.0,0.949,0,60,6,360,651.6,1183.8,0.55,0,0,0.817,0.925,5.05,strength,0.92,0.105,0.12
ath_002,club_03,2024-01-13,jumps,off-season,25,M,4,90.7,1,5,4,1.0,5.0,4.03,0.936,0,0,0,0,553.9,1124.6,0.493,0,0,0.871,0.902,4.54,endurance,0.92,0.026,0.12
ath_002,club_03,2024-01-14,jumps,off-season,25,M,4,90.7,1,4,4,1.49,4.09,4.19,0.853,0,0,0,0,470.8,1068.4,0.441,0,0,0.755,0.983,4.7,strength,0.9,0.021,0.12
ath_002,club_03,2024-01-15,jumps,off-season,25,M,4,90.7,2,4,5,1.87,3.81,5.0,0.862,1,60,6,360,454.2,1033.0,0.44,0,0,0.9,0.933,4.23,strength,0.9,0.165,0.12
ath_002,club_03,2024-01-16,jumps,pre-comp,25,M,4,90.7,2,4,1,2.24,3.93,1.36,0.604,1,60,7,420,449.1,1002.3,0.448,0,0,0.93,0.859,5.01,technique,0.87,0.249,0.0
ath_002,club_03,2024-01-17,jumps,pre-comp,25,M,4,90.7,4,4,3,4.0,3.8,2.49,0.553,2,60,6,360,435.7,970.2,0.449,1,0,0.869,0.869,5.93,recovery,0.6,0.529,-0.3
ath_002,club_03,2024-01-18,jumps,pre-comp,25,M,4,90.7,5,2,2,4.47,1.91,1.8,0.35,1,0,0,0,370.3,921.7,0.402,1,0,0.979,0.827,6.03,recovery,0.5,0.699,-0.35
ath_002,club_03,2024-01-19,jumps,pre-comp,25,M,4,90.7,3,2,3,3.24,2.28,3.01,0.537,1,90,3,270,355.3,889.1,0.4,1,0,0.872,0.844,5.49,recovery,0.75,0.465,0.0
ath_002,club_03,2024-01-20,jumps,pre-comp,25,M,4,90.7,3,2,1,3.04,2.41,1.0,0.424,0,105,4,420,365.0,865.7,0.422,1,0,0.966,0.969,6.25,recovery,0.75,0.425,0.0
ath_002,club_03,2024-01-21,jumps,pre-comp,25,M,4,90.7,3,2,1,3.07,1.86,1.38,0.411,1,0,0,0,310.3,822.4,0.377,1,0,0.893,0.961,5.46,recovery,0.75,0.501,0.0
ath_002,club_03,2024-01-22,jumps,pre-comp,25,M,4,90.7,5,2,2,5.0,2.21,2.01,0.349,1,90,4,360,317.7,799.3,0.398,1,0,0.768,0.802,6.04,recovery,0.5,0.663,-0.35
ath_002,club_03,2024-01-23,jumps,pre-comp,25,M,4,90.7,4,1,1,4.09,1.0,1.0,0.261,2,0,0,0,270.1,759.3,0.356,1,0,0.824,0.847,6.11,recovery,0.6,0.559,-0.3
ath_002,club_03,2024-01-24,jumps,pre-comp,25,M,4,90.7,4,2,1,4.07,2.17,1.0,0.34,1,105,3,315,276.8,737.1,0.376,1,0,0.97,0.989,6.96,recovery,0.6,0.54,-0.3
ath_002,club_03,2024-01-25,jumps,pre-comp,25,M,4,90.7,3,3,1,2.96,2.85,1.14,0.469,1,105,9,945,377.0,747.5,0.504,0,0,0.992,0.977,6.11,technique,0.85,0.333,0.0
ath_002,club_03,2024-01-26,jumps,pre-comp,25,M,4,90.7,2,3,5,1.83,3.71,5.0,0.859,1,60,9,540,401.5,737.1,0.545,0,0,0.965,0.891,4.22,speed,0.9,0.149,0.12
ath_002,club_03,2024-01-27,jumps,pre-comp,25,M,4,90.7,1,5,1,1.0,5.0,1.0,0.733,1,60,5,300,386.3,715.3,0.54,0,0,0.924,0.81,4.68,speed,0.89,0.077,0.1
ath_002,club_03,2024-01-28,jumps,pre-comp,25,M,4,90.7,2,4,4,2.01,4.07,4.09,0.81,1,90,5,450,395.8,702.0,0.564,0,0,0.811,0.831,4.81,speed,0.9,0.141,0.11
ath_002,club_03,2024-01-29,jumps,pre-comp,25,M,4,90.7,4,2,4,3.95,2.04,4.36,0.564,1,90,9,810,457.9,707.4,0.647,0,0,0.75,0.911,5.58,technique,0.6,0.387,-0.3
ath_002,club_03,2024-01-30,jumps,pre-comp,25,M,4,90.7,1,3,4,1.0,2.93,4.06,0.799,0,0,0,0,389.3,672.0,0.579,0,0,0.94,0.908,5.02,technique,0.89,0.058,0.11
ath_002,club_03,2024-01-31,jumps,competition,25,M,4,90.7,4,2,5,4.32,1.69,5.0,0.558,1,0,0,0,330.9,638.4,0.518,0,0,0.764,0.815,5.38,recovery,0.6,0.471,-0.3
ath_002,club_03,2024-02-01,jumps,competition,25,M,4,90.7,2,3,2,1.78,2.97,1.63,0.588,1,90,7,630,375.7,638.0,0.589,0,0,0.857,0.89,5.89,speed,0.86,0.155,0.0
ath_002,club_03,2024-02-02,jumps,competition,25,M,4,90.7,1,2,4,1.0,1.83,4.35,0.745,1,75,7,525,398.1,632.3,0.63,0,0,0.803,0.806,4.95,speed,0.89,0.079,0.1
ath_002,club_03,2024-02-03,jumps,competition,25,M,4,90.7,2,5,3,1.9,4.95,2.64,0.78,1,90,9,810,459.9,641.2,0.717,0,0,0.94,0.925,5.47,recovery,0.89,0.191,0.11
ath_002,club_03,2024-02-04,jumps,competition,25,M,4,90.7,2,2,2,1.55,2.09,2.13,0.578,0,75,8,600,480.9,639.2,0.752,0,0,0.817,0.96,5.67,speed,0.86,0.162,0.0
ath_002,club_03,2024-02-05,jumps,competition,25,M,4,90.7,1,3,4,1.0,3.24,4.13,0.824,1,75,7,525,487.5,633.5,0.77,0,0,0.977,0.945,5.12,speed,0.9,0.063,0.11
ath_002,club_03,2024-02-06,jumps,competition,25,M,4,90.7,2,1,4,1.93,1.01,4.06,0.609,0,60,5,300,459.4,616.8,0.745,0,0,0.971,0.817,5.15,recovery,0.87,0.128,0.0
ath_002,club_03,2024-02-07,jumps,competition,25,M,4,90.7,4,3,4,3.67,3.11,4.04,0.632,1,0,0,0,390.5,585.9,0.666,0,0,0.927,0.806,6.46,recovery,0.6,0.421,-0.3
ath_002,club_03,2024-02-08,jumps,competition,25,M,4,90.7,3,5,3,3.03,5.0,2.94,0.727,0,90,7,630,426.4,588.2,0.725,0,0,0.76,0.833,6.1,speed,0.88,0.31,0.1
ath_002,club_03,2024-02-09,jumps,competition,25,M,4,90.7,2,4,4,2.47,4.17,4.11,0.788,0,60,8,480,434.5,582.7,0.746,0,0,0.915,0.9,6.12,speed,0.89,0.183,0.11
ath_002,club_03,2024-02-10,jumps,competition,25,M,4,90.7,5,5,4,4.6,4.89,3.9,0.679,1,75,9,675,470.5,587.4,0.801,0,0,0.932,0.949,6.0,speed,0.5,0.493,-0.35
ath_002,club_03,2024-02-11,jumps,competition,25,M,4,90.7,5,1,5,4.56,1.47,4.54,0.496,1,75,9,675,501.2,591.7,0.847,0,0,0.975,0.884,6.77,recovery,0.5,0.483,-0.35
ath_002,club_03,2024-02-12,jumps,competition,25,M,4,90.7,1,4,4,1.0,4.42,4.5,0.928,1,90,7,630,520.5,593.7,0.877,0,0,0.993,0.836,5.78,recovery,0.91,0.01,0.12
ath_002,club_03,2024-02-13,jumps,competition,25,M,4,90.7,3,4,4,2.98,4.08,3.79,0.725,0,75,6,450,509.9,586.5,0.87,0,0,0.992,0.852,5.34,recovery,0.88,0.325,0.1
ath_002,club_03,2024-02-14,jumps,competition,25,M,4,90.7,1,5,4,1.0,4.8,4.59,0.959,0,60,7,420,496.5,578.1,0.859,0,0,0.858,0.85,4.9,speed,0.92,0.025,0.13
ath_002,club_03,2024-02-15,jumps,transition,25,M,4,90.7,1,1,4,1.16,1.21,4.29,0.69,1,75,9,675,523.2,583.0,0.898,0,0,0.896,0.974,5.92,speed,0.88,0.044,0.0
ath_002,club_03,2024-02-16,jumps,transition,25,M,4,90.7,1,4,5,1.0,3.69,4.94,0.909,0,0,0,0,444.8,553.8,0.803,0,0,0.896,0.938,5.36,speed,0.91,0.109,0.12
ath_002,club_03,2024-02-17,jumps,transition,25,M,4,90.7,1,3,5,1.0,3.63,4.96,0.906,1,75,7,525,456.8,552.4,0.827,0,0,0.781,0.827,4.94,speed,0.91,0.065,0.12
ath_002,club_03,2024-02-18,jumps,transition,25,M,4,90.7,3,3,3,2.97,2.99,3.2,0.615,0,105,6,630,482.8,556.3,0.868,0,0,0.893,0.806,5.98,recovery,0.87,0.323,0.0
ath_002,club_03,2024-02-19,jumps,transition,25,M,4,90.7,1,4,3,1.36,3.7,2.87,0.748,1,75,6,450,477.9,551.0,0.867,0,0,0.762,0.995,6.19,recovery,0.89,0.042,0.1
ath_003,club_04,2024-01-01,sprints,off-season,24,F,4,74.14,3,4,4,3.33,3.56,4.35,0.705,0,90,5,450,1825.2,2120.0,0.861,0,0,0.847,0.89,6.72,strength,0.88,0.251,0.1
ath_003,club_04,2024-01-02,sprints,off-season,24,F,4,74.14,1,4,4,1.0,4.29,3.9,0.88,1,75,5,375,1607.7,2032.7,0.791,0,0,0.962,0.983,5.28,strength,0.91,0.015,0.12
ath_003,club_04,2024-01-03,sprints,off-season,24,F,4,74.14,2,3,4,2.23,3.08,4.03,0.726,0,90,8,720,1474.5,1967.1,0.75,0,0,0.799,0.896,5.6,strength,0.88,0.182,0.1
ath_003,club_04,2024-01-04,sprints,off-season,24,F,4,74.14,2,4,5,1.67,4.45,5.0,0.919,0,75,6,450,1320.8,1891.2,0.698,0,0,0.994,0.965,4.52,endurance,0.91,0.172,0.12
ath_003,club_04,2024-01-05,sprints,off-season,24,F,4,74.14,3,3,3,3.42,2.98,2.83,0.559,1,90,9,810,1244.2,1837.2,0.677,0,0,0.778,0.801,6.0,endurance,0.86,0.366,0.0
ath_003,club_04,2024-01-06,sprints,off-season,24,F,4,74.14,3,4,3,3.12,3.92,3.23,0.668,1,75,6,450,1125.1,1767.8,0.636,0,0,0.814,0.86,5.85,endurance,0.88,0.304,0.0
ath_003,club_04,2024-01-07,sprints,off-season,24,F,4,74.14,3,4,2,3.16,3.78,1.89,0.568,0,75,9,675,1057.6,1713.2,0.617,0,0,0.795,0.862,6.01,strength,0.86,0.307,0.0
ath_003,club_04,2024-01-08,sprints,off-season,24,F,4,74.14,1,4,2,1.0,4.2,1.54,0.716,1,0,0,0,898.9,1627.5,0.552,0,0,0.851,0.886,5.65,endurance,0.88,0.083,0.1
ath_003,club_04,2024-01-09,sprints,off-season,24,F,4,74.14,1,2,4,1.0,1.79,3.82,0.707,0,75,9,675,865.3,1579.9,0.548,0,0,0.958,0.934,5.19,strength,0.88,0.01,0.1
ath_003,club_04,2024-01-10,sprints,off-season,24,F,4,74.14,2,4,3,2.25,4.5,3.13,0.759,1,75,6,450,803.0,1523.4,0.527,0,0,0.833,0.916,5.6,strength,0.89,0.191,0.11
ath_003,club_04,2024-01-11,sprints,off-season,24,F,4,74.14,2,4,5,1.3,3.85,4.77,0.888,1,0,0,0,682.6,1447.2,0.472,0,0,0.88,0.925,4.89,strength,0.91,0.154,0.12
ath_003,club_04,2024-01-12,sprints,off-season,24,F,4,74.14,3,4,4,3.11,3.68,3.73,0.687,1,0,0,0,580.2,1374.9,0.422,0,0,0.845,0.869,5.11,endurance,0.88,0.242,0.0
ath_003,club_04,2024-01-13,sprints,off-season,24,F,4,74.14,1,5,5,1.51,5.0,5.0,0.966,0,60,7,420,556.2,1327.1,0.419,0,0,0.779,0.963,3.25,strength,0.92,0.067,0.13
ath_003,club_04,2024-01-14,sprints,off-season,24,F,4,74.14,1,2,4,1.18,2.21,4.04,0.738,1,60,6,360,526.7,1278.8,0.412,0,0,0.783,0.972,4.9,endurance,0.89,0.075,0.1
ath_003,club_04,2024-01-15,sprints,off-season,24,F,4,74.14,3,3,4,2.76,3.11,4.29,0.709,0,75,5,375,504.0,1233.6,0.409,0,0,0.991,0.91,3.64,endurance,0.88,0.236,0.1
ath_003,club_04,2024-01-16,sprints,pre-comp,24,F,4,74.14,2,4,2,1.81,4.01,1.93,0.676,0,75,9,675,529.6,1205.6,0.439,0,0,0.788,0.812,5.07,speed,0.88,0.215,0.0
ath_003,club_04,2024-01-17,sprints,pre-comp,24,F,4,74.14,5,2,4,4.77,1.83,4.28,0.49,2,60,7,420,513.2,1166.4,0.44,0,0,0.999,0.963,6.32,technique,0.5,0.558,-0.35
ath_003,club_04,2024-01-18,sprints,pre-comp,24,F,4,74.14,2,4,2,1.55,4.11,1.35,0.66,1,90,9,810,557.7,1148.5,0.486,0,0,0.957,0.947,5.06,speed,0.87,0.092,0.0
ath_003,club_04,2024-01-19,sprints,pre-comp,24,F,4,74.14,1,4,2,1.28,3.85,1.64,0.681,0,75,5,375,530.3,1109.9,0.478,0,0,0.99,0.898,5.42,speed,0.88,0.01,0.0
ath_003,club_04,2024-01-20,sprints,pre-comp,24,F,4,74.14,3,2,4,3.62,2.22,3.63,0.549,0,60,8,480,522.8,1078.4,0.485,0,0,0.844,0.879,6.21,technique,0.86,0.284,0.0
ath_003,club_04,2024-01-21,sprints,pre-comp,24,F,4,74.14,4,4,3,4.1,3.95,3.24,0.606,2,75,9,675,545.6,1058.2,0.516,0,0,0.909,0.932,5.23,technique,0.6,0.449,-0.3
ath_003,club_04,2024-01-22,sprints,pre-comp,24,F,4,74.14,1,4,3,1.47,3.82,2.98,0.755,1,90,5,450,531.3,1027.8,0.517,0,0,0.771,0.943,4.75,speed,0.89,0.089,0.11
ath_003,club_04,2024-01-23,sprints,pre-comp,24,F,4,74.14,1,4,4,1.37,3.34,3.76,0.782,1,60,7,420,514.6,997.4,0.516,0,0,0.992,0.859,4.93,technique,0.89,0.01,0.11
ath_003,club_04,2024-01-24,sprints,pre-comp,24,F,4,74.14,1,2,4,1.45,1.99,4.17,0.714,0,90,5,450,504.9,970.0,0.52,0,0,0.992,0.96,5.78,technique,0.88,0.104,0.1
ath_003,club_04,2024-01-25,sprints,pre-comp,24,F,4,74.14,3,4,2,2.82,3.62,1.48,0.552,0,60,6,360,483.1,939.5,0.514,0,0,0.791,0.855,4.89,technique,0.86,0.289,0.0
ath_003,club_04,2024-01-26,sprints,pre-comp,24,F,4,74.14,1,5,4,1.61,5.0,3.5,0.859,0,60,5,300,455.7,907.6,0.502,0,0,0.939,0.892,4.92,technique,0.9,0.072,0.12
ath_003,club_04,2024-01-27,sprints,pre-comp,24,F,4,74.14,2,3,4,2.12,2.8,3.84,0.702,0,105,8,840,513.3,904.2,0.568,0,0,0.788,0.868,5.56,speed,0.88,0.194,0.1
ath_003,club_04,2024-01-28,sprints,pre-comp,24,F,4,74.14,2,2,3,2.26,2.3,3.06,0.607,0,0,0,0,436.3,859.0,0.508,0,0,0.79,0.892,5.41,technique,0.87,0.144,0.0
ath_003,club_04,2024-01-29,sprints,pre-comp,24,F,4,74.14,1,4,4,1.0,4.45,4.49,0.929,1,75,7,525,449.6,842.3,0.534,0,0,0.94,0.807,5.63,technique,0.91,0.01,0.12
ath_003,club_04,2024-01-30,sprints,pre-comp,24,F,4,74.14,1,3,5,1.0,3.47,4.62,0.873,1,105,8,840,508.2,842.2,0.603,0,0,0.972,0.919,4.32,technique,0.91,0.01,0.12
ath_003,club_04,2024-01-31,sprints,competition,24,F,4,74.14,1,4,3,1.29,3.92,3.54,0.811,0,90,8,720,540.0,836.0,0.646,0,0,0.895,0.912,5.19,speed,0.9,0.099,0.11
ath_003,club_04,2024-02-01,sprints,competition,24,F,4,74.14,3,3,5,3.29,2.95,4.86,0.702,1,75,7,525,537.7,820.5,0.655,0,0,0.995,0.842,5.54,speed,0.88,0.329,0.1
ath_003,club_04,2024-02-02,sprints,competition,24,F,4,74.14,1,4,3,1.45,4.19,2.69,0.762,1,75,5,375,513.3,798.2,0.643,0,0,0.874,0.836,6.04,speed,0.89,0.059,0.11
ath_003,club_04,2024-02-03,sprints,competition,24,F,4,74.14,4,3,4,3.59,2.82,3.61,0.59,2,75,5,375,492.6,777.1,0.634,0,0,0.797,0.961,5.33,speed,0.6,0.324,-0.3
ath_003,club_04,2024-02-04,sprints,competition,24,F,4,74.14,1,4,4,1.0,3.9,4.22,0.874,0,75,5,375,474.9,757.0,0.627,0,0,0.989,0.814,4.86,speed,0.91,0.021,0.12
ath_003,club_04,2024-02-05,sprints,competition,24,F,4,74.14,1,5,3,1.0,4.86,3.21,0.871,0,60,6,360,457.7,737.1,0.621,0,0,0.872,0.807,4.97,speed,0.91,0.016,0.12
ath_003,club_04,2024-02-06,sprints,competition,24,F,4,74.14,1,5,1,1.35,4.89,1.16,0.713,0,75,8,600,479.0,730.3,0.656,0,0,0.995,0.851,5.97,speed,0.88,0.059,0.1
ath_003,club_04,2024-02-07,sprints,competition,24,F,4,74.14,2,5,4,1.59,4.75,3.95,0.874,1,60,5,300,452.2,708.7,0.638,0,0,0.89,0.905,4.84,recovery,0.91,0.175,0.12
ath_003,club_04,2024-02-08,sprints,competition,24,F,4,74.14,2,2,4,2.12,1.73,3.94,0.637,1,75,9,675,485.6,707.1,0.687,0,0,0.853,0.93,5.71,speed,0.87,0.171,0.0
ath_003,club_04,2024-02-09,sprints,competition,24,F,4,74.14,3,4,2,2.78,3.86,1.71,0.586,1,90,9,810,534.3,712.2,0.75,0,0,0.939,0.804,6.19,speed,0.86,0.265,0.0
ath_003,club_04,2024-02-10,sprints,competition,24,F,4,74.14,1,5,4,1.26,4.98,3.95,0.911,1,90,5,450,521.6,699.1,0.746,0,0,0.843,0.89,6.34,speed,0.91,0.046,0.12
ath_003,club_04,2024-02-11,sprints,competition,24,F,4,74.14,1,3,2,1.0,3.56,2.32,0.726,0,75,5,375,499.6,682.9,0.732,0,0,0.911,0.839,5.61,speed,0.88,0.079,0.1
ath_003,club_04,2024-02-12,sprints,competition,24,F,4,74.14,2,3,4,1.9,2.88,3.71,0.713,1,75,7,525,503.4,675.0,0.746,0,0,0.95,0.994,5.82,recovery,0.88,0.18,0.1
ath_003,club_04,2024-02-13,sprints,competition,24,F,4,74.14,1,5,4,1.0,4.72,4.35,0.938,1,0,0,0,427.9,641.2,0.667,0,0,0.97,0.885,5.29,recovery,0.92,0.128,0.12
ath_003,club_04,2024-02-14,sprints,competition,24,F,4,74.14,3,2,4,3.15,1.93,4.09,0.591,0,60,9,540,444.7,636.2,0.699,0,0,0.868,0.964,5.75,speed,0.86,0.287,0.0
ath_003,club_04,2024-02-15,sprints,transition,24,F,4,74.14,3,3,3,2.33,2.93,2.89,0.633,1,90,6,540,459.0,631.4,0.727,0,0,0.976,0.948,6.03,speed,0.87,0.254,0.0
ath_003,club_04,2024-02-16,sprints,transition,24,F,4,74.14,2,4,5,1.73,4.1,4.65,0.868,1,90,7,630,484.7,631.3,0.768,0,0,0.751,0.936,5.71,speed,0.91,0.196,0.12
ath_003,club_04,2024-02-17,sprints,transition,24,F,4,74.14,1,3,2,1.0,3.15,2.05,0.681,1,90,9,810,533.5,640.2,0.833,0,0,0.808,0.961,6.27,speed,0.88,0.06,0.0
ath_003,club_04,2024-02-18,sprints,transition,24,F,4,74.14,1,3,3,1.0,3.25,2.84,0.74,1,60,9,540,534.4,635.2,0.841,0,0,0.757,0.993,5.73,speed,0.89,0.066,0.1
ath_003,club_04,2024-02-19,sprints,transition,24,F,4,74.14,3,5,4,3.27,4.84,4.24,0.788,0,75,8,600,544.3,633.5,0.859,0,0,0.862,0.844,4.98,recovery,0.89,0.306,0.11
ath_004,club_05,2024-01-01,sprints,off-season,18,M,9,85.56,3,3,3,2.85,3.24,2.51,0.593,1,105,9,945,1233.0,2210.6,0.558,0,0,0.964,0.904,5.44,strength,0.86,0.3,0.0
ath_004,club_05,2024-01-02,sprints,off-season,18,M,9,85.56,1,2,5,1.35,1.66,4.97,0.752,0,75,5,375,1104.3,2118.8,0.521,0,0,0.973,0.889,5.73,strength,0.89,0.089,0.11
ath_004,club_05,2024-01-03,sprints,off-season,18,M,9,85.56,3,3,4,2.92,2.28,4.13,0.632,1,0,0,0,938.7,2012.9,0.466,0,0,0.868,0.997,5.39,strength,0.87,0.317,0.0
ath_004,club_05,2024-01-04,sprints,off-season,18,M,9,85.56,1,1,4,1.0,1.0,3.38,0.625,1,105,7,735,908.1,1949.0,0.466,0,0,0.867,0.889,6.35,strength,0.87,0.029,0.0
ath_004,club_05,2024-01-05,sprints,off-season,18,M,9,85.56,3,1,5,3.33,1.0,5.0,0.578,0,90,5,450,839.4,1874.1,0.448,0,0,0.761,0.856,6.55,endurance,0.86,0.315,0.0
ath_004,club_05,2024-01-06,sprints,off-season,18,M,9,85.56,2,5,4,1.83,4.91,4.03,0.875,0,0,0,0,713.5,1780.4,0.401,0,0,0.783,0.855,3.93,strength,0.91,0.114,0.12
ath_004,club_05,2024-01-07,sprints,off-season,18,M,9,85.56,4,4,4,3.86,4.04,4.48,0.712,2,90,8,720,714.5,1727.3,0.414,0,0,0.916,0.96,5.35,endurance,0.6,0.416,-0.3
ath_004,club_05,2024-01-08,sprints,off-season,18,M,9,85.56,2,5,4,1.75,5.0,4.13,0.892,0,60,5,300,652.3,1656.0,0.394,0,0,0.912,0.978,4.43,strength,0.91,0.246,0.12
ath_004,club_05,2024-01-09,sprints,off-season,18,M,9,85.56,1,3,3,1.0,3.03,2.99,0.735,0,75,9,675,655.7,1606.9,0.408,0,0,0.862,0.817,4.83,strength,0.89,0.045,0.1
ath_004,club_05,2024-01-10,sprints,off-season,18,M,9,85.56,3,2,3,2.55,1.64,3.28,0.558,0,90,8,720,665.3,1562.6,0.426,0,0,0.965,0.918,5.25,strength,0.86,0.25,0.0
ath_004,club_05,2024-01-11,sprints,off-season,18,M,9,85.56,2,4,2,1.92,3.98,2.17,0.682,1,90,6,540,646.5,1511.4,0.428,0,0,0.792,0.886,4.15,strength,0.88,0.161,0.0
ath_004,club_05,2024-01-12,sprints,off-season,18,M,9,85.56,1,1,4,1.23,1.38,3.85,0.667,0,75,7,525,628.3,1462.1,0.43,0,0,0.828,0.935,4.51,strength,0.87,0.088,0.0
ath_004,club_05,2024-01-13,sprints,off-season,18,M,9,85.56,5,4,4,4.67,4.03,3.97,0.622,1,75,7,525,612.8,1415.3,0.433,0,0,0.847,0.832,5.24,strength,0.5,0.522,-0.35
ath_004,club_05,2024-01-14,sprints,off-season,18,M,9,85.56,1,5,2,1.48,4.21,1.63,0.691,1,105,9,945,662.6,1391.8,0.476,0,0,0.957,0.997,4.56,strength,0.88,0.01,0.0
ath_004,club_05,2024-01-15,sprints,off-season,18,M,9,85.56,2,3,4,1.93,3.37,3.68,0.741,0,75,9,675,664.5,1355.9,0.49,0,0,0.794,0.901,4.71,endurance,0.89,0.189,0.1
ath_004,club_05,2024-01-16,sprints,pre-comp,18,M,9,85.56,2,3,4,1.85,2.94,4.7,0.786,0,105,9,945,706.6,1335.4,0.529,0,0,0.946,0.947,4.58,technique,0.89,0.134,0.11
ath_004,club_05,2024-01-17,sprints,pre-comp,18,M,9,85.56,2,4,2,1.54,4.07,2.08,0.707,1,90,9,810,722.1,1309.1,0.552,0,0,0.759,0.949,5.99,speed,0.88,0.175,0.1
ath_004,club_05,2024-01-18,sprints,pre-comp,18,M,9,85.56,2,1,5,1.88,1.0,5.0,0.675,1,105,6,630,708.3,1275.1,0.555,0,0,0.873,0.86,6.69,speed,0.88,0.133,0.0
ath_004,club_05,2024-01-19,sprints,pre-comp,18,M,9,85.56,2,4,5,2.36,3.9,5.0,0.836,0,75,5,375,658.3,1230.1,0.535,0,0,0.869,0.999,5.46,speed,0.9,0.139,0.11
ath_004,club_05,2024-01-20,sprints,pre-comp,18,M,9,85.56,1,3,1,1.0,3.59,1.0,0.639,0,105,9,945,701.3,1215.9,0.577,0,0,0.968,0.905,6.11,technique,0.87,0.089,0.0
ath_004,club_05,2024-01-21,sprints,pre-comp,18,M,9,85.56,1,4,4,1.0,4.26,4.15,0.894,0,90,7,630,690.6,1186.6,0.582,0,0,0.751,0.987,5.07,technique,0.91,0.055,0.12
ath_004,club_05,2024-01-22,sprints,pre-comp,18,M,9,85.56,3,2,3,3.04,1.8,2.96,0.514,0,90,8,720,695.0,1163.3,0.597,0,0,0.887,0.926,6.64,speed,0.85,0.31,0.0
ath_004,club_05,2024-01-23,sprints,pre-comp,18,M,9,85.56,1,5,4,1.0,5.0,3.65,0.91,1,0,0,0,590.8,1105.1,0.535,0,0,0.851,0.859,4.61,speed,0.91,0.076,0.12
ath_004,club_05,2024-01-24,sprints,pre-comp,18,M,9,85.56,4,4,5,3.81,3.56,5.0,0.716,1,75,5,375,558.4,1068.6,0.523,0,0,0.901,0.872,4.85,technique,0.6,0.42,-0.3
ath_004,club_05,2024-01-25,sprints,pre-comp,18,M,9,85.56,2,4,4,2.13,4.67,3.53,0.805,0,75,8,600,564.6,1045.2,0.54,0,0,0.951,0.911,4.88,speed,0.9,0.182,0.11
ath_004,club_05,2024-01-26,sprints,pre-comp,18,M,9,85.56,1,4,3,1.0,3.84,3.05,0.793,1,0,0,0,479.9,992.9,0.483,0,0,0.851,0.821,5.11,technique,0.89,0.032,0.11
ath_004,club_05,2024-01-27,sprints,pre-comp,18,M,9,85.56,2,5,4,2.06,4.68,4.06,0.846,1,75,9,675,509.2,977.0,0.521,0,0,0.973,0.887,5.23,technique,0.9,0.182,0.11
ath_004,club_05,2024-01-28,sprints,pre-comp,18,M,9,85.56,1,4,4,1.0,4.14,4.27,0.894,0,75,7,525,511.6,954.4,0.536,0,0,0.792,0.943,4.77,technique,0.91,0.052,0.12
ath_004,club_05,2024-01-29,sprints,pre-comp,18,M,9,85.56,4,4,3,3.27,3.99,2.98,0.646,2,90,8,720,542.8,942.7,0.576,0,0,0.802,0.874,5.96,speed,0.6,0.447,-0.3
ath_004,club_05,2024-01-30,sprints,pre-comp,18,M,9,85.56,3,3,4,2.9,3.19,4.23,0.701,0,75,5,375,517.7,914.3,0.566,0,0,0.824,0.827,5.84,speed,0.88,0.314,0.1
ath_004,club_05,2024-01-31,sprints,competition,18,M,9,85.56,2,3,4,2.3,3.16,4.07,0.728,0,60,8,480,512.0,892.6,0.574,0,0,0.959,0.803,5.85,speed,0.88,0.163,0.1
ath_004,club_05,2024-02-01,sprints,competition,18,M,9,85.56,2,4,4,1.7,4.16,3.99,0.83,1,75,9,675,536.5,881.7,0.608,0,0,0.849,0.952,4.35,speed,0.9,0.16,0.11
ath_004,club_05,2024-02-02,sprints,competition,18,M,9,85.56,1,5,4,1.0,4.59,3.92,0.901,1,0,0,0,456.0,837.6,0.544,0,0,0.823,0.955,4.17,speed,0.91,0.013,0.12
ath_004,club_05,2024-02-03,sprints,competition,18,M,9,85.56,1,3,4,1.0,3.2,4.2,0.827,1,105,7,735,497.8,832.5,0.598,0,0,0.802,0.83,5.13,recovery,0.9,0.067,0.11
ath_004,club_05,2024-02-04,sprints,competition,18,M,9,85.56,2,4,2,2.16,4.02,1.94,0.653,0,75,8,600,513.2,820.9,0.625,0,0,0.931,0.924,5.33,recovery,0.87,0.156,0.0
ath_004,club_05,2024-02-05,sprints,competition,18,M,9,85.56,1,5,4,1.26,5.0,4.16,0.926,0,105,8,840,562.2,821.8,0.684,0,0,0.979,0.858,5.28,recovery,0.91,0.048,0.12
ath_004,club_05,2024-02-06,sprints,competition,18,M,9,85.56,1,2,1,1.0,1.84,1.31,0.543,1,75,7,525,556.6,807.0,0.69,0,0,0.875,0.936,5.74,speed,0.86,0.075,0.0
ath_004,club_05,2024-02-07,sprints,competition,18,M,9,85.56,2,4,4,1.81,3.94,3.63,0.784,1,0,0,0,473.1,766.6,0.617,0,0,0.974,0.935,4.23,speed,0.89,0.188,0.11
ath_004,club_05,2024-02-08,sprints,competition,18,M,9,85.56,1,4,4,1.01,4.1,3.87,0.864,0,75,7,525,480.9,754.6,0.637,0,0,0.794,0.843,4.34,speed,0.9,0.025,0.12
ath_004,club_05,2024-02-09,sprints,competition,18,M,9,85.56,2,3,5,2.4,3.12,5.0,0.782,1,105,9,945,550.5,764.1,0.721,0,0,0.812,0.928,5.01,speed,0.89,0.184,0.11
ath_004,club_05,2024-02-10,sprints,competition,18,M,9,85.56,3,4,1,3.19,3.94,1.19,0.529,1,0,0,0,467.9,725.9,0.645,0,0,0.952,0.836,5.49,speed,0.85,0.272,0.0
ath_004,club_05,2024-02-11,sprints,competition,18,M,9,85.56,1,4,5,1.23,5.0,4.56,0.956,0,0,0,0,397.7,689.6,0.577,0,0,0.843,0.878,4.69,recovery,0.92,0.055,0.13
ath_004,club_05,2024-02-12,sprints,competition,18,M,9,85.56,2,3,4,1.45,3.48,3.76,0.786,0,60,8,480,410.1,679.1,0.604,0,0,0.794,0.973,5.45,speed,0.89,0.173,0.11
ath_004,club_05,2024-02-13,sprints,competition,18,M,9,85.56,2,4,4,2.18,3.93,3.67,0.762,0,90,7,630,443.1,676.6,0.655,0,0,0.987,0.979,5.89,speed,0.89,0.158,0.11
ath_004,club_05,2024-02-14,sprints,competition,18,M,9,85.56,2,3,4,1.87,3.03,3.59,0.716,1,60,7,420,439.6,663.8,0.662,0,0,0.985,0.901,6.03,speed,0.88,0.183,0.1
ath_004,club_05,2024-02-15,sprints,transition,18,M,9,85.56,1,4,4,1.12,3.12,4.37,0.825,0,75,7,525,452.4,656.9,0.689,0,0,0.821,0.885,5.48,speed,0.9,0.01,0.11
ath_004,club_05,2024-02-16,sprints,transition,18,M,9,85.56,4,3,3,4.33,2.73,2.67,0.471,1,60,7,420,447.6,645.0,0.694,0,0,0.856,0.861,7.0,speed,0.6,0.436,-0.3
ath_004,club_05,2024-02-17,sprints,transition,18,M,9,85.56,1,3,5,1.17,2.65,5.0,0.832,1,90,9,810,501.9,653.3,0.768,0,0,0.77,0.909,5.01,recovery,0.9,0.066,0.11
ath_004,club_05,2024-02-18,sprints,transition,18,M,9,85.56,2,5,1,2.04,5.0,1.05,0.667,0,60,8,480,498.6,644.6,0.774,0,0,0.878,0.902,5.42,speed,0.88,0.202,0.0
ath_004,club_05,2024-02-19,sprints,transition,18,M,9,85.56,2,5,4,2.3,5.0,3.81,0.834,0,90,5,450,491.3,634.9,0.774,0,0,0.786,0.843,4.97,speed,0.9,0.184,0.11
ath_005,club_01,2024-01-01,sprints,off-season,27,F,7,77.37,3,3,1,3.32,3.11,1.04,0.455,0,90,6,540,1281.2,2103.9,0.609,0,0,0.954,0.909,5.79,endurance,0.84,0.29,0.0
ath_005,club_01,2024-01-02,sprints,off-season,27,F,7,77.37,3,5,3,2.8,5.0,3.07,0.751,0,90,7,630,1183.5,2030.2,0.583,0,0,0.827,0.858,5.36,endurance,0.89,0.314,0.11
ath_005,club_01,2024-01-03,sprints,off-season,27,F,7,77.37,1,4,4,1.0,4.2,3.88,0.872,1,90,7,630,1100.5,1960.2,0.561,0,0,0.822,0.861,4.64,strength,0.91,0.01,0.12
ath_005,club_01,2024-01-04,sprints,off-season,27,F,7,77.37,3,4,2,3.33,4.54,1.8,0.601,0,90,6,540,1016.4,1889.2,0.538,0,0,0.768,0.841,5.64,endurance,0.87,0.289,0.0
ath_005,club_01,2024-01-05,sprints,off-season,27,F,7,77.37,3,2,4,2.91,1.84,3.85,0.585,0,90,9,810,985.4,1835.2,0.537,0,0,0.753,0.89,4.95,endurance,0.86,0.293,0.0
ath_005,club_01,2024-01-06,sprints,off-season,27,F,7,77.37,4,4,3,3.72,3.55,2.8,0.576,2,60,5,300,882.6,1758.5,0.502,0,0,0.879,0.948,5.9,endurance,0.6,0.473,-0.3
ath_005,club_01,2024-01-07,sprints,off-season,27,F,7,77.37,1,4,3,1.0,3.92,3.5,0.828,0,105,8,840,876.2,1712.5,0.512,0,0,0.888,0.928,5.38,endurance,0.9,0.08,0.11
ath_005,club_01,2024-01-08,sprints,off-season,27,F,7,77.37,2,4,4,1.4,4.31,4.08,0.866,0,75,7,525,823.5,1653.2,0.498,0,0,0.779,0.89,4.18,endurance,0.9,0.185,0.12
ath_005,club_01,2024-01-09,sprints,off-season,27,F,7,77.37,1,4,4,1.0,3.99,3.54,0.835,1,75,9,675,801.3,1604.3,0.499,0,0,0.985,0.844,5.0,endurance,0.9,0.093,0.11
ath_005,club_01,2024-01-10,sprints,off-season,27,F,7,77.37,1,4,4,1.21,4.07,3.89,0.85,0,90,6,540,762.1,1551.0,0.491,0,0,0.952,0.972,4.75,strength,0.9,0.09,0.11
ath_005,club_01,2024-01-11,sprints,off-season,27,F,7,77.37,5,3,4,5.0,3.17,3.79,0.531,2,90,9,810,769.3,1514.0,0.508,0,0,0.978,0.871,5.38,strength,0.5,0.544,-0.35
ath_005,club_01,2024-01-12,sprints,off-season,27,F,7,77.37,2,3,3,1.6,2.45,2.98,0.656,1,90,7,630,748.4,1469.8,0.509,0,0,0.8,0.923,5.7,strength,0.87,0.197,0.0
ath_005,club_01,2024-01-13,sprints,off-season,27,F,7,77.37,1,3,5,1.26,2.88,5.0,0.842,0,75,5,375,692.4,1415.0,0.489,0,0,0.926,0.886,4.66,strength,0.9,0.066,0.11
ath_005,club_01,2024-01-14,sprints,off-season,27,F,7,77.37,1,5,3,1.06,5.0,2.61,0.837,0,75,5,375,644.8,1363.0,0.473,0,0,0.764,0.898,4.54,endurance,0.9,0.093,0.11
ath_005,club_01,2024-01-15,sprints,off-season,27,F,7,77.37,1,3,3,1.16,2.69,3.04,0.704,1,0,0,0,548.0,1294.9,0.423,0,0,0.862,0.961,5.1,strength,0.88,0.047,0.1
ath_005,club_01,2024-01-16,sprints,pre-comp,27,F,7,77.37,2,3,4,2.23,3.03,4.04,0.722,1,0,0,0,465.8,1230.1,0.379,0,0,0.978,0.991,4.43,speed,0.88,0.129,0.1
ath_005,club_01,2024-01-17,sprints,pre-comp,27,F,7,77.37,4,5,2,4.09,4.35,2.09,0.556,2,75,7,525,474.7,1194.9,0.397,0,0,0.965,0.95,5.51,speed,0.6,0.377,-0.3
ath_005,club_01,2024-01-18,sprints,pre-comp,27,F,7,77.37,2,3,4,2.11,3.29,4.28,0.764,1,60,9,540,484.5,1162.1,0.417,0,0,0.824,0.908,4.45,technique,0.89,0.117,0.11
ath_005,club_01,2024-01-19,sprints,pre-comp,27,F,7,77.37,3,2,4,3.73,2.13,3.59,0.533,0,75,6,450,479.3,1126.5,0.425,0,0,0.937,0.914,5.33,technique,0.85,0.335,0.0
ath_005,club_01,2024-01-20,sprints,pre-comp,27,F,7,77.37,3,4,4,2.85,3.21,4.0,0.691,1,90,9,810,528.9,1110.7,0.476,0,0,0.894,0.804,5.23,speed,0.88,0.299,0.0
ath_005,club_01,2024-01-21,sprints,pre-comp,27,F,7,77.37,4,4,5,4.22,4.33,5.0,0.741,1,0,0,0,449.6,1055.2,0.426,0,0,0.767,0.895,5.46,speed,0.6,0.454,-0.3
ath_005,club_01,2024-01-22,sprints,pre-comp,27,F,7,77.37,1,1,4,1.3,1.32,3.97,0.666,0,75,5,375,438.4,1021.2,0.429,0,0,0.871,0.867,5.06,speed,0.87,0.093,0.0
ath_005,club_01,2024-01-23,sprints,pre-comp,27,F,7,77.37,3,5,4,3.37,4.86,3.99,0.765,1,0,0,0,372.6,970.1,0.384,0,0,0.76,0.896,4.8,speed,0.89,0.31,0.11
ath_005,club_01,2024-01-24,sprints,pre-comp,27,F,7,77.37,2,5,4,2.14,4.68,3.79,0.822,1,75,8,600,406.7,951.6,0.427,0,0,0.932,0.922,4.33,speed,0.9,0.214,0.11
ath_005,club_01,2024-01-25,sprints,pre-comp,27,F,7,77.37,1,3,5,1.0,3.63,5.0,0.909,0,75,6,450,413.2,926.5,0.446,0,0,0.895,0.885,5.07,speed,0.91,0.01,0.12
ath_005,club_01,2024-01-26,sprints,pre-comp,27,F,7,77.37,2,4,1,2.09,3.78,1.16,0.59,0,60,8,480,423.2,904.2,0.468,0,0,0.837,0.878,5.27,technique,0.86,0.149,0.0
ath_005,club_01,2024-01-27,sprints,pre-comp,27,F,7,77.37,2,4,5,1.78,3.49,4.76,0.832,1,75,6,450,427.3,881.5,0.485,0,0,0.828,0.848,5.38,speed,0.9,0.196,0.11
ath_005,club_01,2024-01-28,sprints,pre-comp,27,F,7,77.37,2,3,2,1.95,2.45,1.38,0.525,1,75,8,600,453.2,867.4,0.522,0,0,0.949,0.854,5.33,technique,0.85,0.197,0.0
ath_005,club_01,2024-01-29,sprints,pre-comp,27,F,7,77.37,2,3,3,2.27,2.61,3.18,0.635,1,60,6,360,439.2,842.0,0.522,0,0,0.94,0.838,5.65,speed,0.87,0.142,0.0
ath_005,club_01,2024-01-30,sprints,pre-comp,27,F,7,77.37,2,1,3,2.43,1.0,3.15,0.514,0,0,0,0,373.3,799.9,0.467,0,0,0.908,0.972,5.55,speed,0.85,0.213,0.0
ath_005,club_01,2024-01-31,sprints,competition,27,F,7,77.37,2,4,4,1.86,4.19,3.79,0.808,1,75,6,450,384.8,782.4,0.492,0,0,0.957,0.981,4.91,recovery,0.9,0.188,0.11
ath_005,club_01,2024-02-01,sprints,competition,27,F,7,77.37,1,4,4,1.31,4.36,3.82,0.858,0,60,9,540,408.1,770.3,0.53,0,0,0.753,0.816,4.37,speed,0.9,0.083,0.12
ath_005,club_01,2024-02-02,sprints,competition,27,F,7,77.37,2,1,5,2.49,1.53,5.0,0.669,0,75,9,675,448.1,765.6,0.585,0,0,0.895,0.914,5.27,recovery,0.88,0.125,0.0
ath_005,club_01,2024-02-03,sprints,competition,27,F,7,77.37,2,4,4,1.58,4.34,4.16,0.861,1,75,6,450,448.4,749.8,0.598,0,0,0.985,0.901,5.29,speed,0.9,0.159,0.12
ath_005,club_01,2024-02-04,sprints,competition,27,F,7,77.37,4,4,2,4.48,4.11,1.89,0.501,2,105,6,630,475.7,743.8,0.639,0,0,0.926,0.891,6.59,speed,0.6,0.4,-0.3
ath_005,club_01,2024-02-05,sprints,competition,27,F,7,77.37,1,4,4,1.1,4.57,3.86,0.889,1,75,8,600,494.3,736.6,0.671,0,0,0.884,0.898,4.53,speed,0.91,0.041,0.12
ath_005,club_01,2024-02-06,sprints,competition,27,F,7,77.37,1,5,4,1.0,4.96,4.28,0.949,1,75,7,525,498.9,726.0,0.687,0,0,0.923,0.919,4.93,speed,0.92,0.086,0.12
ath_005,club_01,2024-02-07,sprints,competition,27,F,7,77.37,3,2,3,2.85,2.09,3.02,0.551,1,60,5,300,469.1,704.7,0.666,0,0,0.985,0.955,5.84,speed,0.86,0.264,0.0
ath_005,club_01,2024-02-08,sprints,competition,27,F,7,77.37,2,4,5,1.88,4.41,4.97,0.9,1,60,7,420,461.7,690.5,0.669,0,0,0.817,0.82,4.43,speed,0.91,0.119,0.12
ath_005,club_01,2024-02-09,sprints,competition,27,F,7,77.37,3,3,3,2.86,2.87,3.33,0.622,1,60,8,480,464.5,680.0,0.683,0,0,0.918,0.813,6.04,speed,0.87,0.273,0.0
ath_005,club_01,2024-02-10,sprints,competition,27,F,7,77.37,1,5,3,1.0,4.95,3.41,0.891,0,0,0,0,394.8,646.0,0.611,0,0,0.87,0.956,4.96,speed,0.91,0.053,0.12
ath_005,club_01,2024-02-11,sprints,competition,27,F,7,77.37,2,5,3,1.97,4.64,2.3,0.732,0,90,9,810,457.1,654.2,0.699,0,0,0.837,0.909,5.57,recovery,0.88,0.139,0.1
ath_005,club_01,2024-02-12,sprints,competition,27,F,7,77.37,4,1,4,4.37,1.0,4.29,0.461,2,75,8,600,478.5,651.5,0.735,0,0,0.781,0.94,6.24,speed,0.6,0.438,-0.3
ath_005,club_01,2024-02-13,sprints,competition,27,F,7,77.37,3,5,4,3.01,5.0,3.95,0.796,1,90,8,720,514.7,654.9,0.786,0,0,0.993,0.986,5.13,speed,0.89,0.319,0.11
ath_005,club_01,2024-02-14,sprints,competition,27,F,7,77.37,3,3,5,3.06,3.25,5.0,0.746,1,75,6,450,505.0,644.6,0.783,0,0,0.786,0.875,6.44,recovery,0.89,0.268,0.1
ath_005,club_01,2024-02-15,sprints,transition,27,F,7,77.37,2,5,4,1.93,5.0,4.68,0.917,0,60,5,300,474.3,627.4,0.756,0,0,0.816,0.8,5.18,speed,0.91,0.181,0.12
ath_005,club_01,2024-02-16,sprints,transition,27,F,7,77.37,3,3,4,2.7,2.76,4.21,0.685,0,75,5,375,459.4,614.8,0.747,0,0,0.977,0.894,5.81,speed,0.88,0.272,0.0
ath_005,club_01,2024-02-17,sprints,transition,27,F,7,77.37,2,4,4,2.14,4.35,3.89,0.807,0,105,6,630,485.0,615.5,0.788,0,0,0.919,0.953,5.51,speed,0.9,0.158,0.11
ath_005,club_01,2024-02-18,sprints,transition,27,F,7,77.37,2,4,4,1.57,4.24,3.77,0.829,1,0,0,0,412.2,584.8,0.705,0,0,0.762,0.945,5.5,speed,0.9,0.124,0.11
ath_005,club_01,2024-02-19,sprints,transition,27,F,7,77.37,1,3,5,1.23,3.57,5.0,0.89,0,75,7,525,429.1,581.8,0.738,0,0,0.809,0.935,5.4,speed,0.91,0.053,0.12
ath_006,club_02,2024-01-01,jumps,off-season,21,M,5,88.94,1,1,5,1.36,1.51,4.67,0.721,1,75,7,525,1955.4,1579.0,1.238,0,0,0.962,0.989,6.83,endurance,0.88,0.037,0.0
ath_006,club_02,2024-01-02,jumps,off-season,21,M,5,88.94,1,5,1,1.29,4.76,1.0,0.698,0,90,5,450,1729.6,1522.5,1.136,0,0,0.828,0.868,6.43,strength,0.88,0.026,0.0
ath_006,club_02,2024-01-03,jumps,off-season,21,M,5,88.94,1,5,5,1.0,5.0,4.98,0.999,1,60,6,360,1524.1,1464.4,1.041,0,0,0.797,0.801,5.58,strength,0.92,0.058,0.13
ath_006,club_02,2024-01-04,jumps,off-season,21,M,5,88.94,1,3,3,1.22,3.33,2.97,0.739,1,0,0,0,1295.5,1391.2,0.931,0,0,0.853,0.88,5.84,endurance,0.89,0.068,0.1
ath_006,club_02,2024-01-05,jumps,off-season,21,M,5,88.94,1,3,3,1.07,3.08,2.98,0.733,1,60,5,300,1146.2,1336.6,0.858,0,0,0.822,0.899,5.3,strength,0.88,0.01,0.1
ath_006,club_02,2024-01-06,jumps,off-season,21,M,5,88.94,1,2,4,1.6,2.26,4.38,0.736,1,105,8,840,1100.3,1311.8,0.839,0,0,0.776,0.975,6.53,strength,0.89,0.057,0.1
ath_006,club_02,2024-01-07,jumps,off-season,21,M,5,88.94,2,5,2,1.78,4.93,1.57,0.715,0,60,9,540,1016.2,1273.2,0.798,0,0,0.899,0.948,5.93,strength,0.88,0.183,0.1
ath_006,club_02,2024-01-08,jumps,off-season,21,M,5,88.94,1,3,4,1.62,2.86,3.54,0.719,1,60,9,540,944.8,1236.5,0.764,0,0,0.815,0.994,4.91,strength,0.88,0.024,0.1
ath_006,club_02,2024-01-09,jumps,off-season,21,M,5,88.94,1,4,4,1.15,3.54,4.32,0.848,0,60,5,300,848.1,1189.7,0.713,0,0,0.769,0.979,4.99,endurance,0.9,0.014,0.11
ath_006,club_02,2024-01-10,jumps,off-season,21,M,5,88.94,3,3,5,3.06,3.45,5.0,0.759,0,75,9,675,822.1,1164.0,0.706,0,0,0.865,0.861,5.51,strength,0.89,0.303,0.11
ath_006,club_02,2024-01-11,jumps,off-season,21,M,5,88.94,1,4,4,1.02,4.13,3.9,0.868,1,60,6,360,752.8,1123.8,0.67,0,0,0.81,0.902,5.11,endurance,0.91,0.052,0.12
ath_006,club_02,2024-01-12,jumps,off-season,21,M,5,88.94,2,3,4,1.95,3.13,4.36,0.769,0,105,8,840,765.9,1109.6,0.69,0,0,0.975,0.992,6.01,strength,0.89,0.159,0.11
ath_006,club_02,2024-01-13,jumps,off-season,21,M,5,88.94,2,3,3,1.87,2.84,3.56,0.702,0,60,7,420,714.0,1075.1,0.664,0,0,0.808,0.9,5.59,endurance,0.88,0.177,0.1
ath_006,club_02,2024-01-14,jumps,off-season,21,M,5,88.94,2,4,4,2.21,3.85,4.4,0.803,1,75,9,675,708.1,1055.1,0.671,0,0,0.956,0.829,5.29,endurance,0.9,0.208,0.11
ath_006,club_02,2024-01-15,jumps,off-season,21,M,5,88.94,2,3,5,2.09,2.52,5.0,0.762,1,60,6,360,655.9,1020.3,0.643,0,0,0.831,0.808,5.19,strength,0.89,0.167,0.11
ath_006,club_02,2024-01-16,jumps,pre-comp,21,M,5,88.94,3,3,4,3.13,3.4,3.86,0.676,0,90,5,450,625.0,991.8,0.63,0,0,0.864,0.956,4.6,speed,0.88,0.249,0.0
ath_006,club_02,2024-01-17,jumps,pre-comp,21,M,5,88.94,1,2,5,1.0,2.38,4.9,0.819,1,75,8,600,621.3,972.2,0.639,0,0,0.861,0.959,4.99,technique,0.9,0.018,0.11
ath_006,club_02,2024-01-18,jumps,pre-comp,21,M,5,88.94,3,2,3,3.38,1.89,2.85,0.49,1,60,6,360,582.1,941.6,0.618,0,0,0.819,0.807,6.0,technique,0.85,0.289,0.0
ath_006,club_02,2024-01-19,jumps,pre-comp,21,M,5,88.94,3,5,4,2.48,5.0,4.01,0.835,0,60,6,360,548.8,912.5,0.601,0,0,0.884,0.913,5.17,technique,0.9,0.291,0.11
ath_006,club_02,2024-01-20,jumps,pre-comp,21,M,5,88.94,1,2,4,1.0,1.66,3.74,0.694,1,60,9,540,547.5,893.9,0.612,0,0,0.983,0.819,4.65,technique,0.88,0.032,0.0
ath_006,club_02,2024-01-21,jumps,pre-comp,21,M,5,88.94,1,3,4,1.0,2.89,3.69,0.772,1,0,0,0,465.3,849.2,0.548,0,0,0.888,0.843,4.43,speed,0.89,0.066,0.11
ath_006,club_02,2024-01-22,jumps,pre-comp,21,M,5,88.94,2,4,3,1.92,4.47,2.74,0.753,0,75,6,450,463.0,829.3,0.558,0,0,0.812,0.995,4.64,speed,0.89,0.133,0.11
ath_006,club_02,2024-01-23,jumps,pre-comp,21,M,5,88.94,1,2,4,1.04,1.66,4.14,0.717,1,90,5,450,461.1,810.3,0.569,0,0,0.918,0.854,6.12,speed,0.88,0.068,0.1
ath_006,club_02,2024-01-24,jumps,pre-comp,21,M,5,88.94,2,5,3,2.33,4.49,2.38,0.703,1,75,6,450,459.4,792.3,0.58,0,0,0.833,0.913,5.2,technique,0.88,0.183,0.1
ath_006,club_02,2024-01-25,jumps,pre-comp,21,M,5,88.94,2,5,4,1.5,5.0,3.74,0.883,1,90,6,540,471.5,779.7,0.605,0,0,0.824,0.842,3.57,technique,0.91,0.188,0.12
ath_006,club_02,2024-01-26,jumps,pre-comp,21,M,5,88.94,1,2,5,1.0,2.21,4.98,0.813,0,75,9,675,502.0,774.4,0.648,0,0,0.906,0.949,5.27,technique,0.9,0.02,0.11
ath_006,club_02,2024-01-27,jumps,pre-comp,21,M,5,88.94,1,4,3,1.0,3.93,3.02,0.797,0,75,6,450,494.2,758.2,0.652,0,0,0.815,0.806,5.09,technique,0.89,0.093,0.11
ath_006,club_02,2024-01-28,jumps,pre-comp,21,M,5,88.94,1,3,4,1.0,3.12,4.38,0.833,1,105,9,945,561.8,767.5,0.732,0,0,0.891,0.9,4.6,technique,0.9,0.082,0.11
ath_006,club_02,2024-01-29,jumps,pre-comp,21,M,5,88.94,2,2,4,2.03,2.05,4.35,0.691,1,60,9,540,558.6,756.2,0.739,0,0,0.895,0.851,6.17,technique,0.88,0.146,0.0
ath_006,club_02,2024-01-30,jumps,pre-comp,21,M,5,88.94,2,1,4,1.89,1.0,3.89,0.6,1,105,9,945,616.5,765.6,0.805,0,0,0.981,0.892,5.31,technique,0.86,0.17,0.0
ath_006,club_02,2024-01-31,jumps,competition,21,M,5,88.94,2,3,3,1.73,3.41,3.35,0.736,0,90,9,810,645.6,767.8,0.841,0,0,0.956,0.98,5.83,speed,0.89,0.157,0.1
ath_006,club_02,2024-02-01,jumps,competition,21,M,5,88.94,2,5,3,2.36,4.81,2.91,0.758,0,75,5,375,605.0,748.2,0.809,0,0,0.957,0.995,5.33,speed,0.89,0.164,0.11
ath_006,club_02,2024-02-02,jumps,competition,21,M,5,88.94,3,4,3,3.5,3.72,2.65,0.591,0,75,5,375,570.5,729.5,0.782,0,0,0.841,0.948,6.55,speed,0.86,0.296,0.0
ath_006,club_02,2024-02-03,jumps,competition,21,M,5,88.94,1,5,4,1.0,4.65,4.13,0.919,1,105,7,735,595.2,729.8,0.815,0,0,0.942,0.862,5.75,speed,0.91,0.049,0.12
ath_006,club_02,2024-02-04,jumps,competition,21,M,5,88.94,1,4,4,1.28,3.77,4.31,0.854,0,60,7,420,568.9,714.3,0.796,0,0,0.896,0.909,5.52,speed,0.9,0.083,0.12
ath_006,club_02,2024-02-05,jumps,competition,21,M,5,88.94,1,4,4,1.14,4.25,4.07,0.879,1,60,5,300,528.5,693.6,0.762,0,0,0.886,0.827,5.59,speed,0.91,0.072,0.12
ath_006,club_02,2024-02-06,jumps,competition,21,M,5,88.94,4,4,4,3.69,4.37,3.71,0.692,1,105,9,945,591.0,706.2,0.837,0,0,0.919,0.861,6.55,speed,0.6,0.453,-0.3
ath_006,club_02,2024-02-07,jumps,competition,21,M,5,88.94,1,4,3,1.07,4.02,2.36,0.754,1,90,9,810,623.9,711.4,0.877,0,0,0.765,0.9,5.92,speed,0.89,0.049,0.11
ath_006,club_02,2024-02-08,jumps,competition,21,M,5,88.94,2,4,4,2.05,4.15,4.73,0.856,0,75,5,375,586.5,694.5,0.844,0,0,0.778,0.974,5.21,speed,0.9,0.184,0.12
ath_006,club_02,2024-02-09,jumps,competition,21,M,5,88.94,1,4,4,1.0,4.06,4.31,0.891,0,60,6,360,552.6,677.8,0.815,0,0,0.814,0.859,6.05,speed,0.91,0.06,0.12
ath_006,club_02,2024-02-10,jumps,competition,21,M,5,88.94,1,3,5,1.59,2.58,5.0,0.799,1,75,7,525,548.4,670.2,0.818,0,0,0.8,0.863,6.13,recovery,0.89,0.043,0.11
ath_006,club_02,2024-02-11,jumps,competition,21,M,5,88.94,1,3,4,1.21,3.13,3.24,0.744,0,60,6,360,520.2,654.7,0.795,0,0,0.999,0.802,5.87,speed,0.89,0.088,0.1
ath_006,club_02,2024-02-12,jumps,competition,21,M,5,88.94,3,1,3,3.6,1.0,2.83,0.416,0,75,9,675,543.4,655.7,0.829,0,0,0.797,0.892,6.65,recovery,0.84,0.301,0.0
ath_006,club_02,2024-02-13,jumps,competition,21,M,5,88.94,3,3,4,3.07,3.34,3.83,0.674,1,60,8,480,533.9,646.9,0.825,0,0,0.805,0.987,4.96,speed,0.88,0.245,0.0
ath_006,club_02,2024-02-14,jumps,competition,21,M,5,88.94,1,5,3,1.33,5.0,3.42,0.873,1,75,7,525,532.5,640.8,0.831,0,0,0.959,0.909,5.57,speed,0.91,0.063,0.12
ath_006,club_02,2024-02-15,jumps,transition,21,M,5,88.94,1,4,3,1.0,3.29,2.9,0.746,0,90,9,810,574.2,649.3,0.884,0,0,0.799,0.895,6.25,recovery,0.89,0.133,0.1
ath_006,club_02,2024-02-16,jumps,transition,21,M,5,88.94,1,3,2,1.05,2.6,1.88,0.628,0,105,6,630,582.5,648.3,0.899,0,0,0.897,0.891,6.27,speed,0.87,0.069,0.0
ath_006,club_02,2024-02-17,jumps,transition,21,M,5,88.94,2,3,2,2.22,3.29,1.37,0.563,1,75,9,675,596.4,649.6,0.918,0,0,0.918,0.834,6.38,recovery,0.86,0.157,0.0
ath_006,club_02,2024-02-18,jumps,transition,21,M,5,88.94,2,4,4,2.02,4.15,3.61,0.783,1,0,0,0,506.9,617.2,0.821,0,0,0.795,0.96,5.58,speed,0.89,0.128,0.11
ath_006,club_02,2024-02-19,jumps,transition,21,M,5,88.94,4,2,3,4.79,2.36,2.67,0.415,2,90,7,630,525.4,617.8,0.85,0,0,0.958,0.845,6.14,recovery,0.6,0.359,-0.3
ath_007,club_03,2024-01-01,throws,off-season,21,F,7,87.97,2,5,5,1.83,5.0,5.0,0.944,1,90,5,450,1895.1,1751.5,1.082,0,0,0.999,0.827,6.25,endurance,0.92,0.14,0.12
ath_007,club_03,2024-01-02,throws,off-season,21,F,7,87.97,1,5,5,1.0,4.47,4.67,0.943,0,105,5,525,1689.6,1690.2,1.0,0,0,0.917,0.897,4.74,strength,0.92,0.018,0.12
ath_007,club_03,2024-01-03,throws,off-season,21,F,7,87.97,2,3,4,1.84,3.21,3.82,0.746,0,75,9,675,1537.4,1639.4,0.938,0,0,0.815,0.939,5.92,strength,0.89,0.19,0.1
ath_007,club_03,2024-01-04,throws,off-season,21,F,7,87.97,2,4,2,2.25,4.05,1.89,0.646,1,60,9,540,1387.8,1584.5,0.876,0,0,0.822,0.801,5.38,endurance,0.87,0.169,0.0
ath_007,club_03,2024-01-05,throws,off-season,21,F,7,87.97,1,4,5,1.0,4.41,4.89,0.954,0,60,7,420,1242.6,1526.2,0.814,0,0,0.799,0.805,4.85,endurance,0.92,0.078,0.13
ath_007,club_03,2024-01-06,throws,off-season,21,F,7,87.97,2,5,4,2.06,4.75,3.65,0.823,0,90,7,630,1150.7,1481.4,0.777,0,0,0.817,0.84,5.06,strength,0.9,0.138,0.11
ath_007,club_03,2024-01-07,throws,off-season,21,F,7,87.97,2,4,4,1.55,4.03,3.78,0.817,0,0,0,0,978.1,1407.3,0.695,0,0,0.901,0.877,4.61,endurance,0.9,0.137,0.11
ath_007,club_03,2024-01-08,throws,off-season,21,F,7,87.97,1,3,4,1.0,3.57,4.23,0.853,1,90,9,810,952.9,1377.5,0.692,0,0,0.954,0.804,4.79,strength,0.9,0.07,0.12
ath_007,club_03,2024-01-09,throws,off-season,21,F,7,87.97,2,3,2,1.46,2.68,2.6,0.655,1,0,0,0,810.0,1308.6,0.619,0,0,0.802,0.995,5.63,endurance,0.87,0.165,0.0
ath_007,club_03,2024-01-10,throws,off-season,21,F,7,87.97,3,4,4,3.12,3.98,4.15,0.734,1,105,8,840,814.5,1285.2,0.634,0,0,0.802,0.901,5.09,endurance,0.89,0.237,0.1
ath_007,club_03,2024-01-11,throws,off-season,21,F,7,87.97,3,3,4,3.4,2.79,3.55,0.596,0,60,5,300,737.3,1235.9,0.597,0,0,0.976,0.853,5.24,endurance,0.86,0.295,0.0
ath_007,club_03,2024-01-12,throws,off-season,21,F,7,87.97,2,4,5,1.77,3.83,5.0,0.871,1,90,6,540,707.7,1201.1,0.589,0,0,0.774,0.971,4.71,endurance,0.91,0.165,0.12
ath_007,club_03,2024-01-13,throws,off-season,21,F,7,87.97,1,3,3,1.0,2.97,2.67,0.709,0,0,0,0,601.6,1141.1,0.527,0,0,0.953,0.989,5.53,strength,0.88,0.081,0.1
ath_007,club_03,2024-01-14,throws,off-season,21,F,7,87.97,2,3,5,2.26,3.16,5.0,0.793,0,60,7,420,574.3,1105.0,0.52,0,0,0.797,0.944,5.95,strength,0.89,0.178,0.11
ath_007,club_03,2024-01-15,throws,off-season,21,F,7,87.97,3,5,4,3.14,5.0,3.71,0.771,0,0,0,0,488.2,1049.8,0.465,0,0,0.826,0.828,5.48,endurance,0.89,0.258,0.11
ath_007,club_03,2024-01-16,throws,pre-comp,21,F,7,87.97,1,3,5,1.0,3.29,5.0,0.886,1,60,7,420,477.9,1018.3,0.469,0,0,0.944,0.879,4.75,speed,0.91,0.051,0.12
ath_007,club_03,2024-01-17,throws,pre-comp,21,F,7,87.97,2,3,4,1.8,2.96,3.82,0.732,0,75,9,675,507.5,1001.1,0.507,0,0,0.916,0.919,4.15,speed,0.88,0.212,0.1
ath_007,club_03,2024-01-18,throws,pre-comp,21,F,7,87.97,1,5,4,1.0,5.0,4.16,0.944,1,75,5,375,487.6,969.8,0.503,0,0,0.899,0.999,4.79,speed,0.92,0.046,0.12
ath_007,club_03,2024-01-19,throws,pre-comp,21,F,7,87.97,1,3,4,1.21,3.87,4.25,0.86,0,60,5,300,459.5,936.3,0.491,0,0,0.78,0.814,4.48,technique,0.9,0.046,0.12
ath_007,club_03,2024-01-20,throws,pre-comp,21,F,7,87.97,1,4,3,1.22,3.82,3.1,0.78,1,75,5,375,446.8,908.2,0.492,0,0,0.979,0.822,5.25,speed,0.89,0.026,0.11
ath_007,club_03,2024-01-21,throws,pre-comp,21,F,7,87.97,2,2,4,2.03,2.61,4.08,0.711,1,90,7,630,474.3,894.3,0.53,0,0,0.83,0.912,5.22,speed,0.88,0.18,0.1
ath_007,club_03,2024-01-22,throws,pre-comp,21,F,7,87.97,2,5,3,2.07,5.0,2.83,0.784,1,75,5,375,459.4,868.4,0.529,0,0,0.976,0.814,5.05,speed,0.89,0.137,0.11
ath_007,club_03,2024-01-23,throws,pre-comp,21,F,7,87.97,2,2,3,1.38,1.97,2.95,0.637,0,75,9,675,491.7,858.7,0.573,0,0,0.829,0.935,5.4,technique,0.87,0.177,0.0
ath_007,club_03,2024-01-24,throws,pre-comp,21,F,7,87.97,1,3,1,1.13,3.05,1.39,0.621,0,90,5,450,485.5,838.3,0.579,0,0,0.793,0.895,5.34,speed,0.87,0.063,0.0
ath_007,club_03,2024-01-25,throws,pre-comp,21,F,7,87.97,2,3,2,2.02,3.07,2.32,0.625,0,90,7,630,507.2,827.9,0.613,0,0,0.848,0.909,5.65,speed,0.87,0.143,0.0
ath_007,club_03,2024-01-26,throws,pre-comp,21,F,7,87.97,1,4,4,1.15,3.76,4.1,0.847,1,90,8,720,539.1,822.5,0.655,0,0,0.772,0.875,4.87,speed,0.9,0.047,0.11
ath_007,club_03,2024-01-27,throws,pre-comp,21,F,7,87.97,4,5,3,4.01,5.0,3.01,0.667,2,75,3,225,492.0,792.6,0.621,1,0,0.845,0.955,6.06,recovery,0.6,0.596,-0.3
ath_007,club_03,2024-01-28,throws,pre-comp,21,F,7,87.97,3,1,3,2.56,1.16,3.27,0.525,0,105,5,525,496.9,779.2,0.638,1,0,0.767,0.867,6.42,recovery,0.75,0.397,0.0
ath_007,club_03,2024-01-29,throws,pre-comp,21,F,7,87.97,4,1,2,3.87,1.0,2.02,0.343,1,90,4,360,476.4,758.2,0.628,1,0,0.911,0.92,6.61,recovery,0.6,0.53,-0.3
ath_007,club_03,2024-01-30,throws,pre-comp,21,F,7,87.97,5,1,2,5.0,1.1,1.3,0.226,1,90,4,360,458.9,738.3,0.622,1,0,0.836,0.937,6.72,recovery,0.5,0.675,-0.35
ath_007,club_03,2024-01-31,throws,competition,21,F,7,87.97,4,1,1,3.86,1.0,1.0,0.276,2,0,0,0,390.1,701.4,0.556,1,0,0.953,0.869,6.5,recovery,0.6,0.565,-0.3
ath_007,club_03,2024-02-01,throws,competition,21,F,7,87.97,4,2,1,3.71,2.46,1.72,0.432,2,75,3,225,365.3,677.6,0.539,1,0,0.932,0.86,5.57,recovery,0.6,0.573,-0.3
ath_007,club_03,2024-02-02,throws,competition,21,F,7,87.97,5,1,1,5.0,1.07,1.0,0.205,1,75,6,450,378.0,666.2,0.567,1,0,0.772,0.897,6.74,recovery,0.5,0.647,-0.35
ath_007,club_03,2024-02-03,throws,competition,21,F,7,87.97,4,3,1,4.26,3.45,1.12,0.421,1,105,5,525,400.1,659.2,0.607,1,0,0.828,0.945,6.45,recovery,0.6,0.574,-0.3
ath_007,club_03,2024-02-04,throws,competition,21,F,7,87.97,5,2,2,5.0,2.11,1.83,0.33,2,60,6,360,394.1,644.2,0.612,1,0,0.766,0.877,6.48,recovery,0.5,0.649,-0.35
ath_007,club_03,2024-02-05,throws,competition,21,F,7,87.97,4,2,2,4.72,1.8,1.72,0.32,2,60,4,240,371.0,624.0,0.594,1,0,0.757,0.876,6.56,recovery,0.6,0.531,-0.3
ath_007,club_03,2024-02-06,throws,competition,21,F,7,87.97,4,2,3,4.56,2.07,2.9,0.427,2,60,4,240,351.3,604.8,0.581,1,0,0.878,0.886,5.54,recovery,0.6,0.519,-0.3
ath_007,club_03,2024-02-07,throws,competition,21,F,7,87.97,4,1,2,3.65,1.57,1.98,0.394,2,90,7,630,393.1,606.0,0.649,0,0,0.994,0.915,6.92,recovery,0.6,0.37,-0.3
ath_007,club_03,2024-02-08,throws,competition,21,F,7,87.97,1,5,2,1.0,5.0,2.07,0.805,0,60,7,420,397.1,596.7,0.666,0,0,0.835,0.974,4.68,speed,0.9,0.066,0.11
ath_007,club_03,2024-02-09,throws,competition,21,F,7,87.97,1,4,3,1.13,4.05,2.45,0.758,1,90,9,810,459.1,607.4,0.756,0,0,0.831,0.912,5.7,speed,0.89,0.076,0.11
ath_007,club_03,2024-02-10,throws,competition,21,F,7,87.97,4,4,5,4.17,4.16,4.79,0.719,2,60,5,300,435.2,592.0,0.735,0,0,0.792,0.876,5.6,speed,0.6,0.412,-0.3
ath_007,club_03,2024-02-11,throws,competition,21,F,7,87.97,2,3,4,2.04,3.95,3.66,0.771,0,75,8,600,459.9,592.4,0.776,0,0,0.784,0.946,5.3,recovery,0.89,0.193,0.11
ath_007,club_03,2024-02-12,throws,competition,21,F,7,87.97,2,4,5,1.93,4.26,5.0,0.889,1,90,9,810,512.4,603.3,0.849,0,0,0.759,0.895,4.95,speed,0.91,0.219,0.12
ath_007,club_03,2024-02-13,throws,competition,21,F,7,87.97,2,2,5,2.11,1.9,4.47,0.684,0,75,9,675,536.8,606.9,0.885,0,0,0.857,0.815,5.73,speed,0.88,0.152,0.0
ath_007,club_03,2024-02-14,throws,competition,21,F,7,87.97,3,2,4,2.98,1.83,3.86,0.58,0,0,0,0,456.3,576.6,0.791,0,0,0.848,0.923,6.42,recovery,0.86,0.329,0.0
ath_007,club_03,2024-02-15,throws,transition,21,F,7,87.97,2,4,5,1.61,4.21,5.0,0.907,0,60,8,480,459.9,571.7,0.804,0,0,0.925,0.857,4.9,speed,0.91,0.234,0.12
ath_007,club_03,2024-02-16,throws,transition,21,F,7,87.97,3,3,3,2.63,3.05,2.95,0.625,0,105,9,945,532.6,590.4,0.902,0,0,0.963,0.912,6.06,speed,0.87,0.287,0.0
ath_007,club_03,2024-02-17,throws,transition,21,F,7,87.97,2,2,4,2.12,2.07,3.7,0.643,1,105,8,840,578.7,602.9,0.96,0,0,0.951,0.832,5.74,recovery,0.87,0.175,0.0
ath_007,club_03,2024-02-18,throws,transition,21,F,7,87.97,1,3,5,1.0,3.32,5.0,0.888,0,75,8,600,581.9,602.7,0.965,0,0,0.802,0.939,5.29,recovery,0.91,0.05,0.12
ath_007,club_03,2024-02-19,throws,transition,21,F,7,87.97,1,4,5,1.04,4.19,4.79,0.93,1,60,7,420,557.6,593.6,0.939,0,0,0.96,0.962,4.79,speed,0.91,0.023,0.12
ath_008,club_04,2024-01-01,sprints,off-season,27,F,5,82.21,1,4,4,1.0,4.07,4.37,0.896,1,90,7,630,1247.9,2289.6,0.545,0,0,0.981,1.0,4.29,strength,0.91,0.027,0.12
ath_008,club_04,2024-01-02,sprints,off-season,27,F,5,82.21,2,3,3,1.68,2.96,2.89,0.678,0,105,6,630,1155.2,2206.6,0.524,0,0,0.844,0.96,5.74,strength,0.88,0.164,0.0
ath_008,club_04,2024-01-03,sprints,off-season,27,F,5,82.21,4,3,3,3.89,2.84,3.13,0.539,2,75,5,375,1038.2,2115.1,0.491,0,0,0.825,0.895,5.58,strength,0.6,0.375,-0.3
ath_008,club_04,2024-01-04,sprints,off-season,27,F,5,82.21,1,4,5,1.0,4.33,4.82,0.943,1,60,5,300,927.5,2024.3,0.458,0,0,0.925,0.882,4.29,endurance,0.92,0.05,0.12
ath_008,club_04,2024-01-05,sprints,off-season,27,F,5,82.21,2,1,3,2.35,1.01,2.35,0.468,0,105,7,735,898.6,1959.8,0.459,0,0,0.949,0.973,5.61,strength,0.85,0.099,0.0
ath_008,club_04,2024-01-06,sprints,off-season,27,F,5,82.21,4,4,2,3.85,4.19,2.11,0.564,2,75,5,375,820.1,1880.6,0.436,0,0,0.957,0.912,4.74,strength,0.6,0.413,-0.3
ath_008,club_04,2024-01-07,sprints,off-season,27,F,5,82.21,3,3,3,3.3,2.79,2.54,0.535,1,0,0,0,697.1,1786.6,0.39,0,0,0.769,0.875,5.41,endurance,0.86,0.289,0.0
ath_008,club_04,2024-01-08,sprints,off-season,27,F,5,82.21,1,2,4,1.0,2.08,3.85,0.729,0,60,7,420,655.5,1718.2,0.381,0,0,0.909,0.953,5.15,strength,0.88,0.046,0.1
ath_008,club_04,2024-01-09,sprints,off-season,27,F,5,82.21,1,4,2,1.02,3.5,2.02,0.7,0,75,9,675,658.4,1666.1,0.395,0,0,0.904,0.985,5.03,endurance,0.88,0.01,0.0
ath_008,club_04,2024-01-10,sprints,off-season,27,F,5,82.21,1,5,2,1.17,4.8,1.53,0.744,0,75,5,375,615.9,1601.5,0.385,0,0,0.897,0.964,4.42,endurance,0.89,0.01,0.1
ath_008,club_04,2024-01-11,sprints,off-season,27,F,5,82.21,2,2,2,1.98,2.33,1.77,0.541,0,0,0,0,523.5,1521.4,0.344,0,0,0.893,0.982,5.98,strength,0.86,0.171,0.0
ath_008,club_04,2024-01-12,sprints,off-season,27,F,5,82.21,1,3,4,1.17,3.13,3.9,0.791,1,75,5,375,501.2,1464.1,0.342,0,0,0.885,0.907,4.14,endurance,0.89,0.04,0.11
ath_008,club_04,2024-01-13,sprints,off-season,27,F,5,82.21,3,4,4,2.91,3.82,4.08,0.733,1,60,7,420,489.1,1411.9,0.346,0,0,0.843,0.954,4.54,strength,0.88,0.243,0.1
ath_008,club_04,2024-01-14,sprints,off-season,27,F,5,82.21,2,4,4,1.65,4.32,3.84,0.834,0,90,7,630,510.2,1372.8,0.372,0,0,0.797,0.95,4.32,strength,0.9,0.158,0.11
ath_008,club_04,2024-01-15,sprints,off-season,27,F,5,82.21,1,4,5,1.29,4.39,4.89,0.933,1,0,0,0,433.7,1304.2,0.333,0,0,0.896,0.944,4.38,strength,0.91,0.047,0.12
ath_008,club_04,2024-01-16,sprints,pre-comp,27,F,5,82.21,2,5,3,1.73,5.0,3.87,0.876,1,105,7,735,478.9,1275.7,0.375,0,0,0.974,0.993,3.67,speed,0.91,0.152,0.12
ath_008,club_04,2024-01-17,sprints,pre-comp,27,F,5,82.21,2,3,4,1.96,2.84,3.59,0.698,1,0,0,0,407.0,1211.9,0.336,0,0,0.987,0.942,4.44,speed,0.88,0.173,0.0
ath_008,club_04,2024-01-18,sprints,pre-comp,27,F,5,82.21,3,4,4,3.48,4.23,4.46,0.747,0,90,5,450,413.5,1173.8,0.352,0,0,0.874,0.802,4.89,speed,0.89,0.29,0.1
ath_008,club_04,2024-01-19,sprints,pre-comp,27,F,5,82.21,2,4,5,2.05,4.13,4.54,0.842,0,75,7,525,430.2,1141.4,0.377,0,0,0.886,0.825,4.49,speed,0.9,0.148,0.11
ath_008,club_04,2024-01-20,sprints,pre-comp,27,F,5,82.21,2,4,3,1.8,3.93,3.31,0.763,1,75,8,600,455.7,1114.3,0.409,0,0,0.81,0.814,4.37,speed,0.89,0.143,0.11
ath_008,club_04,2024-01-21,sprints,pre-comp,27,F,5,82.21,3,5,5,2.83,4.8,4.79,0.851,1,75,5,375,443.6,1077.4,0.412,0,0,0.923,0.953,4.86,speed,0.9,0.272,0.12
ath_008,club_04,2024-01-22,sprints,pre-comp,27,F,5,82.21,2,4,4,2.27,4.05,3.72,0.767,0,105,5,525,455.8,1049.7,0.434,0,0,0.979,0.831,5.04,speed,0.89,0.217,0.11
ath_008,club_04,2024-01-23,sprints,pre-comp,27,F,5,82.21,2,3,4,2.1,3.68,3.41,0.733,0,90,6,540,468.4,1024.3,0.457,0,0,0.781,0.93,4.98,speed,0.88,0.228,0.1
ath_008,club_04,2024-01-24,sprints,pre-comp,27,F,5,82.21,1,4,3,1.0,4.08,3.24,0.821,0,60,6,360,452.2,991.0,0.456,0,0,0.911,0.967,5.49,speed,0.9,0.079,0.11
ath_008,club_04,2024-01-25,sprints,pre-comp,27,F,5,82.21,2,1,4,1.48,1.0,3.67,0.613,1,0,0,0,384.3,941.5,0.408,0,0,1.0,0.844,5.33,speed,0.87,0.159,0.0
ath_008,club_04,2024-01-26,sprints,pre-comp,27,F,5,82.21,2,4,3,2.79,4.05,3.05,0.687,1,105,8,840,452.7,936.4,0.483,0,0,0.911,0.863,4.69,speed,0.88,0.187,0.0
ath_008,club_04,2024-01-27,sprints,pre-comp,27,F,5,82.21,3,2,3,3.15,2.25,3.1,0.546,0,90,9,810,506.3,930.1,0.544,0,0,0.965,0.834,5.54,speed,0.86,0.334,0.0
ath_008,club_04,2024-01-28,sprints,pre-comp,27,F,5,82.21,2,4,5,1.95,3.86,4.58,0.833,1,0,0,0,430.3,883.6,0.487,0,0,0.994,0.813,4.97,technique,0.9,0.202,0.11
ath_008,club_04,2024-01-29,sprints,pre-comp,27,F,5,82.21,1,4,5,1.0,3.88,5.0,0.926,1,105,8,840,491.8,881.4,0.558,0,0,0.956,0.972,4.99,speed,0.91,0.029,0.12
ath_008,club_04,2024-01-30,sprints,pre-comp,27,F,5,82.21,4,3,5,3.54,3.34,5.0,0.72,2,75,6,450,485.5,859.8,0.565,0,0,0.827,0.811,5.78,speed,0.6,0.374,-0.3
ath_008,club_04,2024-01-31,sprints,competition,27,F,5,82.21,1,2,4,1.07,1.83,3.83,0.707,0,105,7,735,522.9,853.6,0.613,0,0,0.784,0.988,5.68,speed,0.88,0.108,0.1
ath_008,club_04,2024-02-01,sprints,competition,27,F,5,82.21,1,3,4,1.0,3.03,4.54,0.838,1,0,0,0,444.5,810.9,0.548,0,0,0.86,0.868,4.53,recovery,0.9,0.053,0.11
ath_008,club_04,2024-02-02,sprints,competition,27,F,5,82.21,2,3,3,2.03,2.82,2.84,0.642,0,60,5,300,422.8,785.4,0.538,0,0,0.821,0.999,5.85,recovery,0.87,0.121,0.0
ath_008,club_04,2024-02-03,sprints,competition,27,F,5,82.21,3,4,4,2.88,3.74,3.9,0.717,1,90,6,540,440.4,773.1,0.57,0,0,0.826,0.952,5.01,speed,0.88,0.296,0.1
ath_008,club_04,2024-02-04,sprints,competition,27,F,5,82.21,1,3,4,1.21,3.29,4.19,0.818,1,60,9,540,455.3,761.4,0.598,0,0,0.825,0.804,5.22,speed,0.9,0.069,0.11
ath_008,club_04,2024-02-05,sprints,competition,27,F,5,82.21,3,3,4,2.81,2.9,4.0,0.672,1,0,0,0,387.0,723.4,0.535,0,0,0.94,0.9,4.86,speed,0.88,0.31,0.0
ath_008,club_04,2024-02-06,sprints,competition,27,F,5,82.21,2,4,4,1.95,4.38,4.17,0.839,0,60,7,420,392.0,708.2,0.553,0,0,0.776,0.931,4.75,recovery,0.9,0.19,0.11
ath_008,club_04,2024-02-07,sprints,competition,27,F,5,82.21,2,3,3,1.98,3.41,2.89,0.688,1,60,8,480,405.2,696.8,0.581,0,0,0.856,0.89,5.69,speed,0.88,0.185,0.0
ath_008,club_04,2024-02-08,sprints,competition,27,F,5,82.21,1,3,3,1.0,2.81,2.92,0.716,1,0,0,0,344.4,662.0,0.52,0,0,0.892,0.966,4.7,recovery,0.88,0.065,0.1
ath_008,club_04,2024-02-09,sprints,competition,27,F,5,82.21,2,5,5,1.74,4.95,5.0,0.947,0,75,7,525,371.5,655.1,0.567,0,0,0.964,0.963,4.35,speed,0.92,0.082,0.12
ath_008,club_04,2024-02-10,sprints,competition,27,F,5,82.21,1,4,2,1.04,3.97,1.73,0.711,1,75,7,525,394.5,648.6,0.608,0,0,0.969,0.854,5.73,speed,0.88,0.037,0.1
ath_008,club_04,2024-02-11,sprints,competition,27,F,5,82.21,1,4,4,1.0,4.08,3.91,0.866,1,60,6,360,389.3,634.2,0.614,0,0,0.984,0.996,4.86,speed,0.9,0.056,0.12
ath_008,club_04,2024-02-12,sprints,competition,27,F,5,82.21,2,5,3,2.52,4.75,2.94,0.744,1,0,0,0,330.9,602.5,0.549,0,0,0.949,0.827,5.11,recovery,0.89,0.152,0.1
ath_008,club_04,2024-02-13,sprints,competition,27,F,5,82.21,1,5,3,1.0,4.65,3.55,0.88,0,0,0,0,281.3,572.3,0.491,0,0,0.977,0.828,4.81,recovery,0.91,0.023,0.12
ath_008,club_04,2024-02-14,sprints,competition,27,F,5,82.21,3,3,3,3.31,3.28,2.86,0.589,0,75,6,450,306.6,566.2,0.541,0,0,0.875,0.826,5.18,speed,0.86,0.319,0.0
ath_008,club_04,2024-02-15,sprints,transition,27,F,5,82.21,1,3,5,1.11,3.49,5.0,0.892,1,90,8,720,368.6,573.9,0.642,0,0,0.789,0.925,4.94,speed,0.91,0.043,0.12
ath_008,club_04,2024-02-16,sprints,transition,27,F,5,82.21,2,3,3,2.43,2.85,3.02,0.629,1,75,6,450,380.8,567.7,0.671,0,0,0.881,0.84,5.63,recovery,0.87,0.151,0.0
ath_008,club_04,2024-02-17,sprints,transition,27,F,5,82.21,3,3,5,3.13,2.76,4.41,0.669,0,75,8,600,413.7,569.3,0.727,0,0,0.957,0.883,5.99,speed,0.88,0.278,0.0
ath_008,club_04,2024-02-18,sprints,transition,27,F,5,82.21,2,4,3,2.0,4.05,3.83,0.792,0,75,9,675,452.9,574.6,0.788,0,0,0.967,0.981,5.26,speed,0.89,0.217,0.11
ath_008,club_04,2024-02-19,sprints,transition,27,F,5,82.21,2,2,3,2.2,2.66,3.17,0.642,1,60,6,360,439.0,563.9,0.778,0,0,0.975,0.891,5.4,speed,0.87,0.165,0.0
ath_009,club_05,2024-01-01,sprints,off-season,19,M,2,92.43,1,5,4,1.0,5.0,4.14,0.943,1,60,5,300,1527.9,1836.4,0.832,0,0,0.904,0.978,5.13,strength,0.92,0.015,0.12
ath_009,club_05,2024-01-02,sprints,off-season,19,M,2,92.43,5,3,4,4.76,2.88,4.04,0.543,1,60,7,420,1361.7,1765.6,0.771,0,0,0.809,0.804,5.7,strength,0.5,0.493,-0.35
ath_009,club_05,2024-01-03,sprints,off-season,19,M,2,92.43,2,5,2,2.24,5.0,1.71,0.698,0,60,5,300,1202.5,1692.3,0.711,0,0,0.85,0.989,5.76,strength,0.88,0.167,0.0
ath_009,club_05,2024-01-04,sprints,off-season,19,M,2,92.43,3,5,2,3.47,4.84,2.18,0.637,1,105,8,840,1148.1,1649.7,0.696,0,0,0.951,0.97,5.81,strength,0.87,0.289,0.0
ath_009,club_05,2024-01-05,sprints,off-season,19,M,2,92.43,1,4,4,1.01,4.11,3.49,0.839,1,75,9,675,1077.1,1601.0,0.673,0,0,0.892,0.986,5.14,endurance,0.9,0.01,0.11
ath_009,club_05,2024-01-06,sprints,off-season,19,M,2,92.43,2,2,4,2.63,1.64,3.99,0.6,0,75,6,450,983.1,1543.4,0.637,0,0,0.884,0.972,5.97,strength,0.86,0.131,0.0
ath_009,club_05,2024-01-07,sprints,off-season,19,M,2,92.43,2,4,4,2.16,4.15,4.0,0.8,1,60,5,300,880.6,1481.2,0.595,0,0,0.934,0.973,5.26,strength,0.89,0.201,0.11
ath_009,club_05,2024-01-08,sprints,off-season,19,M,2,92.43,1,3,1,1.16,3.12,1.0,0.597,1,105,8,840,874.5,1449.2,0.603,0,0,0.904,0.992,5.83,strength,0.86,0.068,0.0
ath_009,club_05,2024-01-09,sprints,off-season,19,M,2,92.43,1,3,4,1.08,3.31,3.94,0.811,1,90,6,540,824.3,1403.7,0.587,0,0,0.779,0.891,4.63,endurance,0.9,0.027,0.11
ath_009,club_05,2024-01-10,sprints,off-season,19,M,2,92.43,1,4,3,1.04,4.32,2.9,0.812,0,75,9,675,801.9,1367.3,0.587,0,0,0.835,0.961,4.86,strength,0.9,0.045,0.11
ath_009,club_05,2024-01-11,sprints,off-season,19,M,2,92.43,2,5,4,2.19,5.0,4.11,0.862,1,105,7,735,791.9,1335.7,0.593,0,0,0.987,0.861,4.92,strength,0.9,0.113,0.12
ath_009,club_05,2024-01-12,sprints,off-season,19,M,2,92.43,1,3,4,1.0,3.31,3.64,0.796,0,75,8,600,763.1,1298.9,0.588,0,0,0.844,0.852,4.98,endurance,0.89,0.01,0.11
ath_009,club_05,2024-01-13,sprints,off-season,19,M,2,92.43,1,4,1,1.03,4.02,1.05,0.669,0,75,5,375,704.9,1252.7,0.563,0,0,0.963,0.84,5.73,endurance,0.88,0.09,0.0
ath_009,club_05,2024-01-14,sprints,off-season,19,M,2,92.43,1,5,2,1.0,5.0,1.94,0.796,1,60,8,480,671.2,1214.1,0.553,0,0,0.782,0.983,3.8,strength,0.89,0.037,0.11
ath_009,club_05,2024-01-15,sprints,off-season,19,M,2,92.43,3,4,3,3.33,3.89,3.09,0.643,1,0,0,0,570.5,1153.4,0.495,0,0,0.825,0.83,5.77,strength,0.87,0.331,0.0
ath_009,club_05,2024-01-16,sprints,pre-comp,19,M,2,92.43,2,2,1,1.8,2.21,1.0,0.493,0,0,0,0,484.9,1095.7,0.443,0,0,0.962,0.907,5.86,technique,0.85,0.169,0.0
ath_009,club_05,2024-01-17,sprints,pre-comp,19,M,2,92.43,1,4,2,1.16,3.71,2.16,0.714,1,0,0,0,412.2,1040.9,0.396,0,0,0.797,0.806,4.63,technique,0.88,0.03,0.1
ath_009,club_05,2024-01-18,sprints,pre-comp,19,M,2,92.43,3,3,3,3.12,2.58,2.93,0.559,0,60,9,540,431.3,1015.9,0.425,0,0,0.764,0.828,5.53,speed,0.86,0.274,0.0
ath_009,club_05,2024-01-19,sprints,pre-comp,19,M,2,92.43,3,4,4,2.45,4.24,4.02,0.787,1,75,8,600,456.6,995.1,0.459,0,0,0.779,0.994,5.57,speed,0.89,0.308,0.11
ath_009,club_05,2024-01-20,sprints,pre-comp,19,M,2,92.43,1,2,2,1.18,1.71,2.11,0.576,1,75,6,450,455.7,967.8,0.471,0,0,0.961,0.842,5.59,speed,0.86,0.037,0.0
ath_009,club_05,2024-01-21,sprints,pre-comp,19,M,2,92.43,4,4,2,4.31,3.8,2.21,0.514,1,60,6,360,441.3,937.4,0.471,0,0,0.85,0.87,5.83,technique,0.6,0.397,-0.3
ath_009,club_05,2024-01-22,sprints,pre-comp,19,M,2,92.43,2,3,3,2.11,2.86,3.36,0.674,0,90,8,720,483.1,926.5,0.521,0,0,0.907,0.824,5.85,technique,0.88,0.114,0.0
ath_009,club_05,2024-01-23,sprints,pre-comp,19,M,2,92.43,2,3,3,2.27,3.11,3.03,0.658,1,90,8,720,518.6,916.2,0.566,0,0,0.875,0.883,5.1,speed,0.87,0.174,0.0
ath_009,club_05,2024-01-24,sprints,pre-comp,19,M,2,92.43,3,3,3,2.74,2.87,2.97,0.607,1,0,0,0,440.8,870.4,0.506,0,0,0.916,0.967,5.35,technique,0.87,0.282,0.0
ath_009,club_05,2024-01-25,sprints,pre-comp,19,M,2,92.43,1,5,5,1.22,4.91,5.0,0.98,0,75,7,525,453.5,853.1,0.532,0,0,0.766,0.91,4.6,speed,0.92,0.012,0.13
ath_009,club_05,2024-01-26,sprints,pre-comp,19,M,2,92.43,2,5,3,2.24,4.78,3.0,0.77,1,90,7,630,479.9,842.0,0.57,0,0,0.802,0.914,5.05,technique,0.89,0.202,0.11
ath_009,club_05,2024-01-27,sprints,pre-comp,19,M,2,92.43,2,2,3,2.3,1.64,2.72,0.537,1,105,9,945,549.7,847.1,0.649,0,0,0.946,0.889,6.57,speed,0.86,0.153,0.0
ath_009,club_05,2024-01-28,sprints,pre-comp,19,M,2,92.43,2,3,3,2.39,3.53,2.96,0.673,0,75,8,600,557.2,834.8,0.668,0,0,0.819,0.987,5.84,technique,0.88,0.219,0.0
ath_009,club_05,2024-01-29,sprints,pre-comp,19,M,2,92.43,1,4,4,1.0,3.39,3.63,0.801,0,75,5,375,529.9,811.8,0.653,0,0,0.867,0.811,5.65,speed,0.9,0.059,0.11
ath_009,club_05,2024-01-30,sprints,pre-comp,19,M,2,92.43,2,3,4,2.53,3.09,4.21,0.718,0,60,8,480,522.4,795.2,0.657,0,0,0.911,0.93,5.34,speed,0.88,0.207,0.1
ath_009,club_05,2024-01-31,sprints,competition,19,M,2,92.43,1,5,4,1.12,4.84,3.42,0.876,0,90,7,630,538.6,786.9,0.684,0,0,0.865,0.989,4.26,speed,0.91,0.048,0.12
ath_009,club_05,2024-02-01,sprints,competition,19,M,2,92.43,1,4,4,1.0,4.02,4.69,0.914,0,75,7,525,536.5,773.8,0.693,0,0,0.958,0.933,5.15,recovery,0.91,0.044,0.12
ath_009,club_05,2024-02-02,sprints,competition,19,M,2,92.43,1,1,4,1.07,1.27,3.86,0.671,0,90,6,540,537.0,762.2,0.705,0,0,0.973,0.947,5.71,speed,0.88,0.042,0.0
ath_009,club_05,2024-02-03,sprints,competition,19,M,2,92.43,2,4,4,2.36,4.59,3.45,0.779,0,0,0,0,456.5,724.0,0.63,0,0,0.832,0.888,5.4,recovery,0.89,0.195,0.11
ath_009,club_05,2024-02-04,sprints,competition,19,M,2,92.43,1,5,2,1.31,4.75,1.82,0.75,0,90,9,810,509.5,728.3,0.7,0,0,0.849,0.84,5.21,speed,0.89,0.072,0.11
ath_009,club_05,2024-02-05,sprints,competition,19,M,2,92.43,3,4,5,2.94,4.28,4.47,0.788,0,75,7,525,511.8,718.2,0.713,0,0,0.789,0.99,5.05,speed,0.89,0.317,0.11
ath_009,club_05,2024-02-06,sprints,competition,19,M,2,92.43,3,5,5,3.46,5.0,5.0,0.836,0,75,8,600,525.1,712.3,0.737,0,0,0.882,0.854,5.22,speed,0.9,0.319,0.11
ath_009,club_05,2024-02-07,sprints,competition,19,M,2,92.43,4,4,2,4.7,3.45,1.79,0.436,2,90,6,540,527.3,703.7,0.749,0,0,0.9,0.812,6.12,recovery,0.6,0.433,-0.3
ath_009,club_05,2024-02-08,sprints,competition,19,M,2,92.43,2,5,4,2.24,4.82,4.02,0.84,0,90,7,630,542.7,700.0,0.775,0,0,0.815,0.989,5.06,recovery,0.9,0.162,0.11
ath_009,club_05,2024-02-09,sprints,competition,19,M,2,92.43,3,4,4,2.56,4.02,3.69,0.744,0,90,5,450,528.8,687.5,0.769,0,0,0.932,0.926,5.14,recovery,0.89,0.238,0.1
ath_009,club_05,2024-02-10,sprints,competition,19,M,2,92.43,1,3,4,1.0,2.96,3.7,0.777,0,90,5,450,517.0,675.6,0.765,0,0,0.992,0.826,5.81,speed,0.89,0.03,0.11
ath_009,club_05,2024-02-11,sprints,competition,19,M,2,92.43,1,4,1,1.18,4.18,1.2,0.68,0,0,0,0,439.4,641.8,0.685,0,0,0.82,0.87,6.17,speed,0.88,0.071,0.0
ath_009,club_05,2024-02-12,sprints,competition,19,M,2,92.43,2,4,4,1.87,4.32,4.06,0.833,1,75,9,675,474.8,643.5,0.738,0,0,0.779,0.865,5.75,speed,0.9,0.148,0.11
ath_009,club_05,2024-02-13,sprints,competition,19,M,2,92.43,3,4,5,3.0,3.99,4.47,0.764,0,75,9,675,504.8,645.1,0.783,0,0,0.924,0.934,5.89,recovery,0.89,0.264,0.11
ath_009,club_05,2024-02-14,sprints,competition,19,M,2,92.43,1,4,3,1.0,4.42,2.7,0.808,0,60,5,300,474.1,627.8,0.755,0,0,0.919,0.838,5.16,recovery,0.9,0.06,0.11
ath_009,club_05,2024-02-15,sprints,transition,19,M,2,92.43,1,4,4,1.0,4.06,4.02,0.872,1,75,8,600,493.0,626.4,0.787,0,0,0.98,0.854,5.67,recovery,0.91,0.01,0.12
ath_009,club_05,2024-02-16,sprints,transition,19,M,2,92.43,4,4,2,3.71,4.3,1.78,0.558,2,75,7,525,497.8,621.3,0.801,0,0,0.825,0.877,5.71,recovery,0.6,0.385,-0.3
ath_009,club_05,2024-02-17,sprints,transition,19,M,2,92.43,1,3,5,1.28,3.2,5.0,0.861,1,75,5,375,479.4,609.0,0.787,0,0,0.952,0.905,5.58,speed,0.9,0.052,0.12
ath_009,club_05,2024-02-18,sprints,transition,19,M,2,92.43,3,4,3,3.09,3.85,2.85,0.64,1,0,0,0,407.5,578.6,0.704,0,0,0.8,0.861,5.31,speed,0.87,0.325,0.0
ath_009,club_05,2024-02-19,sprints,transition,19,M,2,92.43,3,5,3,3.19,5.0,2.76,0.705,0,0,0,0,346.3,549.6,0.63,0,0,0.853,0.828,5.57,speed,0.88,0.352,0.1
ath_010,club_01,2024-01-01,middle_distance,off-season,24,M,7,62.99,2,5,3,1.75,5.0,2.95,0.813,0,75,8,600,1945.8,2114.4,0.92,0,0,0.966,0.864,6.08,strength,0.9,0.156,0.11
ath_010,club_01,2024-01-02,middle_distance,off-season,24,M,7,62.99,1,3,2,1.0,3.34,1.84,0.679,0,60,6,360,1707.9,2026.7,0.843,0,0,0.937,0.979,5.64,endurance,0.88,0.085,0.0
ath_010,club_01,2024-01-03,middle_distance,off-season,24,M,7,62.99,1,2,3,1.58,2.39,3.32,0.675,1,90,9,810,1573.2,1965.9,0.8,0,0,0.882,0.931,5.9,strength,0.88,0.038,0.0
ath_010,club_01,2024-01-04,middle_distance,off-season,24,M,7,62.99,2,1,3,2.24,1.18,2.82,0.518,1,75,7,525,1416.0,1893.8,0.748,0,0,0.804,0.935,6.35,endurance,0.85,0.211,0.0
ath_010,club_01,2024-01-05,middle_distance,off-season,24,M,7,62.99,2,3,5,1.86,2.58,5.0,0.782,1,60,8,480,1275.6,1823.1,0.7,0,0,0.886,0.932,5.53,endurance,0.89,0.164,0.11
ath_010,club_01,2024-01-06,middle_distance,off-season,24,M,7,62.99,3,5,5,2.91,4.7,5.0,0.853,1,75,7,525,1163.0,1758.2,0.661,0,0,0.823,0.954,5.83,strength,0.9,0.247,0.12
ath_010,club_01,2024-01-07,middle_distance,off-season,24,M,7,62.99,1,2,5,1.0,1.92,5.0,0.794,0,90,8,720,1096.6,1706.3,0.643,0,0,0.751,0.848,5.6,endurance,0.89,0.083,0.11
ath_010,club_01,2024-01-08,middle_distance,off-season,24,M,7,62.99,2,5,4,2.06,5.0,3.48,0.828,0,0,0,0,932.1,1621.0,0.575,0,0,0.897,0.835,4.68,strength,0.9,0.168,0.11
ath_010,club_01,2024-01-09,middle_distance,off-season,24,M,7,62.99,2,2,5,1.9,2.23,4.68,0.735,1,75,6,450,859.8,1562.5,0.55,0,0,0.952,0.831,5.37,strength,0.89,0.194,0.1
ath_010,club_01,2024-01-10,middle_distance,off-season,24,M,7,62.99,1,4,4,1.0,4.18,4.11,0.886,0,75,8,600,820.8,1514.3,0.542,0,0,0.985,0.972,3.93,strength,0.91,0.093,0.12
ath_010,club_01,2024-01-11,middle_distance,off-season,24,M,7,62.99,1,2,4,1.0,2.03,4.02,0.737,0,60,8,480,769.7,1462.6,0.526,0,0,0.895,0.926,4.77,strength,0.89,0.094,0.1
ath_010,club_01,2024-01-12,middle_distance,off-season,24,M,7,62.99,3,5,5,3.05,4.67,4.98,0.84,1,75,6,450,721.7,1412.0,0.511,0,0,0.884,0.987,5.3,endurance,0.9,0.302,0.11
ath_010,club_01,2024-01-13,middle_distance,off-season,24,M,7,62.99,4,4,4,3.68,4.01,3.9,0.682,2,0,0,0,613.5,1341.4,0.457,0,0,0.98,0.981,5.59,strength,0.6,0.451,-0.3
ath_010,club_01,2024-01-14,middle_distance,off-season,24,M,7,62.99,1,5,5,1.0,5.0,5.0,1.0,1,60,6,360,575.4,1292.3,0.445,0,0,0.798,0.883,5.06,strength,0.92,0.016,0.13
ath_010,club_01,2024-01-15,middle_distance,off-season,24,M,7,62.99,1,5,5,1.01,4.71,4.57,0.952,1,90,5,450,556.6,1250.2,0.445,0,0,0.977,0.992,4.9,strength,0.92,0.01,0.13
ath_010,club_01,2024-01-16,middle_distance,pre-comp,24,M,7,62.99,2,3,4,2.09,3.49,3.85,0.749,1,105,7,735,583.4,1224.4,0.476,0,0,0.835,0.971,4.47,speed,0.89,0.161,0.1
ath_010,club_01,2024-01-17,middle_distance,pre-comp,24,M,7,62.99,3,3,4,3.21,2.98,3.71,0.632,1,60,8,480,567.9,1187.2,0.478,0,0,0.915,0.902,5.2,speed,0.87,0.305,0.0
ath_010,club_01,2024-01-18,middle_distance,pre-comp,24,M,7,62.99,2,2,2,2.2,1.56,1.87,0.483,0,90,6,540,563.7,1154.9,0.488,0,0,0.965,0.926,6.14,speed,0.85,0.193,0.0
ath_010,club_01,2024-01-19,middle_distance,pre-comp,24,M,7,62.99,1,5,3,1.0,4.71,2.88,0.839,0,105,8,840,605.1,1139.1,0.531,0,0,0.883,0.82,4.39,technique,0.9,0.045,0.11
ath_010,club_01,2024-01-20,middle_distance,pre-comp,24,M,7,62.99,3,5,4,3.06,5.0,4.3,0.816,1,75,8,600,604.4,1112.2,0.543,0,0,0.965,0.931,4.44,speed,0.9,0.291,0.11
ath_010,club_01,2024-01-21,middle_distance,pre-comp,24,M,7,62.99,2,1,4,2.09,1.07,3.9,0.593,1,75,9,675,615.0,1090.3,0.564,0,0,0.823,0.976,5.7,speed,0.86,0.15,0.0
ath_010,club_01,2024-01-22,middle_distance,pre-comp,24,M,7,62.99,4,2,4,4.23,2.36,4.31,0.563,1,75,7,525,601.5,1062.0,0.566,0,0,0.877,0.864,5.66,technique,0.6,0.441,-0.3
ath_010,club_01,2024-01-23,middle_distance,pre-comp,24,M,7,62.99,4,5,4,4.56,5.0,3.86,0.687,1,0,0,0,511.2,1008.9,0.507,0,0,0.937,0.966,5.57,technique,0.6,0.432,-0.3
ath_010,club_01,2024-01-24,middle_distance,pre-comp,24,M,7,62.99,3,5,3,3.02,4.85,3.35,0.746,0,75,5,375,490.8,977.2,0.502,0,0,0.987,0.848,4.98,technique,0.89,0.286,0.1
ath_010,club_01,2024-01-25,middle_distance,pre-comp,24,M,7,62.99,2,4,5,2.15,4.19,4.63,0.844,0,60,5,300,462.2,943.4,0.49,0,0,0.959,0.82,4.15,technique,0.9,0.181,0.11
ath_010,club_01,2024-01-26,middle_distance,pre-comp,24,M,7,62.99,3,1,1,2.66,1.39,1.0,0.382,1,105,7,735,503.1,933.0,0.539,0,0,0.935,0.862,6.41,recovery,0.83,0.313,0.0
ath_010,club_01,2024-01-27,middle_distance,pre-comp,24,M,7,62.99,2,2,4,2.23,1.6,4.33,0.647,1,75,8,600,517.6,916.3,0.565,0,0,0.816,0.89,5.43,speed,0.87,0.204,0.0
ath_010,club_01,2024-01-28,middle_distance,pre-comp,24,M,7,62.99,2,4,3,2.19,4.31,3.2,0.755,1,105,5,525,518.7,896.7,0.578,0,0,0.801,0.897,5.22,technique,0.89,0.201,0.11
ath_010,club_01,2024-01-29,middle_distance,pre-comp,24,M,7,62.99,2,4,2,1.71,3.31,2.6,0.679,0,90,5,450,508.4,874.4,0.581,0,0,0.9,0.807,5.05,speed,0.88,0.16,0.0
ath_010,club_01,2024-01-30,middle_distance,pre-comp,24,M,7,62.99,2,4,4,1.89,3.6,4.0,0.781,1,0,0,0,432.2,830.7,0.52,0,0,0.98,0.975,4.93,speed,0.89,0.171,0.11
ath_010,club_01,2024-01-31,middle_distance,competition,24,M,7,62.99,2,4,3,2.2,4.75,3.0,0.77,1,0,0,0,367.3,789.2,0.465,0,0,0.922,0.825,5.0,speed,0.89,0.205,0.11
ath_010,club_01,2024-02-01,middle_distance,competition,24,M,7,62.99,1,3,5,1.1,2.57,5.0,0.831,0,0,0,0,312.2,749.7,0.416,0,0,0.872,0.933,4.84,recovery,0.9,0.051,0.11
ath_010,club_01,2024-02-02,middle_distance,competition,24,M,7,62.99,1,2,4,1.06,1.88,4.26,0.739,0,60,9,540,346.4,739.2,0.469,0,0,0.873,0.957,5.08,speed,0.89,0.053,0.1
ath_010,club_01,2024-02-03,middle_distance,competition,24,M,7,62.99,1,4,3,1.0,4.6,2.86,0.831,0,90,6,540,375.4,729.2,0.515,0,0,0.941,0.801,5.11,speed,0.9,0.085,0.11
ath_010,club_01,2024-02-04,middle_distance,competition,24,M,7,62.99,2,1,4,1.93,1.0,3.64,0.58,0,75,9,675,420.4,726.5,0.579,0,0,0.973,0.854,6.01,recovery,0.86,0.085,0.0
ath_010,club_01,2024-02-05,middle_distance,competition,24,M,7,62.99,1,4,4,1.41,3.13,3.99,0.781,1,75,8,600,447.3,720.2,0.621,0,0,0.763,0.972,4.53,speed,0.89,0.041,0.11
ath_010,club_01,2024-02-06,middle_distance,competition,24,M,7,62.99,2,5,3,1.82,5.0,2.51,0.779,1,90,7,630,474.7,715.7,0.663,0,0,0.852,0.956,4.91,recovery,0.89,0.118,0.11
ath_010,club_01,2024-02-07,middle_distance,competition,24,M,7,62.99,2,4,4,2.4,4.14,3.86,0.773,0,75,5,375,459.8,698.7,0.658,0,0,0.816,0.845,4.61,recovery,0.89,0.162,0.11
ath_010,club_01,2024-02-08,middle_distance,competition,24,M,7,62.99,2,5,2,1.83,4.78,1.49,0.696,1,105,7,735,501.1,700.5,0.715,0,0,0.986,0.981,5.09,recovery,0.88,0.162,0.0
ath_010,club_01,2024-02-09,middle_distance,competition,24,M,7,62.99,1,2,1,1.06,1.88,1.0,0.521,1,75,9,675,527.1,699.2,0.754,0,0,0.814,0.972,7.13,speed,0.85,0.095,0.0
ath_010,club_01,2024-02-10,middle_distance,competition,24,M,7,62.99,2,2,4,1.9,1.37,4.29,0.651,1,60,7,420,511.1,685.2,0.746,0,0,0.938,0.994,5.96,recovery,0.87,0.172,0.0
ath_010,club_01,2024-02-11,middle_distance,competition,24,M,7,62.99,2,5,2,1.91,4.85,1.72,0.71,0,75,6,450,501.9,673.5,0.745,0,0,0.979,0.853,5.55,speed,0.88,0.189,0.1
ath_010,club_01,2024-02-12,middle_distance,competition,24,M,7,62.99,1,1,4,1.3,1.0,3.49,0.612,0,75,7,525,505.4,666.1,0.759,0,0,0.77,0.838,5.62,speed,0.87,0.01,0.0
ath_010,club_01,2024-02-13,middle_distance,competition,24,M,7,62.99,1,5,4,1.0,5.0,3.94,0.93,1,0,0,0,429.6,632.8,0.679,0,0,0.858,0.953,4.9,recovery,0.91,0.081,0.12
ath_010,club_01,2024-02-14,middle_distance,competition,24,M,7,62.99,3,5,5,2.88,5.0,4.99,0.874,1,75,8,600,455.1,631.1,0.721,0,0,0.897,0.979,4.73,speed,0.91,0.298,0.12
ath_010,club_01,2024-02-15,middle_distance,transition,24,M,7,62.99,3,4,3,2.97,3.84,3.26,0.675,1,75,5,375,443.1,618.3,0.717,0,0,0.851,0.83,6.31,speed,0.88,0.28,0.0
ath_010,club_01,2024-02-16,middle_distance,transition,24,M,7,62.99,1,4,5,1.19,3.98,5.0,0.919,0,75,6,450,444.1,609.9,0.728,0,0,0.851,0.842,4.35,recovery,0.91,0.074,0.12
ath_010,club_01,2024-02-17,middle_distance,transition,24,M,7,62.99,1,2,4,1.37,2.01,4.21,0.723,1,75,7,525,456.3,605.7,0.753,0,0,0.998,0.957,6.15,speed,0.88,0.051,0.1
ath_010,club_01,2024-02-18,middle_distance,transition,24,M,7,62.99,2,2,2,2.09,2.04,1.91,0.524,1,75,9,675,489.1,609.1,0.803,0,0,0.791,0.997,6.29,speed,0.85,0.141,0.0
ath_010,club_01,2024-02-19,middle_distance,transition,24,M,7,62.99,3,4,3,3.16,4.35,3.04,0.682,0,60,8,480,487.7,602.7,0.809,0,0,0.933,0.831,5.89,speed,0.88,0.325,0.0
ath_011,club_02,2024-01-01,throws,off-season,17,M,8,74.79,2,3,4,2.08,3.35,3.56,0.722,1,75,6,450,1378.1,1507.9,0.914,0,0,0.994,0.857,6.28,strength,0.88,0.167,0.1
ath_011,club_02,2024-01-02,throws,off-season,17,M,8,74.79,3,4,3,3.01,3.67,3.25,0.66,1,0,0,0,1171.4,1432.5,0.818,0,0,0.906,0.83,6.14,strength,0.87,0.191,0.0
ath_011,club_02,2024-01-03,throws,off-season,17,M,8,74.79,2,4,3,1.96,3.75,3.07,0.724,0,0,0,0,995.7,1360.9,0.732,0,0,0.871,0.909,4.71,strength,0.88,0.143,0.1
ath_011,club_02,2024-01-04,throws,off-season,17,M,8,74.79,2,3,4,2.19,3.52,4.06,0.759,1,75,8,600,936.4,1322.9,0.708,0,0,0.916,0.933,5.3,strength,0.89,0.116,0.11
ath_011,club_02,2024-01-05,throws,off-season,17,M,8,74.79,1,1,5,1.03,1.05,5.0,0.734,0,60,9,540,876.9,1283.7,0.683,0,0,0.835,0.942,5.34,strength,0.89,0.074,0.1
ath_011,club_02,2024-01-06,throws,off-season,17,M,8,74.79,1,4,4,1.0,3.56,4.5,0.871,0,60,7,420,808.4,1240.5,0.652,0,0,0.83,0.999,5.13,strength,0.91,0.082,0.12
ath_011,club_02,2024-01-07,throws,off-season,17,M,8,74.79,4,4,5,3.7,3.62,5.0,0.728,2,90,5,450,754.6,1201.0,0.628,0,0,0.917,0.803,5.65,endurance,0.6,0.35,-0.3
ath_011,club_02,2024-01-08,throws,off-season,17,M,8,74.79,1,4,4,1.0,4.05,4.06,0.874,1,75,5,375,697.7,1159.7,0.602,0,0,0.9,0.961,4.79,strength,0.91,0.023,0.12
ath_011,club_02,2024-01-09,throws,off-season,17,M,8,74.79,2,5,2,1.88,5.0,2.15,0.751,1,0,0,0,593.0,1101.7,0.538,0,0,0.993,0.855,5.92,endurance,0.89,0.191,0.11
ath_011,club_02,2024-01-10,throws,off-season,17,M,8,74.79,1,5,4,1.0,5.0,4.0,0.933,1,60,9,540,585.1,1073.6,0.545,0,0,0.902,0.964,4.2,endurance,0.91,0.026,0.12
ath_011,club_02,2024-01-11,throws,off-season,17,M,8,74.79,1,3,4,1.37,2.53,4.37,0.769,0,75,6,450,564.8,1042.5,0.542,0,0,0.857,0.854,5.97,strength,0.89,0.043,0.11
ath_011,club_02,2024-01-12,throws,off-season,17,M,8,74.79,2,4,1,2.07,3.84,1.25,0.602,0,60,6,360,534.1,1008.3,0.53,0,0,0.765,0.918,5.84,endurance,0.87,0.154,0.0
ath_011,club_02,2024-01-13,throws,off-season,17,M,8,74.79,4,4,4,4.14,4.59,4.12,0.705,2,75,9,675,555.2,991.7,0.56,0,0,0.934,0.933,4.71,strength,0.6,0.41,-0.3
ath_011,club_02,2024-01-14,throws,off-season,17,M,8,74.79,3,5,2,3.54,5.0,1.35,0.587,1,90,6,540,552.9,969.1,0.571,0,0,0.927,0.86,5.12,endurance,0.86,0.277,0.0
ath_011,club_02,2024-01-15,throws,off-season,17,M,8,74.79,2,4,4,2.36,4.31,3.28,0.749,1,75,5,375,526.2,939.4,0.56,0,0,0.933,0.904,5.09,strength,0.89,0.183,0.1
ath_011,club_02,2024-01-16,throws,pre-comp,17,M,8,74.79,3,5,2,2.88,4.61,1.82,0.636,1,105,9,945,589.1,939.7,0.627,0,0,0.82,0.934,5.77,technique,0.87,0.253,0.0
ath_011,club_02,2024-01-17,throws,pre-comp,17,M,8,74.79,1,4,3,1.0,3.69,2.57,0.751,1,75,5,375,557.0,911.4,0.611,0,0,0.91,0.81,5.04,technique,0.89,0.031,0.11
ath_011,club_02,2024-01-18,throws,pre-comp,17,M,8,74.79,3,3,4,3.08,3.27,3.96,0.677,0,75,5,375,529.7,884.6,0.599,0,0,0.894,0.808,5.87,technique,0.88,0.292,0.0
ath_011,club_02,2024-01-19,throws,pre-comp,17,M,8,74.79,3,5,2,3.28,5.0,1.64,0.624,1,0,0,0,450.2,840.4,0.536,0,0,0.922,0.903,5.26,speed,0.87,0.316,0.0
ath_011,club_02,2024-01-20,throws,pre-comp,17,M,8,74.79,1,2,2,1.0,1.84,2.16,0.6,0,90,7,630,477.2,829.9,0.575,0,0,0.917,0.895,5.51,technique,0.86,0.053,0.0
ath_011,club_02,2024-01-21,throws,pre-comp,17,M,8,74.79,3,4,3,3.23,4.12,3.36,0.683,0,60,9,540,486.6,815.4,0.597,0,0,0.831,0.995,5.17,technique,0.88,0.312,0.0
ath_011,club_02,2024-01-22,throws,pre-comp,17,M,8,74.79,2,3,3,2.01,3.7,3.18,0.725,1,105,7,735,523.9,811.3,0.646,0,0,0.935,0.9,5.11,technique,0.88,0.154,0.1
ath_011,club_02,2024-01-23,throws,pre-comp,17,M,8,74.79,3,4,4,3.06,4.29,3.97,0.746,0,0,0,0,445.3,770.8,0.578,0,0,0.922,0.869,4.79,speed,0.89,0.25,0.1
ath_011,club_02,2024-01-24,throws,pre-comp,17,M,8,74.79,1,1,4,1.4,1.0,3.44,0.602,1,90,7,630,473.0,763.7,0.619,0,0,0.862,0.814,5.68,technique,0.87,0.073,0.0
ath_011,club_02,2024-01-25,throws,pre-comp,17,M,8,74.79,2,5,1,2.51,4.81,1.41,0.648,1,90,9,810,523.5,766.1,0.683,0,0,0.785,0.8,5.66,technique,0.87,0.177,0.0
ath_011,club_02,2024-01-26,throws,pre-comp,17,M,8,74.79,4,3,4,3.78,2.72,3.37,0.554,2,0,0,0,445.0,727.7,0.611,1,0,0.935,0.861,5.48,recovery,0.6,0.574,-0.3
ath_011,club_02,2024-01-27,throws,pre-comp,17,M,8,74.79,4,1,2,4.07,1.03,2.36,0.354,2,60,3,180,405.3,700.4,0.579,1,0,0.903,0.818,7.22,recovery,0.6,0.606,-0.3
ath_011,club_02,2024-01-28,throws,pre-comp,17,M,8,74.79,4,2,1,3.77,1.6,1.37,0.347,2,75,3,225,378.2,676.6,0.559,1,0,0.927,0.85,5.91,recovery,0.6,0.523,-0.3
ath_011,club_02,2024-01-29,throws,pre-comp,17,M,8,74.79,3,2,3,3.06,2.18,3.27,0.56,0,90,3,270,362.0,656.3,0.552,1,0,0.986,0.898,5.17,recovery,0.75,0.458,0.0
ath_011,club_02,2024-01-30,throws,pre-comp,17,M,8,74.79,3,2,2,2.93,2.2,2.05,0.487,0,60,6,360,361.7,641.4,0.564,1,0,0.75,0.987,5.77,recovery,0.75,0.422,0.0
ath_011,club_02,2024-01-31,throws,competition,17,M,8,74.79,4,1,1,3.7,1.0,1.37,0.311,2,105,3,315,354.7,625.1,0.567,1,0,0.806,0.811,6.51,recovery,0.6,0.555,-0.3
ath_011,club_02,2024-02-01,throws,competition,17,M,8,74.79,4,2,1,3.72,2.06,1.0,0.356,2,105,3,315,348.7,609.6,0.572,1,0,0.845,0.882,6.23,recovery,0.6,0.611,-0.3
ath_011,club_02,2024-02-02,throws,competition,17,M,8,74.79,5,3,1,4.7,2.93,1.62,0.39,1,75,3,225,330.2,590.4,0.559,1,0,0.901,0.938,6.39,recovery,0.5,0.709,-0.35
ath_011,club_02,2024-02-03,throws,competition,17,M,8,74.79,4,2,1,3.91,1.86,1.17,0.342,2,75,5,375,336.9,579.6,0.581,1,0,0.874,0.824,6.83,recovery,0.6,0.58,-0.3
ath_011,club_02,2024-02-04,throws,competition,17,M,8,74.79,4,2,2,4.24,2.1,1.51,0.358,2,75,9,675,387.6,584.4,0.663,0,0,0.752,0.925,6.27,recovery,0.6,0.393,-0.3
ath_011,club_02,2024-02-05,throws,competition,17,M,8,74.79,2,1,5,1.67,1.69,5.0,0.734,1,0,0,0,329.5,555.2,0.593,0,0,0.859,0.845,4.74,recovery,0.89,0.116,0.1
ath_011,club_02,2024-02-06,throws,competition,17,M,8,74.79,1,4,4,1.0,3.61,3.73,0.823,1,75,7,525,358.8,553.7,0.648,0,0,0.956,0.855,4.47,speed,0.9,0.045,0.11
ath_011,club_02,2024-02-07,throws,competition,17,M,8,74.79,3,5,3,3.56,4.57,3.12,0.675,0,75,7,525,383.7,552.2,0.695,0,0,0.94,0.896,5.63,speed,0.88,0.284,0.0
ath_011,club_02,2024-02-08,throws,competition,17,M,8,74.79,3,2,5,2.81,2.02,4.77,0.665,0,75,7,525,404.9,550.9,0.735,0,0,0.911,0.822,5.92,speed,0.87,0.256,0.0
ath_011,club_02,2024-02-09,throws,competition,17,M,8,74.79,2,2,4,1.66,2.08,3.86,0.685,0,0,0,0,344.2,523.3,0.658,0,0,0.899,0.867,5.33,speed,0.88,0.159,0.0
ath_011,club_02,2024-02-10,throws,competition,17,M,8,74.79,2,3,4,1.65,3.18,4.19,0.781,1,75,6,450,360.1,519.7,0.693,0,0,0.988,0.813,5.79,speed,0.89,0.231,0.11
ath_011,club_02,2024-02-11,throws,competition,17,M,8,74.79,3,3,1,3.11,3.19,1.05,0.475,0,90,9,810,427.5,534.2,0.8,0,0,0.996,0.927,5.99,recovery,0.85,0.292,0.0
ath_011,club_02,2024-02-12,throws,competition,17,M,8,74.79,3,4,4,2.9,4.48,3.95,0.768,0,60,9,540,444.4,534.5,0.832,0,0,0.946,0.891,4.88,recovery,0.89,0.304,0.11
ath_011,club_02,2024-02-13,throws,competition,17,M,8,74.79,1,3,3,1.3,2.74,2.8,0.683,1,0,0,0,377.8,507.7,0.744,0,0,0.823,0.941,5.38,speed,0.88,0.082,0.0
ath_011,club_02,2024-02-14,throws,competition,17,M,8,74.79,5,2,4,4.88,2.05,4.28,0.496,2,60,6,360,375.1,500.4,0.75,1,0,0.805,0.935,6.49,recovery,0.5,0.675,-0.35
ath_011,club_02,2024-02-15,throws,transition,17,M,8,74.79,4,2,3,4.46,2.29,2.48,0.42,1,75,5,375,375.1,494.1,0.759,1,0,0.808,0.881,6.35,recovery,0.6,0.579,-0.3
ath_011,club_02,2024-02-16,throws,transition,17,M,8,74.79,4,3,1,4.1,3.08,1.12,0.407,2,75,4,300,363.8,484.4,0.751,1,0,0.964,0.869,6.79,recovery,0.6,0.547,-0.3
ath_011,club_02,2024-02-17,throws,transition,17,M,8,74.79,3,2,1,3.54,1.71,1.0,0.344,0,90,5,450,376.7,482.7,0.781,1,0,0.99,0.939,6.66,recovery,0.75,0.478,0.0
ath_011,club_02,2024-02-18,throws,transition,17,M,8,74.79,4,1,2,3.95,1.0,2.19,0.35,2,75,5,375,376.5,477.3,0.789,1,0,0.754,0.896,6.77,recovery,0.6,0.542,-0.3
ath_011,club_02,2024-02-19,throws,transition,17,M,8,74.79,4,2,2,3.41,1.63,1.72,0.396,2,90,3,270,360.5,466.9,0.772,1,0,0.902,0.917,6.56,recovery,0.6,0.491,-0.3
ath_012,club_03,2024-01-01,throws,off-season,26,F,1,67.48,4,4,2,4.11,4.02,2.27,0.546,2,90,8,720,1882.8,1993.7,0.944,0,0,0.852,0.95,6.58,strength,0.6,0.432,-0.3
ath_012,club_03,2024-01-02,throws,off-season,26,F,1,67.48,3,3,5,2.82,2.99,4.57,0.717,1,105,6,630,1694.9,1925.5,0.88,0,0,0.907,0.937,6.03,strength,0.88,0.278,0.1
ath_012,club_03,2024-01-03,throws,off-season,26,F,1,67.48,2,3,4,2.04,2.61,4.26,0.723,0,60,7,420,1503.6,1850.2,0.813,0,0,0.996,0.806,5.18,strength,0.88,0.161,0.1
ath_012,club_03,2024-01-04,throws,off-season,26,F,1,67.48,3,1,4,2.85,1.44,3.96,0.57,1,75,9,675,1379.3,1791.5,0.77,0,0,0.766,0.879,6.15,strength,0.86,0.306,0.0
ath_012,club_03,2024-01-05,throws,off-season,26,F,1,67.48,1,4,4,1.0,4.1,4.3,0.894,0,75,5,375,1228.7,1720.6,0.714,0,0,0.813,0.907,4.77,endurance,0.91,0.033,0.12
ath_012,club_03,2024-01-06,throws,off-season,26,F,1,67.48,3,3,4,3.15,2.58,3.02,0.563,0,90,9,810,1165.9,1675.1,0.696,0,0,0.87,0.875,5.81,endurance,0.86,0.286,0.0
ath_012,club_03,2024-01-07,throws,off-season,26,F,1,67.48,2,3,5,2.29,2.58,4.71,0.733,0,90,7,630,1085.5,1622.9,0.669,0,0,0.784,0.811,5.12,endurance,0.89,0.15,0.1
ath_012,club_03,2024-01-08,throws,off-season,26,F,1,67.48,5,4,3,4.65,4.12,2.77,0.549,2,60,8,480,994.7,1565.7,0.635,0,0,0.802,0.876,6.38,strength,0.5,0.495,-0.35
ath_012,club_03,2024-01-09,throws,off-season,26,F,1,67.48,2,2,3,1.93,1.72,2.89,0.579,0,75,6,450,913.0,1509.9,0.605,0,0,0.765,0.861,6.37,strength,0.86,0.186,0.0
ath_012,club_03,2024-01-10,throws,off-season,26,F,1,67.48,1,4,3,1.0,3.66,2.69,0.757,1,75,7,525,854.8,1460.7,0.585,0,0,0.982,0.961,5.0,strength,0.89,0.03,0.11
ath_012,club_03,2024-01-11,throws,off-season,26,F,1,67.48,1,4,5,1.0,4.04,5.0,0.936,0,90,7,630,821.1,1419.1,0.579,0,0,0.778,0.889,4.56,strength,0.92,0.086,0.12
ath_012,club_03,2024-01-12,throws,off-season,26,F,1,67.48,3,4,4,2.62,4.24,4.05,0.778,1,75,9,675,799.2,1381.9,0.578,0,0,0.948,0.961,4.76,strength,0.89,0.31,0.11
ath_012,club_03,2024-01-13,throws,off-season,26,F,1,67.48,5,2,3,4.63,2.43,3.47,0.484,2,60,9,540,760.3,1339.8,0.567,0,0,0.954,0.899,6.34,strength,0.5,0.539,-0.35
ath_012,club_03,2024-01-14,throws,off-season,26,F,1,67.48,1,1,2,1.24,1.0,2.24,0.533,1,75,6,450,713.7,1295.4,0.551,0,0,0.949,0.826,5.92,endurance,0.85,0.07,0.0
ath_012,club_03,2024-01-15,throws,off-season,26,F,1,67.48,2,4,4,2.38,4.02,3.71,0.757,0,0,0,0,606.7,1230.6,0.493,0,0,0.947,0.852,5.28,endurance,0.89,0.154,0.11
ath_012,club_03,2024-01-16,throws,pre-comp,26,F,1,67.48,1,4,4,1.0,4.28,4.11,0.893,0,75,6,450,583.2,1191.6,0.489,0,0,0.849,0.86,4.76,technique,0.91,0.067,0.12
ath_012,club_03,2024-01-17,throws,pre-comp,26,F,1,67.48,2,2,4,1.97,2.33,4.21,0.705,1,60,9,540,576.7,1159.0,0.498,0,0,0.782,0.913,5.74,speed,0.88,0.145,0.1
ath_012,club_03,2024-01-18,throws,pre-comp,26,F,1,67.48,1,4,4,1.0,3.96,3.6,0.838,0,60,9,540,571.2,1128.0,0.506,0,0,0.97,0.809,5.05,speed,0.9,0.062,0.11
ath_012,club_03,2024-01-19,throws,pre-comp,26,F,1,67.48,2,5,5,1.82,4.7,5.0,0.925,1,75,5,375,541.8,1090.4,0.497,0,0,0.882,1.0,3.8,technique,0.91,0.214,0.12
ath_012,club_03,2024-01-20,throws,pre-comp,26,F,1,67.48,2,5,5,2.27,4.94,4.65,0.887,1,75,7,525,539.3,1062.1,0.508,0,0,0.902,0.908,3.91,speed,0.91,0.162,0.12
ath_012,club_03,2024-01-21,throws,pre-comp,26,F,1,67.48,2,3,3,2.57,3.21,2.68,0.622,1,60,7,420,521.4,1030.0,0.506,0,0,0.773,0.921,5.86,speed,0.87,0.19,0.0
ath_012,club_03,2024-01-22,throws,pre-comp,26,F,1,67.48,2,4,5,2.29,4.26,4.86,0.856,0,105,9,945,584.9,1025.8,0.57,0,0,0.885,0.891,4.9,speed,0.9,0.121,0.12
ath_012,club_03,2024-01-23,throws,pre-comp,26,F,1,67.48,2,5,3,1.72,4.85,2.79,0.795,1,75,8,600,587.2,1004.5,0.585,0,0,0.813,0.846,5.64,speed,0.89,0.158,0.11
ath_012,club_03,2024-01-24,throws,pre-comp,26,F,1,67.48,1,5,3,1.0,5.0,2.61,0.84,1,0,0,0,499.1,954.2,0.523,0,0,0.817,0.899,4.3,speed,0.9,0.04,0.11
ath_012,club_03,2024-01-25,throws,pre-comp,26,F,1,67.48,3,4,2,2.71,4.54,2.17,0.667,1,90,9,810,545.7,947.0,0.576,0,0,0.996,0.862,5.08,speed,0.87,0.306,0.0
ath_012,club_03,2024-01-26,throws,pre-comp,26,F,1,67.48,2,4,5,1.91,4.13,4.88,0.874,1,105,5,525,542.6,925.9,0.586,0,0,0.832,0.992,4.74,technique,0.91,0.185,0.12
ath_012,club_03,2024-01-27,throws,pre-comp,26,F,1,67.48,5,3,4,5.0,3.35,4.45,0.587,1,60,5,300,506.2,894.6,0.566,0,0,0.989,0.801,5.72,speed,0.5,0.558,-0.35
ath_012,club_03,2024-01-28,throws,pre-comp,26,F,1,67.48,1,4,3,1.23,4.03,3.02,0.788,0,60,8,480,502.3,873.9,0.575,0,0,0.985,0.837,4.59,speed,0.89,0.056,0.11
ath_012,club_03,2024-01-29,throws,pre-comp,26,F,1,67.48,2,3,3,2.3,3.2,2.91,0.654,1,105,9,945,568.7,877.5,0.648,0,0,0.822,0.837,5.3,technique,0.87,0.2,0.0
ath_012,club_03,2024-01-30,throws,pre-comp,26,F,1,67.48,1,3,5,1.34,2.69,4.87,0.815,1,105,8,840,609.4,875.6,0.696,0,0,0.856,0.831,5.73,speed,0.9,0.01,0.11
ath_012,club_03,2024-01-31,throws,competition,26,F,1,67.48,2,4,4,1.57,3.49,3.66,0.772,1,75,9,675,619.2,865.6,0.715,0,0,0.784,0.978,5.52,speed,0.89,0.177,0.11
ath_012,club_03,2024-02-01,throws,competition,26,F,1,67.48,2,5,4,2.3,5.0,4.11,0.855,0,75,8,600,616.4,852.3,0.723,0,0,0.774,0.983,5.28,speed,0.9,0.149,0.12
ath_012,club_03,2024-02-02,throws,competition,26,F,1,67.48,2,4,2,2.25,3.64,2.14,0.636,0,75,7,525,602.6,835.9,0.721,0,0,0.97,0.897,5.8,speed,0.87,0.119,0.0
ath_012,club_03,2024-02-03,throws,competition,26,F,1,67.48,2,3,3,1.88,3.36,2.62,0.673,0,60,7,420,575.3,815.1,0.706,0,0,0.765,0.854,5.86,speed,0.88,0.179,0.0
ath_012,club_03,2024-02-04,throws,competition,26,F,1,67.48,2,4,5,1.43,4.11,5.0,0.912,1,90,9,810,610.5,814.9,0.749,0,0,0.977,0.948,4.8,speed,0.91,0.106,0.12
ath_012,club_03,2024-02-05,throws,competition,26,F,1,67.48,2,4,4,2.12,3.99,4.31,0.812,1,90,6,540,599.9,801.1,0.749,0,0,0.922,0.85,5.71,speed,0.9,0.18,0.11
ath_012,club_03,2024-02-06,throws,competition,26,F,1,67.48,4,5,2,4.02,5.0,1.77,0.583,2,105,8,840,635.9,803.1,0.792,0,0,0.795,0.901,6.25,recovery,0.6,0.412,-0.3
ath_012,club_03,2024-02-07,throws,competition,26,F,1,67.48,1,5,3,1.0,4.51,2.79,0.82,0,75,6,450,608.0,785.4,0.774,0,0,0.889,0.989,5.79,speed,0.9,0.05,0.11
ath_012,club_03,2024-02-08,throws,competition,26,F,1,67.48,2,4,4,1.38,3.47,4.08,0.811,1,75,5,375,573.1,764.9,0.749,0,0,0.913,0.954,5.17,recovery,0.9,0.14,0.11
ath_012,club_03,2024-02-09,throws,competition,26,F,1,67.48,2,4,5,2.0,3.95,5.0,0.863,1,75,6,450,554.6,749.1,0.74,0,0,0.752,0.98,5.15,speed,0.9,0.171,0.12
ath_012,club_03,2024-02-10,throws,competition,26,F,1,67.48,1,4,4,1.0,3.61,3.67,0.819,0,0,0,0,471.4,711.7,0.662,0,0,0.786,0.802,5.28,recovery,0.9,0.062,0.11
ath_012,club_03,2024-02-11,throws,competition,26,F,1,67.48,1,4,3,1.0,3.81,2.83,0.776,1,0,0,0,400.7,676.1,0.593,0,0,0.756,0.958,4.71,speed,0.89,0.01,0.11
ath_012,club_03,2024-02-12,throws,competition,26,F,1,67.48,2,4,4,2.01,4.51,4.05,0.836,1,90,9,810,462.1,682.8,0.677,0,0,0.877,0.943,5.03,recovery,0.9,0.19,0.11
ath_012,club_03,2024-02-13,throws,competition,26,F,1,67.48,1,1,3,1.14,1.33,2.76,0.596,0,105,8,840,518.8,690.7,0.751,0,0,0.932,0.989,6.18,speed,0.86,0.083,0.0
ath_012,club_03,2024-02-14,throws,competition,26,F,1,67.48,1,4,4,1.0,3.51,4.06,0.838,1,60,6,360,495.0,674.1,0.734,0,0,0.862,0.824,5.24,speed,0.9,0.026,0.11
ath_012,club_03,2024-02-15,throws,transition,26,F,1,67.48,1,3,4,1.0,3.41,4.18,0.84,0,0,0,0,420.7,640.4,0.657,0,0,0.781,0.82,4.6,speed,0.9,0.063,0.11
ath_012,club_03,2024-02-16,throws,transition,26,F,1,67.48,1,5,5,1.47,4.84,5.0,0.958,0,60,5,300,402.6,623.4,0.646,0,0,0.975,0.833,4.64,recovery,0.92,0.039,0.13
ath_012,club_03,2024-02-17,throws,transition,26,F,1,67.48,2,3,3,2.09,3.55,3.1,0.704,1,60,8,480,414.2,616.2,0.672,0,0,0.993,0.846,5.26,speed,0.88,0.205,0.1
ath_012,club_03,2024-02-18,throws,transition,26,F,1,67.48,3,3,4,2.97,2.96,3.9,0.66,1,75,9,675,453.3,619.2,0.732,0,0,0.764,0.828,5.47,recovery,0.87,0.229,0.0
ath_012,club_03,2024-02-19,throws,transition,26,F,1,67.48,1,4,2,1.0,3.36,1.97,0.689,0,75,7,525,464.1,614.5,0.755,0,0,0.998,0.937,5.63,recovery,0.88,0.085,0.0
ath_013,club_04,2024-01-01,middle_distance,off-season,17,F,7,63.05,1,4,3,1.0,4.28,2.93,0.814,1,75,9,675,1806.7,1643.3,1.099,0,0,0.832,0.878,5.63,strength,0.9,0.02,0.11
ath_013,club_04,2024-01-02,middle_distance,off-season,17,F,7,63.05,3,4,5,2.47,4.8,5.0,0.888,1,0,0,0,1535.7,1561.2,0.984,0,0,0.946,0.87,5.81,strength,0.91,0.236,0.12
ath_013,club_04,2024-01-03,middle_distance,off-season,17,F,7,63.05,1,2,3,1.0,2.05,2.87,0.661,0,75,5,375,1361.6,1501.9,0.907,0,0,0.922,0.896,7.5,strength,0.87,0.107,0.0
ath_013,club_04,2024-01-04,middle_distance,off-season,17,F,7,63.05,2,5,5,2.35,4.78,5.0,0.896,0,75,7,525,1236.1,1453.0,0.851,0,0,0.863,0.938,5.87,strength,0.91,0.196,0.12
ath_013,club_04,2024-01-05,middle_distance,off-season,17,F,7,63.05,1,5,4,1.0,5.0,3.42,0.895,1,60,6,360,1104.7,1398.4,0.79,0,0,0.818,0.966,4.65,endurance,0.91,0.042,0.12
ath_013,club_04,2024-01-06,middle_distance,off-season,17,F,7,63.05,1,3,4,1.0,2.95,4.16,0.807,0,0,0,0,939.0,1328.4,0.707,0,0,0.835,0.804,5.49,endurance,0.9,0.01,0.11
ath_013,club_04,2024-01-07,middle_distance,off-season,17,F,7,63.05,2,2,2,2.45,2.2,2.13,0.526,0,75,6,450,865.6,1284.5,0.674,0,0,0.789,0.919,6.47,strength,0.85,0.168,0.0
ath_013,club_04,2024-01-08,middle_distance,off-season,17,F,7,63.05,1,3,4,1.08,2.53,3.72,0.745,0,75,8,600,825.8,1250.3,0.66,0,0,0.991,0.823,5.78,strength,0.89,0.032,0.1
ath_013,club_04,2024-01-09,middle_distance,off-season,17,F,7,63.05,1,5,5,1.24,4.83,5.0,0.973,0,75,5,375,758.2,1206.5,0.628,0,0,0.969,0.805,4.6,strength,0.92,0.031,0.13
ath_013,club_04,2024-01-10,middle_distance,off-season,17,F,7,63.05,3,3,4,2.66,3.59,4.21,0.742,0,75,9,675,745.7,1180.0,0.632,0,0,0.883,0.837,5.92,endurance,0.89,0.224,0.1
ath_013,club_04,2024-01-11,middle_distance,off-season,17,F,7,63.05,2,3,3,2.36,2.72,2.59,0.596,0,60,8,480,705.8,1145.0,0.616,0,0,0.94,0.955,6.22,strength,0.86,0.123,0.0
ath_013,club_04,2024-01-12,middle_distance,off-season,17,F,7,63.05,3,5,4,3.41,4.77,3.8,0.744,0,75,7,525,678.7,1114.0,0.609,0,0,0.89,0.925,5.07,strength,0.89,0.327,0.1
ath_013,club_04,2024-01-13,middle_distance,off-season,17,F,7,63.05,1,1,3,1.41,1.75,2.66,0.6,0,75,6,450,644.4,1080.8,0.596,0,0,0.895,0.857,5.56,strength,0.87,0.043,0.0
ath_013,club_04,2024-01-14,middle_distance,off-season,17,F,7,63.05,1,5,1,1.0,4.92,1.06,0.732,1,75,7,525,626.5,1053.0,0.595,0,0,0.826,0.904,5.73,strength,0.88,0.01,0.1
ath_013,club_04,2024-01-15,middle_distance,off-season,17,F,7,63.05,5,4,3,5.0,3.87,3.4,0.552,2,75,5,375,588.8,1019.1,0.578,0,0,0.934,0.842,5.05,strength,0.5,0.521,-0.35
ath_013,club_04,2024-01-16,middle_distance,pre-comp,17,F,7,63.05,1,3,4,1.0,2.94,4.14,0.805,0,105,6,630,595.0,999.6,0.595,0,0,0.76,0.863,5.31,technique,0.9,0.053,0.11
ath_013,club_04,2024-01-17,middle_distance,pre-comp,17,F,7,63.05,1,3,3,1.18,3.23,2.77,0.722,1,105,9,945,647.5,996.9,0.649,0,0,0.813,0.901,5.66,speed,0.88,0.036,0.1
ath_013,club_04,2024-01-18,middle_distance,pre-comp,17,F,7,63.05,2,3,4,2.46,2.82,3.67,0.669,1,90,5,450,617.8,969.5,0.637,0,0,0.949,0.95,6.23,technique,0.88,0.157,0.0
ath_013,club_04,2024-01-19,middle_distance,pre-comp,17,F,7,63.05,3,5,1,2.99,4.77,1.04,0.587,0,75,8,600,615.2,951.1,0.647,0,0,0.863,0.982,6.59,technique,0.86,0.337,0.0
ath_013,club_04,2024-01-20,middle_distance,pre-comp,17,F,7,63.05,2,3,2,2.03,2.91,1.16,0.536,1,60,6,360,576.9,921.5,0.626,0,0,0.986,0.906,5.12,speed,0.86,0.234,0.0
ath_013,club_04,2024-01-21,middle_distance,pre-comp,17,F,7,63.05,2,4,5,1.82,3.56,5.0,0.85,1,105,8,840,616.4,917.4,0.672,0,0,0.848,0.992,5.02,speed,0.9,0.217,0.11
ath_013,club_04,2024-01-22,middle_distance,pre-comp,17,F,7,63.05,4,3,4,4.23,3.59,4.19,0.637,2,60,8,480,595.9,895.6,0.665,0,0,0.948,0.872,5.74,speed,0.6,0.431,-0.3
ath_013,club_04,2024-01-23,middle_distance,pre-comp,17,F,7,63.05,1,3,4,1.0,3.16,4.34,0.833,1,75,5,375,562.8,869.5,0.647,0,0,0.792,0.825,5.28,technique,0.9,0.099,0.11
ath_013,club_04,2024-01-24,middle_distance,pre-comp,17,F,7,63.05,2,5,4,2.32,4.92,4.08,0.846,0,90,5,450,545.9,848.6,0.643,0,0,0.783,0.853,4.87,technique,0.9,0.168,0.11
ath_013,club_04,2024-01-25,middle_distance,pre-comp,17,F,7,63.05,2,4,4,2.0,3.98,3.72,0.78,0,75,9,675,565.2,839.9,0.673,0,0,0.918,0.892,5.22,technique,0.89,0.148,0.11
ath_013,club_04,2024-01-26,middle_distance,pre-comp,17,F,7,63.05,5,5,4,4.68,5.0,4.55,0.724,1,90,5,450,547.9,820.4,0.668,0,0,0.969,0.825,5.48,speed,0.5,0.562,-0.35
ath_013,club_04,2024-01-27,middle_distance,pre-comp,17,F,7,63.05,1,4,5,1.42,4.08,4.5,0.877,0,75,9,675,567.0,813.1,0.697,0,0,0.978,0.969,5.42,speed,0.91,0.055,0.12
ath_013,club_04,2024-01-28,middle_distance,pre-comp,17,F,7,63.05,2,3,5,1.75,2.18,5.0,0.762,0,105,8,840,607.9,814.5,0.746,0,0,0.934,0.895,6.18,speed,0.89,0.16,0.11
ath_013,club_04,2024-01-29,middle_distance,pre-comp,17,F,7,63.05,1,2,4,1.33,2.32,3.98,0.732,1,75,6,450,584.3,796.2,0.734,0,0,0.862,0.838,6.33,speed,0.88,0.088,0.1
ath_013,club_04,2024-01-30,middle_distance,pre-comp,17,F,7,63.05,2,4,5,2.04,3.79,5.0,0.85,0,60,7,420,559.6,777.4,0.72,0,0,0.944,0.826,5.37,technique,0.9,0.079,0.11
ath_013,club_04,2024-01-31,middle_distance,competition,17,F,7,63.05,2,5,1,1.97,5.0,1.21,0.682,0,60,9,540,556.7,765.6,0.727,0,0,0.916,0.876,5.27,recovery,0.88,0.132,0.0
ath_013,club_04,2024-02-01,middle_distance,competition,17,F,7,63.05,2,1,2,1.71,1.0,2.07,0.491,1,75,9,675,574.4,761.0,0.755,0,0,0.96,0.929,6.06,speed,0.85,0.24,0.0
ath_013,club_04,2024-02-02,middle_distance,competition,17,F,7,63.05,3,5,4,2.98,5.0,3.74,0.784,0,75,5,375,544.5,741.7,0.734,0,0,0.816,0.899,5.45,recovery,0.89,0.34,0.11
ath_013,club_04,2024-02-03,middle_distance,competition,17,F,7,63.05,1,3,4,1.01,2.75,3.61,0.757,1,60,7,420,525.8,725.6,0.725,0,0,0.927,0.874,5.11,recovery,0.89,0.054,0.11
ath_013,club_04,2024-02-04,middle_distance,competition,17,F,7,63.05,2,4,4,1.99,4.08,3.9,0.799,1,60,6,360,501.0,707.4,0.708,0,0,0.952,0.939,5.46,recovery,0.89,0.222,0.11
ath_013,club_04,2024-02-05,middle_distance,competition,17,F,7,63.05,2,3,4,1.86,2.69,4.39,0.748,1,105,6,630,520.3,703.5,0.74,0,0,0.885,0.969,5.69,recovery,0.89,0.197,0.1
ath_013,club_04,2024-02-06,middle_distance,competition,17,F,7,63.05,1,3,5,1.04,3.56,4.63,0.877,1,60,8,480,514.3,692.3,0.743,0,0,0.922,0.904,5.29,recovery,0.91,0.011,0.12
ath_013,club_04,2024-02-07,middle_distance,competition,17,F,7,63.05,1,4,4,1.0,4.42,4.12,0.903,1,90,6,540,518.1,684.7,0.757,0,0,0.966,0.816,5.09,speed,0.91,0.096,0.12
ath_013,club_04,2024-02-08,middle_distance,competition,17,F,7,63.05,2,5,2,2.24,5.0,2.16,0.728,1,0,0,0,440.4,650.5,0.677,0,0,0.887,0.99,5.89,recovery,0.88,0.193,0.1
ath_013,club_04,2024-02-09,middle_distance,competition,17,F,7,63.05,2,1,1,1.73,1.0,1.31,0.439,1,75,7,525,453.1,644.2,0.703,0,0,0.753,0.862,6.29,recovery,0.84,0.166,0.0
ath_013,club_04,2024-02-10,middle_distance,competition,17,F,7,63.05,2,2,4,1.95,1.89,4.08,0.668,1,0,0,0,385.1,612.0,0.629,0,0,0.816,0.906,5.87,speed,0.88,0.173,0.0
ath_013,club_04,2024-02-11,middle_distance,competition,17,F,7,63.05,2,4,5,2.24,4.29,5.0,0.87,1,90,7,630,421.9,612.9,0.688,0,0,0.957,0.965,5.3,speed,0.91,0.142,0.12
ath_013,club_04,2024-02-12,middle_distance,competition,17,F,7,63.05,1,3,4,1.0,3.05,4.38,0.829,1,60,6,360,412.6,600.2,0.687,0,0,0.831,0.864,6.0,speed,0.9,0.02,0.11
ath_013,club_04,2024-02-13,middle_distance,competition,17,F,7,63.05,1,5,3,1.11,5.0,2.83,0.848,1,75,9,675,451.9,604.0,0.748,0,0,0.934,0.897,4.35,speed,0.9,0.056,0.11
ath_013,club_04,2024-02-14,middle_distance,competition,17,F,7,63.05,2,5,3,1.83,4.91,2.9,0.798,1,105,9,945,525.9,621.0,0.847,0,0,0.752,0.951,5.35,speed,0.89,0.174,0.11
ath_013,club_04,2024-02-15,middle_distance,transition,17,F,7,63.05,2,3,4,1.15,2.85,4.64,0.822,0,60,8,480,519.0,614.0,0.845,0,0,0.802,0.815,6.44,speed,0.9,0.149,0.11
ath_013,club_04,2024-02-16,middle_distance,transition,17,F,7,63.05,4,5,4,4.03,4.85,3.87,0.713,1,60,6,360,495.2,601.3,0.824,0,0,0.906,0.838,5.49,speed,0.6,0.417,-0.3
ath_013,club_04,2024-02-17,middle_distance,transition,17,F,7,63.05,2,3,4,2.54,2.74,3.58,0.652,0,105,7,735,531.1,608.0,0.874,0,0,0.973,0.819,6.5,speed,0.87,0.158,0.0
ath_013,club_04,2024-02-18,middle_distance,transition,17,F,7,63.05,2,4,4,1.62,4.11,3.61,0.807,1,0,0,0,451.5,577.6,0.782,0,0,0.79,0.809,4.92,speed,0.9,0.131,0.11
ath_013,club_04,2024-02-19,middle_distance,transition,17,F,7,63.05,3,2,4,2.34,2.42,4.39,0.698,0,60,6,360,437.7,566.7,0.772,0,0,0.911,0.855,6.35,recovery,0.88,0.291,0.0
ath_014,club_05,2024-01-01,middle_distance,off-season,23,M,1,68.71,2,5,4,2.19,4.7,4.4,0.86,0,90,6,540,1885.4,1367.2,1.379,0,0,0.936,0.81,6.11,strength,0.9,0.244,-0.2
ath_014,club_05,2024-01-02,middle_distance,off-season,23,M,1,68.71,1,2,5,1.0,1.48,4.66,0.743,1,90,7,630,1697.1,1330.3,1.276,0,0,0.915,0.889,6.92,endurance,0.89,0.05,0.0
ath_014,club_05,2024-01-03,middle_distance,off-season,23,M,1,68.71,1,5,2,1.44,5.0,1.98,0.769,0,0,0,0,1442.6,1263.8,1.141,0,0,0.943,0.963,5.65,strength,0.89,0.07,0.0
ath_014,club_05,2024-01-04,middle_distance,off-season,23,M,1,68.71,2,3,5,1.75,3.12,5.0,0.824,0,0,0,0,1226.2,1200.6,1.021,0,0,0.98,0.885,5.78,endurance,0.9,0.117,0.11
ath_014,club_05,2024-01-05,middle_distance,off-season,23,M,1,68.71,2,4,5,1.96,3.85,5.0,0.859,0,75,5,375,1098.5,1159.3,0.948,0,0,0.824,0.983,5.28,strength,0.9,0.208,0.12
ath_014,club_05,2024-01-06,middle_distance,off-season,23,M,1,68.71,3,3,4,3.13,2.62,4.01,0.634,0,0,0,0,933.7,1101.3,0.848,0,0,0.946,0.906,5.57,strength,0.87,0.302,0.0
ath_014,club_05,2024-01-07,middle_distance,off-season,23,M,1,68.71,1,3,3,1.24,2.93,2.8,0.699,1,75,6,450,861.2,1068.8,0.806,0,0,0.816,0.808,5.2,strength,0.88,0.071,0.0
ath_014,club_05,2024-01-08,middle_distance,off-season,23,M,1,68.71,3,4,4,2.71,3.48,3.47,0.682,1,75,6,450,799.5,1037.8,0.77,0,0,0.987,0.814,4.97,strength,0.88,0.293,0.0
ath_014,club_05,2024-01-09,middle_distance,off-season,23,M,1,68.71,1,3,5,1.0,2.69,4.83,0.835,0,75,6,450,747.1,1008.5,0.741,0,0,0.848,0.969,5.15,strength,0.9,0.01,0.11
ath_014,club_05,2024-01-10,middle_distance,off-season,23,M,1,68.71,3,4,5,3.09,4.62,5.0,0.835,0,90,9,810,756.5,998.5,0.758,0,0,0.837,0.835,5.31,strength,0.9,0.289,0.11
ath_014,club_05,2024-01-11,middle_distance,off-season,23,M,1,68.71,2,3,5,1.94,1.92,4.79,0.718,1,60,6,360,697.0,966.6,0.721,0,0,0.907,0.959,5.24,strength,0.88,0.216,0.1
ath_014,club_05,2024-01-12,middle_distance,off-season,23,M,1,68.71,1,3,3,1.03,2.93,2.94,0.723,1,75,6,450,660.0,940.8,0.702,0,0,0.817,0.968,5.89,strength,0.88,0.035,0.1
ath_014,club_05,2024-01-13,middle_distance,off-season,23,M,1,68.71,3,4,4,3.36,3.14,4.14,0.662,1,75,8,600,651.0,923.7,0.705,0,0,0.948,0.861,6.12,strength,0.87,0.284,0.0
ath_014,club_05,2024-01-14,middle_distance,off-season,23,M,1,68.71,1,4,4,1.16,3.93,3.96,0.848,0,60,8,480,625.3,901.5,0.694,0,0,0.799,0.915,5.04,endurance,0.9,0.06,0.11
ath_014,club_05,2024-01-15,middle_distance,off-season,23,M,1,68.71,3,5,3,2.76,4.82,3.11,0.745,1,90,7,630,626.0,888.0,0.705,0,0,0.884,0.999,6.26,strength,0.89,0.244,0.1
ath_014,club_05,2024-01-16,middle_distance,pre-comp,23,M,1,68.71,2,4,5,2.4,4.37,5.0,0.865,1,75,8,600,622.1,873.6,0.712,0,0,0.876,0.804,5.18,speed,0.9,0.12,0.12
ath_014,club_05,2024-01-17,middle_distance,pre-comp,23,M,1,68.71,1,4,4,1.0,3.88,4.23,0.874,1,105,5,525,607.6,856.1,0.71,0,0,0.783,0.935,4.81,speed,0.91,0.07,0.12
ath_014,club_05,2024-01-18,middle_distance,pre-comp,23,M,1,68.71,2,5,4,2.25,4.84,4.21,0.854,0,0,0,0,516.4,813.3,0.635,0,0,0.823,0.976,4.29,technique,0.9,0.17,0.12
ath_014,club_05,2024-01-19,middle_distance,pre-comp,23,M,1,68.71,3,5,4,2.96,5.0,4.46,0.833,1,105,9,945,580.7,819.9,0.708,0,0,0.753,0.85,5.3,technique,0.9,0.313,0.11
ath_014,club_05,2024-01-20,middle_distance,pre-comp,23,M,1,68.71,1,3,4,1.06,2.87,4.41,0.815,1,75,7,525,572.4,805.2,0.711,0,0,0.928,0.823,5.72,speed,0.9,0.041,0.11
ath_014,club_05,2024-01-21,middle_distance,pre-comp,23,M,1,68.71,2,4,4,2.22,4.15,3.37,0.754,0,105,9,945,628.3,812.2,0.774,0,0,0.789,0.97,5.5,speed,0.89,0.13,0.11
ath_014,club_05,2024-01-22,middle_distance,pre-comp,23,M,1,68.71,4,3,3,3.9,2.99,2.48,0.505,2,60,6,360,588.0,789.6,0.745,0,0,0.843,0.944,5.43,speed,0.6,0.455,-0.3
ath_014,club_05,2024-01-23,middle_distance,pre-comp,23,M,1,68.71,2,5,2,1.75,4.83,1.56,0.709,1,75,6,450,567.3,772.6,0.734,0,0,0.771,0.962,5.75,technique,0.88,0.155,0.1
ath_014,club_05,2024-01-24,middle_distance,pre-comp,23,M,1,68.71,3,4,5,3.09,3.98,4.93,0.789,0,0,0,0,482.2,733.9,0.657,0,0,0.853,0.986,5.36,technique,0.89,0.287,0.11
ath_014,club_05,2024-01-25,middle_distance,pre-comp,23,M,1,68.71,2,4,3,2.11,3.84,2.64,0.692,1,0,0,0,409.9,697.3,0.588,0,0,0.781,0.842,5.36,speed,0.88,0.12,0.0
ath_014,club_05,2024-01-26,middle_distance,pre-comp,23,M,1,68.71,3,4,4,2.85,4.55,4.3,0.8,0,75,7,525,427.2,688.6,0.62,0,0,0.959,0.979,4.88,speed,0.9,0.28,0.11
ath_014,club_05,2024-01-27,middle_distance,pre-comp,23,M,1,68.71,2,5,4,1.68,4.94,3.98,0.882,0,105,9,945,504.8,701.5,0.72,0,0,0.878,0.935,5.44,speed,0.91,0.149,0.12
ath_014,club_05,2024-01-28,middle_distance,pre-comp,23,M,1,68.71,1,4,4,1.0,4.16,4.12,0.885,1,75,8,600,519.1,696.4,0.745,0,0,0.873,0.913,4.9,technique,0.91,0.06,0.12
ath_014,club_05,2024-01-29,middle_distance,pre-comp,23,M,1,68.71,1,2,5,1.0,1.93,5.0,0.795,0,105,5,525,520.0,687.8,0.756,0,0,0.904,0.825,5.4,speed,0.89,0.029,0.11
ath_014,club_05,2024-01-30,middle_distance,pre-comp,23,M,1,68.71,4,4,3,4.57,4.18,3.03,0.576,1,75,5,375,498.2,672.2,0.741,0,0,0.955,0.825,6.0,speed,0.6,0.427,-0.3
ath_014,club_05,2024-01-31,middle_distance,competition,23,M,1,68.71,2,3,3,1.94,3.14,2.95,0.676,1,75,7,525,502.3,664.8,0.755,0,0,0.94,0.977,6.01,recovery,0.88,0.164,0.0
ath_014,club_05,2024-02-01,middle_distance,competition,23,M,1,68.71,2,1,1,2.16,1.03,1.13,0.399,0,60,9,540,507.9,658.6,0.771,0,0,0.757,0.982,6.76,recovery,0.83,0.193,0.0
ath_014,club_05,2024-02-02,middle_distance,competition,23,M,1,68.71,2,1,5,1.8,1.0,5.0,0.68,1,90,9,810,553.2,666.1,0.83,0,0,0.98,0.828,6.07,speed,0.88,0.216,0.0
ath_014,club_05,2024-02-03,middle_distance,competition,23,M,1,68.71,2,3,1,2.1,2.9,1.56,0.558,1,90,8,720,578.2,668.8,0.865,0,0,0.881,0.895,6.95,speed,0.86,0.161,0.0
ath_014,club_05,2024-02-04,middle_distance,competition,23,M,1,68.71,1,3,1,1.12,2.72,1.34,0.595,1,75,7,525,570.3,661.6,0.862,0,0,0.975,0.964,6.56,recovery,0.86,0.025,0.0
ath_014,club_05,2024-02-05,middle_distance,competition,23,M,1,68.71,2,4,4,1.89,4.41,4.63,0.876,0,60,6,360,538.7,646.6,0.833,0,0,0.93,0.953,5.23,speed,0.91,0.169,0.12
ath_014,club_05,2024-02-06,middle_distance,competition,23,M,1,68.71,1,2,4,1.12,2.0,3.97,0.723,0,60,8,480,529.9,638.2,0.83,0,0,0.93,0.848,5.98,speed,0.88,0.052,0.1
ath_014,club_05,2024-02-07,middle_distance,competition,23,M,1,68.71,5,3,4,5.0,3.33,4.43,0.584,2,60,5,300,495.4,621.3,0.797,0,0,0.816,0.807,6.11,speed,0.5,0.587,-0.35
ath_014,club_05,2024-02-08,middle_distance,competition,23,M,1,68.71,1,2,4,1.14,1.91,3.89,0.711,0,0,0,0,421.1,590.3,0.713,0,0,0.786,0.967,5.67,speed,0.88,0.024,0.1
ath_014,club_05,2024-02-09,middle_distance,competition,23,M,1,68.71,1,2,4,1.58,2.7,3.92,0.736,1,0,0,0,357.9,560.7,0.638,0,0,0.912,0.913,5.18,speed,0.89,0.052,0.1
ath_014,club_05,2024-02-10,middle_distance,competition,23,M,1,68.71,4,3,4,4.04,3.04,3.6,0.574,1,90,7,630,398.8,564.2,0.707,0,0,0.82,0.811,5.96,recovery,0.6,0.367,-0.3
ath_014,club_05,2024-02-11,middle_distance,competition,23,M,1,68.71,1,5,5,1.0,4.28,4.83,0.941,0,75,6,450,406.4,558.5,0.728,0,0,0.758,0.935,4.44,recovery,0.92,0.01,0.12
ath_014,club_05,2024-02-12,middle_distance,competition,23,M,1,68.71,2,1,3,2.58,1.0,3.27,0.513,0,75,7,525,424.2,556.8,0.762,0,0,0.885,0.85,6.75,recovery,0.85,0.143,0.0
ath_014,club_05,2024-02-13,middle_distance,competition,23,M,1,68.71,1,1,4,1.0,1.0,4.11,0.674,0,60,9,540,441.6,556.0,0.794,0,0,0.936,0.997,5.4,recovery,0.88,0.073,0.0
ath_014,club_05,2024-02-14,middle_distance,competition,23,M,1,68.71,2,3,5,2.18,2.81,5.0,0.775,1,75,8,600,465.4,558.2,0.834,0,0,0.92,0.979,5.67,recovery,0.89,0.132,0.11
ath_014,club_05,2024-02-15,middle_distance,transition,23,M,1,68.71,3,3,3,3.0,3.54,3.12,0.644,0,60,9,540,476.5,557.3,0.855,0,0,0.902,0.883,5.5,speed,0.87,0.245,0.0
ath_014,club_05,2024-02-16,middle_distance,transition,23,M,1,68.71,2,4,5,1.71,3.45,5.0,0.85,0,0,0,0,405.1,529.4,0.765,0,0,0.83,0.853,4.57,recovery,0.9,0.183,0.11
ath_014,club_05,2024-02-17,middle_distance,transition,23,M,1,68.71,5,1,4,4.84,1.2,3.96,0.421,2,0,0,0,344.3,502.9,0.685,0,0,0.809,0.979,6.19,recovery,0.5,0.512,-0.35
ath_014,club_05,2024-02-18,middle_distance,transition,23,M,1,68.71,1,3,4,1.0,2.8,3.86,0.777,1,90,7,630,387.2,509.3,0.76,0,0,0.903,0.956,4.74,recovery,0.89,0.032,0.11
ath_014,club_05,2024-02-19,middle_distance,transition,23,M,1,68.71,2,1,4,2.0,1.0,4.03,0.602,1,90,6,540,410.1,510.8,0.803,0,0,0.957,0.822,6.03,speed,0.87,0.142,0.0
ath_015,club_01,2024-01-01,jumps,off-season,21,M,7,83.01,3,4,4,2.94,4.05,4.14,0.75,1,60,7,420,1720.6,1687.3,1.02,0,1,0.751,0.929,6.19,strength,0.89,0.406,0.11
ath_015,club_01,2024-01-02,jumps,off-season,21,M,7,83.01,1,3,5,1.0,3.4,4.9,0.887,1,75,8,600,1552.5,1633.0,0.951,0,1,0.989,0.806,5.29,strength,0.91,0.128,0.12
ath_015,club_01,2024-01-03,jumps,off-season,21,M,7,83.01,1,4,5,1.0,3.64,4.79,0.895,1,90,6,540,1400.7,1578.3,0.887,0,1,0.782,0.913,5.77,strength,0.91,0.167,0.12
ath_015,club_01,2024-01-04,jumps,off-season,21,M,7,83.01,2,4,5,2.08,3.57,5.0,0.833,1,75,6,450,1258.1,1521.9,0.827,0,1,0.777,0.964,5.15,endurance,0.9,0.267,0.11
ath_015,club_01,2024-01-05,jumps,off-season,21,M,7,83.01,2,2,4,1.86,2.34,4.48,0.731,1,90,7,630,1163.8,1477.3,0.788,0,1,0.993,0.911,6.3,strength,0.88,0.278,0.1
ath_015,club_01,2024-01-06,jumps,off-season,21,M,7,83.01,2,2,3,1.69,2.2,3.28,0.653,1,90,6,540,1070.3,1430.4,0.748,0,1,0.859,0.869,5.66,strength,0.87,0.246,0.0
ath_015,club_01,2024-01-07,jumps,off-season,21,M,7,83.01,1,4,5,1.66,4.02,3.85,0.814,0,75,8,600,999.7,1388.9,0.72,0,1,0.992,0.922,5.79,strength,0.9,0.114,0.11
ath_015,club_01,2024-01-08,jumps,off-season,21,M,7,83.01,3,4,1,3.49,4.19,1.19,0.526,0,60,5,300,894.8,1334.5,0.671,0,1,0.768,0.859,6.16,strength,0.85,0.349,0.0
ath_015,club_01,2024-01-09,jumps,off-season,21,M,7,83.01,1,4,4,1.0,4.29,4.16,0.897,1,60,7,420,823.6,1288.7,0.639,0,1,0.937,0.969,5.07,strength,0.91,0.169,0.12
ath_015,club_01,2024-01-10,jumps,off-season,21,M,7,83.01,5,4,5,4.9,3.07,5.0,0.611,1,90,7,630,794.5,1255.8,0.633,0,1,0.956,0.986,5.13,strength,0.5,0.666,-0.35
ath_015,club_01,2024-01-11,jumps,off-season,21,M,7,83.01,1,3,4,1.19,2.89,3.64,0.756,1,105,5,525,754.1,1219.3,0.618,0,1,0.813,0.874,4.87,strength,0.89,0.171,0.11
ath_015,club_01,2024-01-12,jumps,off-season,21,M,7,83.01,2,5,5,3.02,5.0,4.69,0.844,1,60,5,300,686.0,1173.3,0.585,0,1,0.951,0.826,4.73,strength,0.9,0.322,0.11
ath_015,club_01,2024-01-13,jumps,off-season,21,M,7,83.01,1,4,3,1.0,3.54,3.06,0.773,1,60,7,420,646.1,1135.6,0.569,0,1,0.752,0.987,4.82,endurance,0.89,0.116,0.11
ath_015,club_01,2024-01-14,jumps,off-season,21,M,7,83.01,1,3,2,1.0,3.74,2.23,0.731,1,75,6,450,616.7,1101.4,0.56,0,1,0.9,0.958,4.94,endurance,0.88,0.152,0.1
ath_015,club_01,2024-01-15,jumps,off-season,21,M,7,83.01,3,5,4,3.23,4.82,4.16,0.783,0,0,0,0,524.2,1046.3,0.501,0,1,0.912,0.899,4.61,endurance,0.89,0.44,0.11
ath_015,club_01,2024-01-16,jumps,pre-comp,21,M,7,83.01,3,4,4,3.09,4.03,3.96,0.727,0,90,7,630,540.0,1025.5,0.527,0,1,0.896,0.814,5.51,technique,0.88,0.414,0.1
ath_015,club_01,2024-01-17,jumps,pre-comp,21,M,7,83.01,1,4,4,1.03,4.15,4.13,0.883,1,60,7,420,522.0,995.2,0.525,0,1,0.934,0.953,4.87,technique,0.91,0.167,0.12
ath_015,club_01,2024-01-18,jumps,pre-comp,21,M,7,83.01,3,3,3,2.97,2.68,2.97,0.579,0,75,8,600,533.7,975.4,0.547,0,1,0.937,0.902,5.59,speed,0.86,0.383,0.0
ath_015,club_01,2024-01-19,jumps,pre-comp,21,M,7,83.01,3,5,4,2.84,4.38,3.83,0.758,1,105,6,630,548.2,958.2,0.572,0,1,0.975,0.995,4.91,technique,0.89,0.394,0.11
ath_015,club_01,2024-01-20,jumps,pre-comp,21,M,7,83.01,2,5,4,1.95,4.63,3.97,0.844,0,75,9,675,567.2,944.0,0.601,0,1,0.974,0.961,5.12,technique,0.9,0.255,0.11
ath_015,club_01,2024-01-21,jumps,pre-comp,21,M,7,83.01,2,3,5,2.17,2.71,5.0,0.769,1,90,8,720,590.1,932.8,0.633,0,1,0.802,0.932,4.99,technique,0.89,0.23,0.11
ath_015,club_01,2024-01-22,jumps,pre-comp,21,M,7,83.01,2,5,4,1.87,4.91,4.15,0.879,0,90,9,810,623.1,926.7,0.672,0,1,0.837,0.878,5.32,technique,0.91,0.271,0.12
ath_015,club_01,2024-01-23,jumps,pre-comp,21,M,7,83.01,1,3,3,1.03,3.09,3.03,0.739,1,60,8,480,601.6,904.3,0.665,0,1,0.872,0.916,5.91,technique,0.89,0.101,0.1
ath_015,club_01,2024-01-24,jumps,pre-comp,21,M,7,83.01,2,5,4,1.76,4.81,4.15,0.88,1,105,5,525,590.1,885.4,0.667,0,1,0.974,0.895,5.17,technique,0.91,0.275,0.12
ath_015,club_01,2024-01-25,jumps,pre-comp,21,M,7,83.01,3,4,3,2.48,4.09,3.23,0.723,1,105,8,840,627.6,883.1,0.711,0,1,0.762,0.976,5.76,speed,0.88,0.358,0.1
ath_015,club_01,2024-01-26,jumps,pre-comp,21,M,7,83.01,1,3,4,1.08,2.98,4.03,0.795,0,0,0,0,533.5,838.9,0.636,0,1,0.768,0.845,5.03,technique,0.89,0.198,0.11
ath_015,club_01,2024-01-27,jumps,pre-comp,21,M,7,83.01,2,5,4,1.72,4.88,3.6,0.851,0,0,0,0,453.5,797.0,0.569,0,1,0.95,0.849,4.67,technique,0.9,0.276,0.12
ath_015,club_01,2024-01-28,jumps,pre-comp,21,M,7,83.01,3,5,4,2.95,4.95,3.82,0.788,0,90,5,450,452.9,779.6,0.581,0,1,0.907,0.908,4.78,speed,0.89,0.4,0.11
ath_015,club_01,2024-01-29,jumps,pre-comp,21,M,7,83.01,1,5,4,1.23,4.66,4.02,0.896,1,105,5,525,463.7,766.9,0.605,0,1,0.817,0.97,4.19,speed,0.91,0.156,0.12
ath_015,club_01,2024-01-30,jumps,pre-comp,21,M,7,83.01,5,4,1,5.0,4.12,1.1,0.415,1,0,0,0,394.2,728.6,0.541,0,1,0.944,0.897,5.87,recovery,0.5,0.612,-0.35
ath_015,club_01,2024-01-31,jumps,competition,21,M,7,83.01,1,4,3,1.0,4.12,2.49,0.773,1,75,9,675,436.3,725.9,0.601,0,1,0.902,0.912,5.23,speed,0.89,0.163,0.11
ath_015,club_01,2024-02-01,jumps,competition,21,M,7,83.01,1,4,3,1.0,4.49,2.78,0.818,0,90,9,810,492.4,730.1,0.674,0,1,0.813,0.852,4.86,recovery,0.9,0.16,0.11
ath_015,club_01,2024-02-02,jumps,competition,21,M,7,83.01,1,5,4,1.0,5.0,4.32,0.954,1,90,8,720,526.5,729.6,0.722,0,1,0.949,0.84,5.11,recovery,0.92,0.176,0.13
ath_015,club_01,2024-02-03,jumps,competition,21,M,7,83.01,3,4,2,3.0,3.16,2.11,0.551,1,60,8,480,519.5,717.1,0.724,0,1,0.955,0.826,5.9,speed,0.86,0.36,0.0
ath_015,club_01,2024-02-04,jumps,competition,21,M,7,83.01,1,4,2,1.0,3.85,2.38,0.749,1,75,7,525,520.4,707.5,0.735,0,1,0.944,0.864,5.29,speed,0.89,0.124,0.1
ath_015,club_01,2024-02-05,jumps,competition,21,M,7,83.01,4,4,3,3.74,3.79,3.0,0.603,2,90,6,540,523.3,699.1,0.748,0,1,0.777,0.963,6.03,speed,0.6,0.575,-0.3
ath_015,club_01,2024-02-06,jumps,competition,21,M,7,83.01,1,2,5,1.02,2.16,4.4,0.77,0,60,7,420,507.8,685.2,0.741,0,1,0.869,0.971,5.99,speed,0.89,0.138,0.11
ath_015,club_01,2024-02-07,jumps,competition,21,M,7,83.01,1,5,4,1.21,5.0,3.99,0.919,0,90,6,540,512.6,677.9,0.756,0,1,0.948,0.856,5.76,speed,0.91,0.164,0.12
ath_015,club_01,2024-02-08,jumps,competition,21,M,7,83.01,3,4,5,2.78,4.56,4.85,0.842,1,60,5,300,480.7,659.0,0.729,0,1,0.938,0.905,5.44,speed,0.9,0.395,0.11
ath_015,club_01,2024-02-09,jumps,competition,21,M,7,83.01,2,3,5,1.81,2.9,5.0,0.806,1,60,7,420,471.6,647.1,0.729,0,1,0.983,0.875,5.26,speed,0.9,0.248,0.11
ath_015,club_01,2024-02-10,jumps,competition,21,M,7,83.01,2,4,2,1.73,4.26,2.16,0.713,0,60,6,360,454.9,632.7,0.719,0,1,0.84,0.922,5.23,speed,0.88,0.258,0.1
ath_015,club_01,2024-02-11,jumps,competition,21,M,7,83.01,2,4,4,1.77,3.78,3.25,0.751,1,75,8,600,476.7,631.1,0.755,0,1,0.982,0.831,5.45,recovery,0.89,0.232,0.11
ath_015,club_01,2024-02-12,jumps,competition,21,M,7,83.01,1,3,4,1.74,2.97,4.29,0.768,1,75,6,450,472.7,622.0,0.76,0,1,0.92,0.802,5.12,speed,0.89,0.123,0.11
ath_015,club_01,2024-02-13,jumps,competition,21,M,7,83.01,4,5,3,3.94,5.0,2.5,0.637,2,0,0,0,401.8,590.9,0.68,0,1,0.858,0.838,6.35,speed,0.6,0.544,-0.3
ath_015,club_01,2024-02-14,jumps,competition,21,M,7,83.01,1,3,4,1.0,3.21,3.92,0.808,1,0,0,0,341.5,561.4,0.608,0,1,0.852,0.966,5.51,speed,0.9,0.194,0.11
ath_015,club_01,2024-02-15,jumps,transition,21,M,7,83.01,3,5,3,2.81,5.0,3.27,0.764,1,60,6,360,344.3,551.3,0.624,0,1,0.785,0.878,4.8,recovery,0.89,0.381,0.11
ath_015,club_01,2024-02-16,jumps,transition,21,M,7,83.01,1,5,5,1.25,4.76,4.46,0.932,1,60,6,360,346.6,541.7,0.64,0,1,0.825,0.843,5.0,speed,0.91,0.184,0.12
ath_015,club_01,2024-02-17,jumps,transition,21,M,7,83.01,2,5,4,2.38,4.68,4.26,0.837,1,90,7,630,389.1,546.2,0.712,0,1,0.897,0.984,5.37,speed,0.9,0.362,0.11
ath_015,club_01,2024-02-18,jumps,transition,21,M,7,83.01,2,2,5,2.06,1.33,5.0,0.685,0,75,6,450,398.3,541.3,0.736,0,1,0.867,0.972,5.75,speed,0.88,0.273,0.0
ath_015,club_01,2024-02-19,jumps,transition,21,M,7,83.01,1,5,2,1.0,4.12,1.66,0.719,1,75,5,375,394.8,533.0,0.741,0,1,0.961,0.893,5.74,speed,0.88,0.134,0.1
ath_016,club_02,2024-01-01,sprints,off-season,22,M,3,74.63,2,4,2,2.14,4.07,1.74,0.644,0,105,6,630,1218.6,1615.5,0.754,0,0,0.828,0.898,6.44,endurance,0.87,0.185,0.0
ath_016,club_02,2024-01-02,sprints,off-season,22,M,3,74.63,3,4,5,2.81,3.65,5.0,0.789,0,0,0,0,1035.8,1534.7,0.675,0,0,0.984,0.833,5.67,strength,0.89,0.315,0.11
ath_016,club_02,2024-01-03,sprints,off-season,22,M,3,74.63,3,5,1,2.96,4.89,1.95,0.658,1,0,0,0,880.4,1458.0,0.604,0,0,0.839,0.993,5.9,endurance,0.87,0.332,0.0
ath_016,club_02,2024-01-04,sprints,off-season,22,M,3,74.63,1,4,4,1.0,3.94,3.65,0.839,1,60,8,480,820.3,1409.1,0.582,0,0,0.905,0.944,5.27,strength,0.9,0.044,0.11
ath_016,club_02,2024-01-05,sprints,off-season,22,M,3,74.63,2,4,5,1.56,3.96,5.0,0.893,1,90,9,810,818.8,1379.1,0.594,0,0,0.957,0.946,4.83,endurance,0.91,0.189,0.12
ath_016,club_02,2024-01-06,sprints,off-season,22,M,3,74.63,3,3,4,2.89,3.05,4.44,0.707,1,0,0,0,696.0,1310.1,0.531,0,0,0.974,0.904,5.69,endurance,0.88,0.287,0.1
ath_016,club_02,2024-01-07,sprints,off-season,22,M,3,74.63,2,3,5,2.48,2.88,4.84,0.749,1,75,9,675,692.8,1278.4,0.542,0,0,0.759,0.978,4.65,endurance,0.89,0.192,0.1
ath_016,club_02,2024-01-08,sprints,off-season,22,M,3,74.63,2,4,5,2.08,4.2,5.0,0.874,1,90,6,540,669.9,1241.5,0.54,0,0,0.862,0.851,4.28,endurance,0.91,0.213,0.12
ath_016,club_02,2024-01-09,sprints,off-season,22,M,3,74.63,1,2,3,1.0,2.1,3.18,0.686,1,0,0,0,569.4,1179.4,0.483,0,0,0.902,0.874,5.43,strength,0.88,0.035,0.0
ath_016,club_02,2024-01-10,sprints,off-season,22,M,3,74.63,4,3,4,4.27,3.0,3.91,0.576,2,60,8,480,556.0,1144.4,0.486,0,0,0.883,0.812,5.52,strength,0.6,0.366,-0.3
ath_016,club_02,2024-01-11,sprints,off-season,22,M,3,74.63,3,4,5,2.48,4.38,4.71,0.841,0,75,6,450,540.1,1109.7,0.487,0,0,0.758,0.945,4.37,endurance,0.9,0.301,0.11
ath_016,club_02,2024-01-12,sprints,off-season,22,M,3,74.63,2,5,2,2.4,5.0,2.15,0.717,0,75,5,375,515.3,1073.0,0.48,0,0,0.802,0.924,4.96,endurance,0.88,0.152,0.1
ath_016,club_02,2024-01-13,sprints,off-season,22,M,3,74.63,1,4,5,1.17,4.2,4.52,0.904,0,60,9,540,519.0,1046.3,0.496,0,0,0.756,0.877,4.42,strength,0.91,0.079,0.12
ath_016,club_02,2024-01-14,sprints,off-season,22,M,3,74.63,1,5,3,1.38,5.0,2.96,0.839,0,75,9,675,542.4,1027.8,0.528,0,0,0.766,0.88,4.92,strength,0.9,0.054,0.11
ath_016,club_02,2024-01-15,sprints,off-season,22,M,3,74.63,2,4,5,2.3,3.61,5.0,0.821,0,60,6,360,515.1,994.4,0.518,0,0,0.878,0.906,5.36,endurance,0.9,0.117,0.11
ath_016,club_02,2024-01-16,sprints,pre-comp,22,M,3,74.63,1,5,3,1.0,4.78,2.68,0.831,0,75,7,525,516.6,970.9,0.532,0,0,0.838,0.872,4.94,technique,0.9,0.085,0.11
ath_016,club_02,2024-01-17,sprints,pre-comp,22,M,3,74.63,3,5,3,3.32,4.87,2.87,0.694,1,105,5,525,517.8,948.6,0.546,0,0,0.826,0.922,5.27,speed,0.88,0.306,0.0
ath_016,club_02,2024-01-18,sprints,pre-comp,22,M,3,74.63,2,3,5,2.09,3.04,4.74,0.779,1,60,9,540,521.2,928.2,0.561,0,0,0.811,0.973,4.86,speed,0.89,0.168,0.11
ath_016,club_02,2024-01-19,sprints,pre-comp,22,M,3,74.63,3,2,2,2.93,2.08,1.95,0.474,0,75,9,675,544.2,915.5,0.594,0,0,0.903,0.845,6.24,technique,0.85,0.244,0.0
ath_016,club_02,2024-01-20,sprints,pre-comp,22,M,3,74.63,3,3,3,2.96,2.47,2.69,0.547,1,90,5,450,530.1,892.2,0.594,0,0,0.799,0.91,6.02,speed,0.86,0.267,0.0
ath_016,club_02,2024-01-21,sprints,pre-comp,22,M,3,74.63,1,4,4,1.15,4.41,3.37,0.842,0,105,5,525,529.3,873.9,0.606,0,0,0.943,0.972,4.72,speed,0.9,0.078,0.11
ath_016,club_02,2024-01-22,sprints,pre-comp,22,M,3,74.63,1,4,2,1.42,3.77,2.15,0.701,1,90,5,450,517.4,852.7,0.607,0,0,0.866,0.832,6.02,technique,0.88,0.067,0.1
ath_016,club_02,2024-01-23,sprints,pre-comp,22,M,3,74.63,3,4,4,2.92,3.91,3.91,0.727,0,90,7,630,534.3,841.6,0.635,0,0,0.991,0.881,5.79,technique,0.88,0.285,0.1
ath_016,club_02,2024-01-24,sprints,pre-comp,22,M,3,74.63,2,1,3,1.98,1.0,3.48,0.567,1,90,7,630,548.7,831.0,0.66,0,0,0.813,0.828,6.08,speed,0.86,0.128,0.0
ath_016,club_02,2024-01-25,sprints,pre-comp,22,M,3,74.63,2,2,3,1.54,1.94,2.9,0.62,0,60,7,420,529.4,810.4,0.653,0,0,0.845,0.804,5.21,technique,0.87,0.13,0.0
ath_016,club_02,2024-01-26,sprints,pre-comp,22,M,3,74.63,2,4,5,1.68,4.14,4.69,0.877,0,75,9,675,551.2,803.7,0.686,0,0,0.861,0.927,5.19,speed,0.91,0.152,0.12
ath_016,club_02,2024-01-27,sprints,pre-comp,22,M,3,74.63,2,5,5,2.35,4.92,4.62,0.879,1,75,5,375,524.8,782.2,0.671,0,0,0.972,0.969,5.15,speed,0.91,0.165,0.12
ath_016,club_02,2024-01-28,sprints,pre-comp,22,M,3,74.63,3,4,2,3.03,4.4,1.81,0.612,0,75,5,375,502.3,761.9,0.659,0,0,0.817,0.953,5.64,technique,0.87,0.241,0.0
ath_016,club_02,2024-01-29,sprints,pre-comp,22,M,3,74.63,1,4,4,1.0,3.97,4.05,0.868,1,75,9,675,528.2,757.5,0.697,0,0,0.991,0.927,5.11,technique,0.91,0.01,0.12
ath_016,club_02,2024-01-30,sprints,pre-comp,22,M,3,74.63,4,2,2,3.76,2.38,1.98,0.44,1,105,5,525,527.7,745.9,0.708,0,0,0.854,0.952,6.86,recovery,0.6,0.399,-0.3
ath_016,club_02,2024-01-31,sprints,competition,22,M,3,74.63,1,3,4,1.0,2.81,4.76,0.838,0,75,8,600,538.6,738.6,0.729,0,0,0.809,0.816,4.74,speed,0.9,0.088,0.11
ath_016,club_02,2024-02-01,sprints,competition,22,M,3,74.63,1,2,4,1.0,1.73,4.17,0.727,0,60,7,420,520.8,722.7,0.721,0,0,0.997,0.957,5.17,speed,0.88,0.056,0.1
ath_016,club_02,2024-02-02,sprints,competition,22,M,3,74.63,1,2,4,1.0,1.49,3.97,0.698,0,90,6,540,523.7,713.5,0.734,0,0,0.922,0.994,6.32,recovery,0.88,0.039,0.0
ath_016,club_02,2024-02-03,sprints,competition,22,M,3,74.63,4,4,2,3.73,4.1,2.22,0.573,2,75,5,375,501.4,696.6,0.72,0,0,0.97,0.871,6.38,speed,0.6,0.297,-0.3
ath_016,club_02,2024-02-04,sprints,competition,22,M,3,74.63,1,5,3,1.36,4.85,3.48,0.865,1,75,8,600,516.2,691.8,0.746,0,0,0.804,0.814,4.9,speed,0.9,0.037,0.12
ath_016,club_02,2024-02-05,sprints,competition,22,M,3,74.63,3,4,4,3.09,4.08,3.89,0.726,0,105,8,840,564.7,699.2,0.808,0,0,0.848,0.97,5.74,speed,0.88,0.317,0.1
ath_016,club_02,2024-02-06,sprints,competition,22,M,3,74.63,3,5,2,2.34,4.57,2.2,0.696,1,90,8,720,588.0,700.2,0.84,0,0,0.966,0.913,5.9,recovery,0.88,0.286,0.0
ath_016,club_02,2024-02-07,sprints,competition,22,M,3,74.63,3,4,3,3.37,3.54,2.84,0.601,1,60,8,480,571.8,689.2,0.83,0,0,0.771,0.809,6.03,speed,0.87,0.267,0.0
ath_016,club_02,2024-02-08,sprints,competition,22,M,3,74.63,1,5,5,1.0,4.86,4.85,0.98,0,75,5,375,542.3,673.5,0.805,0,0,0.987,0.914,5.14,speed,0.92,0.094,0.13
ath_016,club_02,2024-02-09,sprints,competition,22,M,3,74.63,1,3,4,1.0,3.26,3.88,0.809,0,75,8,600,551.0,669.8,0.823,0,0,0.92,0.895,5.4,speed,0.9,0.071,0.11
ath_016,club_02,2024-02-10,sprints,competition,22,M,3,74.63,3,4,4,3.19,3.65,4.33,0.72,0,0,0,0,468.3,636.3,0.736,0,0,0.764,0.941,5.46,recovery,0.88,0.307,0.1
ath_016,club_02,2024-02-11,sprints,competition,22,M,3,74.63,1,2,5,1.05,1.95,4.98,0.792,1,90,6,540,479.1,631.5,0.759,0,0,0.925,0.859,5.63,speed,0.89,0.089,0.11
ath_016,club_02,2024-02-12,sprints,competition,22,M,3,74.63,2,3,4,1.88,2.94,4.13,0.746,1,75,6,450,474.7,622.4,0.763,0,0,0.845,0.923,5.27,speed,0.89,0.095,0.1
ath_016,club_02,2024-02-13,sprints,competition,22,M,3,74.63,5,5,4,4.86,4.93,3.99,0.67,1,60,6,360,457.5,609.3,0.751,0,0,0.813,0.876,6.05,recovery,0.5,0.53,-0.35
ath_016,club_02,2024-02-14,sprints,competition,22,M,3,74.63,2,2,3,2.23,1.87,3.19,0.588,1,75,5,375,445.1,597.6,0.745,0,0,0.826,0.939,6.29,recovery,0.86,0.18,0.0
ath_016,club_02,2024-02-15,sprints,transition,22,M,3,74.63,5,3,4,5.0,2.44,4.32,0.518,1,0,0,0,378.4,567.7,0.666,0,0,0.791,0.847,5.37,recovery,0.5,0.531,-0.35
ath_016,club_02,2024-02-16,sprints,transition,22,M,3,74.63,2,2,4,1.77,2.16,4.21,0.707,1,60,8,480,393.6,563.3,0.699,0,0,0.815,0.867,5.41,speed,0.88,0.141,0.1
ath_016,club_02,2024-02-17,sprints,transition,22,M,3,74.63,1,2,4,1.0,1.97,3.95,0.728,1,105,6,630,429.1,566.7,0.757,0,0,0.964,0.823,5.31,speed,0.88,0.1,0.1
ath_016,club_02,2024-02-18,sprints,transition,22,M,3,74.63,2,2,4,2.15,1.8,4.15,0.653,0,60,8,480,436.7,562.3,0.777,0,0,0.782,0.821,5.7,recovery,0.87,0.15,0.0
ath_016,club_02,2024-02-19,sprints,transition,22,M,3,74.63,2,4,4,1.7,4.46,3.93,0.846,0,75,9,675,472.4,568.0,0.832,0,0,0.827,0.997,5.26,speed,0.9,0.182,0.11
ath_017,club_03,2024-01-01,jumps,off-season,22,F,7,85.03,2,5,5,2.58,5.0,5.0,0.895,0,60,6,360,1548.4,2064.7,0.75,0,0,0.91,0.89,4.73,endurance,0.91,0.188,0.12
ath_017,club_03,2024-01-02,jumps,off-season,22,F,7,85.03,4,4,4,4.1,4.04,3.68,0.642,2,60,7,420,1379.1,1982.5,0.696,0,0,0.846,0.844,6.19,strength,0.6,0.44,-0.3
ath_017,club_03,2024-01-03,jumps,off-season,22,F,7,85.03,3,4,4,3.32,3.97,3.96,0.707,1,60,5,300,1217.3,1898.4,0.641,0,0,0.999,0.956,4.85,strength,0.88,0.318,0.1
ath_017,club_03,2024-01-04,jumps,off-season,22,F,7,85.03,3,4,4,2.63,4.31,3.76,0.762,1,60,8,480,1106.7,1827.5,0.606,0,0,0.79,0.848,6.31,strength,0.89,0.308,0.11
ath_017,club_03,2024-01-05,jumps,off-season,22,F,7,85.03,3,3,5,2.91,3.08,4.76,0.729,1,75,8,600,1030.7,1766.1,0.584,0,0,0.761,0.891,4.96,endurance,0.88,0.291,0.1
ath_017,club_03,2024-01-06,jumps,off-season,22,F,7,85.03,2,2,4,2.01,1.87,3.92,0.652,1,90,6,540,957.1,1704.8,0.561,0,0,0.898,0.977,5.24,endurance,0.87,0.199,0.0
ath_017,club_03,2024-01-07,jumps,off-season,22,F,7,85.03,1,5,5,1.03,4.69,5.0,0.978,1,90,6,540,894.5,1646.5,0.543,0,0,0.907,0.966,4.22,endurance,0.92,0.127,0.13
ath_017,club_03,2024-01-08,jumps,off-season,22,F,7,85.03,5,4,4,4.81,3.99,4.04,0.615,1,90,6,540,841.3,1591.2,0.529,0,0,0.867,0.807,5.27,endurance,0.5,0.516,-0.35
ath_017,club_03,2024-01-09,jumps,off-season,22,F,7,85.03,1,2,2,1.0,2.1,1.76,0.59,1,75,8,600,805.1,1541.7,0.522,0,0,0.911,0.92,5.16,strength,0.86,0.029,0.0
ath_017,club_03,2024-01-10,jumps,off-season,22,F,7,85.03,3,3,4,2.97,2.78,4.11,0.661,1,75,7,525,763.1,1490.8,0.512,0,0,0.916,0.905,5.26,endurance,0.87,0.265,0.0
ath_017,club_03,2024-01-11,jumps,off-season,22,F,7,85.03,5,4,3,4.61,4.13,3.1,0.575,1,75,9,675,749.9,1450.0,0.517,0,0,0.83,0.835,5.75,strength,0.5,0.52,-0.35
ath_017,club_03,2024-01-12,jumps,off-season,22,F,7,85.03,1,5,4,1.5,4.77,4.04,0.887,0,75,5,375,693.7,1396.3,0.497,0,0,0.86,0.876,4.67,endurance,0.91,0.097,0.12
ath_017,club_03,2024-01-13,jumps,off-season,22,F,7,85.03,3,5,3,2.85,5.0,3.11,0.751,0,60,9,540,670.6,1353.5,0.495,0,0,0.789,0.937,4.35,strength,0.89,0.276,0.11
ath_017,club_03,2024-01-14,jumps,off-season,22,F,7,85.03,1,4,3,1.28,3.98,2.98,0.779,0,0,0,0,570.0,1285.8,0.443,0,0,0.799,0.91,5.26,strength,0.89,0.046,0.11
ath_017,club_03,2024-01-15,jumps,off-season,22,F,7,85.03,1,4,2,1.0,4.11,1.95,0.738,0,60,5,300,529.5,1236.5,0.428,0,0,0.924,0.962,5.39,endurance,0.89,0.01,0.1
ath_017,club_03,2024-01-16,jumps,pre-comp,22,F,7,85.03,2,5,4,2.42,5.0,3.95,0.835,0,75,8,600,540.1,1204.7,0.448,0,0,0.885,0.978,5.16,speed,0.9,0.199,0.11
ath_017,club_03,2024-01-17,jumps,pre-comp,22,F,7,85.03,1,2,5,1.0,2.19,4.89,0.805,0,75,7,525,537.8,1170.7,0.459,0,0,0.768,0.967,5.04,speed,0.9,0.045,0.11
ath_017,club_03,2024-01-18,jumps,pre-comp,22,F,7,85.03,2,5,5,1.79,5.0,4.72,0.928,1,75,7,525,535.9,1138.4,0.471,0,0,0.876,0.868,4.56,technique,0.91,0.218,0.12
ath_017,club_03,2024-01-19,jumps,pre-comp,22,F,7,85.03,2,3,5,2.16,2.66,5.0,0.766,1,75,6,450,523.0,1104.0,0.474,0,0,0.932,0.819,4.87,speed,0.89,0.155,0.11
ath_017,club_03,2024-01-20,jumps,pre-comp,22,F,7,85.03,1,4,4,1.0,3.58,3.85,0.829,0,90,7,630,539.1,1080.3,0.499,0,0,0.891,0.99,4.96,technique,0.9,0.091,0.11
ath_017,club_03,2024-01-21,jumps,pre-comp,22,F,7,85.03,4,4,3,3.55,3.85,3.25,0.637,2,90,5,450,525.7,1048.8,0.501,0,0,0.797,0.91,5.37,speed,0.6,0.424,-0.3
ath_017,club_03,2024-01-22,jumps,pre-comp,22,F,7,85.03,2,2,3,2.44,2.26,2.57,0.559,0,0,0,0,446.8,996.3,0.448,0,0,0.86,0.851,5.81,technique,0.86,0.21,0.0
ath_017,club_03,2024-01-23,jumps,pre-comp,22,F,7,85.03,1,4,5,1.11,4.17,4.7,0.917,1,60,7,420,442.8,967.5,0.458,0,0,0.757,0.823,5.15,speed,0.91,0.016,0.12
ath_017,club_03,2024-01-24,jumps,pre-comp,22,F,7,85.03,3,4,5,3.3,4.23,4.83,0.784,0,105,8,840,502.4,961.1,0.523,0,0,0.809,0.869,4.81,technique,0.89,0.336,0.11
ath_017,club_03,2024-01-25,jumps,pre-comp,22,F,7,85.03,3,3,5,2.94,3.1,5.0,0.744,1,60,6,360,481.0,931.1,0.517,0,0,0.829,0.846,4.81,technique,0.89,0.276,0.1
ath_017,club_03,2024-01-26,jumps,pre-comp,22,F,7,85.03,1,5,4,1.18,4.63,4.67,0.941,1,0,0,0,408.9,884.5,0.462,0,0,0.794,0.895,4.32,speed,0.92,0.052,0.12
ath_017,club_03,2024-01-27,jumps,pre-comp,22,F,7,85.03,1,3,4,1.0,2.68,4.45,0.809,1,75,7,525,426.3,866.6,0.492,0,0,0.788,0.875,4.9,technique,0.9,0.01,0.11
ath_017,club_03,2024-01-28,jumps,pre-comp,22,F,7,85.03,1,4,5,1.08,3.84,4.91,0.911,0,90,5,450,429.9,845.7,0.508,0,0,0.97,0.808,4.52,technique,0.91,0.052,0.12
ath_017,club_03,2024-01-29,jumps,pre-comp,22,F,7,85.03,2,2,3,1.63,2.61,3.33,0.687,0,90,7,630,459.9,834.9,0.551,0,0,0.858,0.919,5.53,speed,0.88,0.174,0.0
ath_017,club_03,2024-01-30,jumps,pre-comp,22,F,7,85.03,1,4,5,1.19,3.65,5.0,0.897,0,60,9,540,471.9,820.2,0.575,0,0,0.794,0.932,4.85,technique,0.91,0.06,0.12
ath_017,club_03,2024-01-31,jumps,competition,22,F,7,85.03,1,4,4,1.0,3.13,3.8,0.795,0,90,6,540,482.1,806.2,0.598,0,0,0.833,0.834,5.23,speed,0.89,0.041,0.11
ath_017,club_03,2024-02-01,jumps,competition,22,F,7,85.03,2,4,4,1.79,4.22,3.56,0.8,0,60,5,300,454.8,780.9,0.582,0,0,0.794,0.865,5.71,speed,0.89,0.213,0.11
ath_017,club_03,2024-02-02,jumps,competition,22,F,7,85.03,3,1,5,2.75,1.12,5.0,0.624,0,0,0,0,386.6,741.8,0.521,0,0,0.776,0.842,5.89,recovery,0.87,0.324,0.0
ath_017,club_03,2024-02-03,jumps,competition,22,F,7,85.03,3,4,4,3.2,4.39,4.04,0.749,1,75,8,600,418.6,734.7,0.57,0,0,0.908,0.848,5.84,speed,0.89,0.277,0.1
ath_017,club_03,2024-02-04,jumps,competition,22,F,7,85.03,1,3,4,1.0,3.37,4.44,0.853,1,75,6,450,423.3,720.5,0.588,0,0,0.904,0.989,4.65,speed,0.9,0.071,0.12
ath_017,club_03,2024-02-05,jumps,competition,22,F,7,85.03,2,5,3,1.74,4.66,2.54,0.764,0,75,5,375,416.1,703.2,0.592,0,0,0.857,0.882,5.18,speed,0.89,0.179,0.11
ath_017,club_03,2024-02-06,jumps,competition,22,F,7,85.03,3,4,4,3.17,3.96,3.47,0.684,0,0,0,0,353.6,668.1,0.529,0,0,0.867,0.998,5.71,recovery,0.88,0.266,0.0
ath_017,club_03,2024-02-07,jumps,competition,22,F,7,85.03,2,1,5,1.46,1.0,4.99,0.702,0,90,9,810,422.1,675.2,0.625,0,0,0.797,0.802,5.42,recovery,0.88,0.183,0.1
ath_017,club_03,2024-02-08,jumps,competition,22,F,7,85.03,1,4,3,1.14,3.63,2.96,0.764,1,90,7,630,453.3,672.9,0.674,0,0,0.958,0.882,5.5,speed,0.89,0.079,0.11
ath_017,club_03,2024-02-09,jumps,competition,22,F,7,85.03,4,5,2,3.87,5.0,1.55,0.578,2,0,0,0,385.3,639.3,0.603,0,0,0.884,0.842,6.0,speed,0.6,0.43,-0.3
ath_017,club_03,2024-02-10,jumps,competition,22,F,7,85.03,2,4,3,1.68,4.1,2.86,0.752,0,75,5,375,383.7,626.0,0.613,0,0,0.941,0.991,5.69,recovery,0.89,0.173,0.11
ath_017,club_03,2024-02-11,jumps,competition,22,F,7,85.03,1,5,5,1.18,4.89,5.0,0.981,0,90,5,450,393.7,617.2,0.638,0,0,0.872,0.891,4.89,speed,0.92,0.027,0.13
ath_017,club_03,2024-02-12,jumps,competition,22,F,7,85.03,4,3,4,3.91,2.71,4.47,0.618,1,75,8,600,424.6,616.4,0.689,0,0,0.884,0.846,6.05,recovery,0.6,0.336,-0.3
ath_017,club_03,2024-02-13,jumps,competition,22,F,7,85.03,1,5,2,1.23,4.92,2.11,0.786,0,0,0,0,360.9,585.6,0.616,0,0,0.85,0.836,5.57,speed,0.89,0.083,0.11
ath_017,club_03,2024-02-14,jumps,competition,22,F,7,85.03,3,5,4,3.57,4.42,4.34,0.747,1,60,5,300,351.8,571.3,0.616,0,0,0.996,0.81,5.31,recovery,0.89,0.242,0.1
ath_017,club_03,2024-02-15,jumps,transition,22,F,7,85.03,4,4,3,4.12,4.01,2.67,0.571,1,60,6,360,353.0,560.7,0.63,0,0,0.808,0.824,5.85,recovery,0.6,0.403,-0.3
ath_017,club_03,2024-02-16,jumps,transition,22,F,7,85.03,2,3,5,1.83,3.27,4.87,0.821,0,90,8,720,408.1,568.7,0.718,0,0,0.932,0.974,5.06,recovery,0.9,0.206,0.11
ath_017,club_03,2024-02-17,jumps,transition,22,F,7,85.03,2,4,3,2.18,4.47,3.24,0.768,0,60,8,480,418.9,564.3,0.742,0,0,0.8,0.972,5.68,speed,0.89,0.228,0.11
ath_017,club_03,2024-02-18,jumps,transition,22,F,7,85.03,2,2,4,1.75,2.21,3.81,0.684,0,90,6,540,437.0,563.0,0.776,0,0,0.895,0.865,5.74,speed,0.88,0.153,0.0
ath_017,club_03,2024-02-19,jumps,transition,22,F,7,85.03,2,5,3,2.08,5.0,3.03,0.796,1,75,8,600,461.5,564.9,0.817,0,0,0.754,0.837,5.06,recovery,0.89,0.215,0.11
ath_018,club_04,2024-01-01,throws,off-season,26,M,6,62.8,1,3,5,1.1,3.27,4.91,0.872,1,90,6,540,1514.4,1613.9,0.938,0,0,0.912,0.881,5.87,strength,0.91,0.045,0.12
ath_018,club_04,2024-01-02,throws,off-season,26,M,6,62.8,1,4,3,1.01,4.22,2.43,0.776,1,60,5,300,1332.2,1548.2,0.86,0,0,0.787,0.916,6.19,strength,0.89,0.077,0.11
ath_018,club_04,2024-01-03,throws,off-season,26,M,6,62.8,1,2,4,1.07,1.75,4.33,0.734,1,105,6,630,1226.9,1502.3,0.817,0,0,0.933,0.884,6.28,strength,0.89,0.079,0.1
ath_018,club_04,2024-01-04,throws,off-season,26,M,6,62.8,2,4,3,1.57,4.52,2.73,0.778,0,90,9,810,1164.3,1467.7,0.793,0,0,0.846,0.956,5.48,strength,0.89,0.173,0.11
ath_018,club_04,2024-01-05,throws,off-season,26,M,6,62.8,1,5,5,1.07,4.71,4.92,0.97,0,0,0,0,989.7,1394.3,0.71,0,0,0.893,0.819,4.77,strength,0.92,0.044,0.13
ath_018,club_04,2024-01-06,throws,off-season,26,M,6,62.8,3,5,2,2.78,5.0,2.04,0.684,1,75,7,525,920.0,1350.8,0.681,0,0,0.872,0.878,5.7,strength,0.88,0.268,0.0
ath_018,club_04,2024-01-07,throws,off-season,26,M,6,62.8,1,4,4,1.0,3.47,3.3,0.784,1,90,5,450,849.5,1305.8,0.651,0,0,0.846,0.906,5.0,strength,0.89,0.041,0.11
ath_018,club_04,2024-01-08,throws,off-season,26,M,6,62.8,1,4,4,1.0,4.41,4.23,0.909,1,105,5,525,800.8,1266.8,0.632,0,0,0.891,0.945,4.49,strength,0.91,0.045,0.12
ath_018,club_04,2024-01-09,throws,off-season,26,M,6,62.8,2,4,2,2.53,4.09,2.21,0.651,0,60,6,360,734.7,1221.4,0.602,0,0,0.821,0.943,5.19,strength,0.87,0.193,0.0
ath_018,club_04,2024-01-10,throws,off-season,26,M,6,62.8,1,3,5,1.0,2.83,4.75,0.838,0,75,8,600,714.5,1190.3,0.6,0,0,0.985,0.97,4.32,strength,0.9,0.051,0.11
ath_018,club_04,2024-01-11,throws,off-season,26,M,6,62.8,3,5,4,2.98,4.63,4.15,0.786,0,75,8,600,697.3,1160.8,0.601,0,0,0.896,0.81,4.61,strength,0.89,0.265,0.11
ath_018,club_04,2024-01-12,throws,off-season,26,M,6,62.8,3,4,3,3.3,3.79,2.59,0.605,1,90,9,810,714.2,1143.3,0.625,0,0,0.91,0.835,5.45,strength,0.87,0.344,0.0
ath_018,club_04,2024-01-13,throws,off-season,26,M,6,62.8,3,4,5,2.82,3.88,4.54,0.773,0,90,5,450,674.6,1108.6,0.608,0,0,0.872,0.852,4.89,endurance,0.89,0.269,0.11
ath_018,club_04,2024-01-14,throws,off-season,26,M,6,62.8,3,3,4,3.13,2.74,3.96,0.638,1,75,6,450,640.9,1075.7,0.596,0,0,0.778,0.814,5.92,strength,0.87,0.32,0.0
ath_018,club_04,2024-01-15,throws,off-season,26,M,6,62.8,2,2,5,2.52,2.02,4.91,0.694,1,105,5,525,623.5,1048.2,0.595,0,0,0.827,0.844,5.25,strength,0.88,0.137,0.0
ath_018,club_04,2024-01-16,throws,pre-comp,26,M,6,62.8,1,4,3,1.13,4.02,2.86,0.783,0,75,7,525,608.7,1022.0,0.596,0,0,0.797,0.979,5.0,technique,0.89,0.044,0.11
ath_018,club_04,2024-01-17,throws,pre-comp,26,M,6,62.8,1,3,1,1.3,3.14,1.28,0.608,1,0,0,0,517.4,970.9,0.533,0,0,0.879,0.873,5.42,technique,0.87,0.062,0.0
ath_018,club_04,2024-01-18,throws,pre-comp,26,M,6,62.8,2,3,5,1.45,3.11,4.89,0.837,0,60,5,300,484.8,937.4,0.517,0,0,0.903,0.836,4.59,speed,0.9,0.102,0.11
ath_018,club_04,2024-01-19,throws,pre-comp,26,M,6,62.8,1,5,4,1.09,4.73,4.47,0.941,0,75,6,450,479.6,913.0,0.525,0,0,0.996,0.891,4.17,speed,0.92,0.024,0.12
ath_018,club_04,2024-01-20,throws,pre-comp,26,M,6,62.8,3,5,4,2.84,4.77,3.56,0.766,1,105,5,525,486.4,893.6,0.544,0,0,0.859,0.912,5.15,speed,0.89,0.28,0.11
ath_018,club_04,2024-01-21,throws,pre-comp,26,M,6,62.8,3,5,3,2.52,5.0,2.51,0.732,0,60,7,420,476.4,869.9,0.548,0,0,0.877,0.999,5.5,speed,0.88,0.289,0.1
ath_018,club_04,2024-01-22,throws,pre-comp,26,M,6,62.8,1,4,4,1.04,3.74,3.87,0.838,1,60,8,480,477.0,850.4,0.561,0,0,0.844,0.822,4.49,speed,0.9,0.036,0.11
ath_018,club_04,2024-01-23,throws,pre-comp,26,M,6,62.8,2,3,4,1.98,3.17,3.52,0.714,0,105,6,630,499.9,839.4,0.596,0,0,0.864,0.83,5.41,speed,0.88,0.175,0.1
ath_018,club_04,2024-01-24,throws,pre-comp,26,M,6,62.8,3,2,4,2.97,1.89,3.74,0.578,1,60,8,480,496.9,821.4,0.605,0,0,0.802,0.96,5.55,speed,0.86,0.358,0.0
ath_018,club_04,2024-01-25,throws,pre-comp,26,M,6,62.8,1,5,4,1.46,4.8,4.38,0.915,0,75,8,600,512.4,810.4,0.632,0,0,0.928,0.976,4.87,speed,0.91,0.11,0.12
ath_018,club_04,2024-01-26,throws,pre-comp,26,M,6,62.8,2,4,3,1.68,4.09,3.12,0.768,0,90,6,540,516.5,796.8,0.648,0,0,0.778,0.817,4.78,technique,0.89,0.138,0.11
ath_018,club_04,2024-01-27,throws,pre-comp,26,M,6,62.8,3,4,4,2.47,3.47,3.92,0.728,1,60,8,480,511.1,781.0,0.654,0,0,0.753,0.977,5.82,speed,0.88,0.298,0.1
ath_018,club_04,2024-01-28,throws,pre-comp,26,M,6,62.8,2,5,4,2.31,4.49,4.18,0.824,1,90,5,450,501.9,764.4,0.657,0,0,0.779,0.97,4.16,technique,0.9,0.17,0.11
ath_018,club_04,2024-01-29,throws,pre-comp,26,M,6,62.8,1,4,5,1.0,4.2,4.75,0.93,1,60,9,540,507.6,753.2,0.674,0,0,0.781,0.865,4.06,speed,0.91,0.057,0.12
ath_018,club_04,2024-01-30,throws,pre-comp,26,M,6,62.8,2,2,3,2.1,1.7,2.7,0.554,0,75,9,675,532.7,749.3,0.711,0,0,0.949,0.936,5.96,technique,0.86,0.164,0.0
ath_018,club_04,2024-01-31,throws,competition,26,M,6,62.8,2,4,3,1.83,3.44,3.15,0.718,1,75,9,675,554.1,745.6,0.743,0,0,1.0,0.801,6.3,speed,0.88,0.156,0.1
ath_018,club_04,2024-02-01,throws,competition,26,M,6,62.8,1,3,4,1.15,3.1,3.72,0.778,1,90,9,810,592.5,748.8,0.791,0,0,0.927,0.812,5.22,speed,0.89,0.068,0.11
ath_018,club_04,2024-02-02,throws,competition,26,M,6,62.8,1,5,3,1.31,4.79,3.38,0.857,1,105,8,840,629.6,753.4,0.836,0,0,0.778,0.877,5.47,recovery,0.9,0.073,0.12
ath_018,club_04,2024-02-03,throws,competition,26,M,6,62.8,2,1,5,2.12,1.0,5.0,0.659,1,0,0,0,535.1,715.7,0.748,0,0,0.809,0.975,5.99,recovery,0.87,0.205,0.0
ath_018,club_04,2024-02-04,throws,competition,26,M,6,62.8,3,3,5,3.04,3.12,5.0,0.739,0,75,8,600,544.9,709.9,0.768,0,0,0.812,0.913,6.09,recovery,0.89,0.302,0.1
ath_018,club_04,2024-02-05,throws,competition,26,M,6,62.8,2,3,4,2.48,2.82,3.77,0.675,1,60,6,360,517.1,692.4,0.747,0,0,0.815,0.895,5.35,speed,0.88,0.134,0.0
ath_018,club_04,2024-02-06,throws,competition,26,M,6,62.8,3,3,4,3.57,2.71,4.57,0.647,0,75,8,600,529.6,687.8,0.77,0,0,0.959,0.83,5.51,speed,0.87,0.234,0.0
ath_018,club_04,2024-02-07,throws,competition,26,M,6,62.8,1,3,4,1.21,2.83,4.24,0.791,1,75,7,525,528.9,679.7,0.778,0,0,0.791,0.831,5.78,speed,0.89,0.028,0.11
ath_018,club_04,2024-02-08,throws,competition,26,M,6,62.8,2,4,3,2.05,3.61,3.04,0.706,1,75,5,375,505.8,664.4,0.761,0,0,0.818,0.939,5.9,speed,0.88,0.136,0.1
ath_018,club_04,2024-02-09,throws,competition,26,M,6,62.8,3,5,3,2.84,5.0,2.89,0.736,1,90,7,630,524.4,662.7,0.791,0,0,0.85,0.839,5.25,speed,0.89,0.276,0.1
ath_018,club_04,2024-02-10,throws,competition,26,M,6,62.8,4,5,3,3.72,4.43,3.16,0.658,1,0,0,0,445.8,629.6,0.708,1,0,0.928,0.927,6.0,recovery,0.6,0.583,-0.3
ath_018,club_04,2024-02-11,throws,competition,26,M,6,62.8,5,1,1,4.94,1.0,1.0,0.204,2,75,5,375,435.2,616.8,0.705,1,0,0.881,0.866,7.33,recovery,0.5,0.682,-0.35
ath_018,club_04,2024-02-12,throws,competition,26,M,6,62.8,4,2,1,3.72,2.04,1.53,0.39,1,0,0,0,369.9,586.0,0.631,1,0,0.962,0.875,6.62,recovery,0.6,0.548,-0.3
ath_018,club_04,2024-02-13,throws,competition,26,M,6,62.8,4,2,2,4.02,1.77,1.93,0.379,1,75,5,375,370.6,575.5,0.644,1,0,0.885,0.902,6.29,recovery,0.6,0.528,-0.3
ath_018,club_04,2024-02-14,throws,competition,26,M,6,62.8,4,3,3,3.63,2.78,3.04,0.546,2,60,3,180,342.1,555.7,0.616,1,0,0.94,0.841,5.44,recovery,0.6,0.601,-0.3
ath_018,club_04,2024-02-15,throws,transition,26,M,6,62.8,4,3,1,4.06,2.25,1.37,0.37,1,75,4,300,335.7,542.9,0.618,1,0,0.931,0.958,6.1,recovery,0.6,0.515,-0.3
ath_018,club_04,2024-02-16,throws,transition,26,M,6,62.8,4,2,3,4.01,1.59,2.87,0.43,1,60,4,240,321.4,527.8,0.609,1,0,0.849,0.997,6.46,recovery,0.6,0.507,-0.3
ath_018,club_04,2024-02-17,throws,transition,26,M,6,62.8,4,2,3,3.81,2.14,2.8,0.475,1,0,0,0,273.2,501.4,0.545,1,0,0.751,0.902,6.47,recovery,0.6,0.567,-0.3
ath_018,club_04,2024-02-18,throws,transition,26,M,6,62.8,4,3,2,4.16,2.87,1.8,0.434,2,90,5,450,299.7,498.8,0.601,1,0,0.866,0.863,6.28,recovery,0.6,0.589,-0.3
ath_018,club_04,2024-02-19,throws,transition,26,M,6,62.8,4,2,3,4.14,2.16,2.5,0.435,2,90,4,360,308.7,491.9,0.628,1,0,0.777,0.854,6.22,recovery,0.6,0.543,-0.3
ath_019,club_05,2024-01-01,jumps,off-season,24,F,2,82.63,4,4,1,3.65,4.38,1.09,0.521,1,75,9,675,1545.7,2061.2,0.75,0,0,0.877,0.863,5.75,endurance,0.6,0.441,-0.3
ath_019,club_05,2024-01-02,jumps,off-season,24,F,2,82.63,3,5,1,2.94,4.97,1.0,0.602,0,105,8,840,1439.8,2000.1,0.72,0,0,0.917,0.943,6.14,strength,0.87,0.293,0.0
ath_019,club_05,2024-01-03,jumps,off-season,24,F,2,82.63,3,5,5,2.93,4.68,4.68,0.829,1,60,5,300,1268.9,1915.1,0.663,0,0,0.964,0.954,5.26,strength,0.9,0.25,0.11
ath_019,club_05,2024-01-04,jumps,off-season,24,F,2,82.63,2,5,5,2.18,4.89,5.0,0.914,0,75,7,525,1157.3,1845.6,0.627,0,0,0.779,0.91,4.47,strength,0.91,0.209,0.12
ath_019,club_05,2024-01-05,jumps,off-season,24,F,2,82.63,2,3,4,2.23,3.02,4.01,0.72,0,90,8,720,1091.7,1789.3,0.61,0,0,0.92,0.949,5.67,strength,0.88,0.161,0.1
ath_019,club_05,2024-01-06,jumps,off-season,24,F,2,82.63,2,2,4,1.94,2.28,3.64,0.666,1,90,5,450,995.4,1722.4,0.578,0,0,0.862,0.932,5.46,strength,0.87,0.15,0.0
ath_019,club_05,2024-01-07,jumps,off-season,24,F,2,82.63,1,5,3,1.0,5.0,3.19,0.879,0,60,6,360,900.1,1654.3,0.544,0,0,0.98,0.861,4.92,strength,0.91,0.033,0.12
ath_019,club_05,2024-01-08,jumps,off-season,24,F,2,82.63,3,5,5,2.96,4.91,4.6,0.836,1,75,6,450,832.6,1594.0,0.522,0,0,0.917,0.889,4.39,endurance,0.9,0.312,0.11
ath_019,club_05,2024-01-09,jumps,off-season,24,F,2,82.63,2,3,4,1.56,2.69,3.67,0.72,1,75,6,450,775.2,1536.8,0.504,0,0,0.751,0.926,5.31,strength,0.88,0.214,0.1
ath_019,club_05,2024-01-10,jumps,off-season,24,F,2,82.63,2,5,3,2.06,5.0,2.38,0.755,1,90,6,540,739.9,1487.0,0.498,0,0,0.933,0.886,4.29,endurance,0.89,0.154,0.11
ath_019,club_05,2024-01-11,jumps,off-season,24,F,2,82.63,1,4,3,1.0,3.78,3.06,0.79,1,0,0,0,628.9,1412.6,0.445,0,0,0.843,0.946,4.31,strength,0.89,0.073,0.11
ath_019,club_05,2024-01-12,jumps,off-season,24,F,2,82.63,2,4,4,1.55,3.97,4.04,0.831,0,75,5,375,590.8,1360.8,0.434,0,0,0.988,0.927,4.95,strength,0.9,0.199,0.11
ath_019,club_05,2024-01-13,jumps,off-season,24,F,2,82.63,1,4,4,1.17,3.86,4.23,0.861,0,90,5,450,569.7,1315.2,0.433,0,0,0.943,0.829,4.74,strength,0.9,0.068,0.12
ath_019,club_05,2024-01-14,jumps,off-season,24,F,2,82.63,1,5,3,1.55,4.95,2.27,0.777,1,75,5,375,540.5,1268.2,0.426,0,0,0.964,0.887,5.37,endurance,0.89,0.03,0.11
ath_019,club_05,2024-01-15,jumps,off-season,24,F,2,82.63,3,3,5,3.17,3.34,5.0,0.745,1,75,6,450,526.9,1227.3,0.429,0,0,0.958,0.804,4.87,strength,0.89,0.329,0.1
ath_019,club_05,2024-01-16,jumps,pre-comp,24,F,2,82.63,2,4,4,1.79,4.08,3.43,0.782,0,90,5,450,515.4,1188.4,0.434,0,0,0.899,0.85,4.68,speed,0.89,0.108,0.11
ath_019,club_05,2024-01-17,jumps,pre-comp,24,F,2,82.63,1,4,4,1.0,4.07,4.59,0.91,1,90,7,630,532.6,1160.5,0.459,0,0,0.874,0.989,4.62,speed,0.91,0.088,0.12
ath_019,club_05,2024-01-18,jumps,pre-comp,24,F,2,82.63,3,1,4,3.33,1.06,4.13,0.524,1,90,9,810,574.2,1143.0,0.502,0,0,0.914,0.833,5.77,technique,0.85,0.313,0.0
ath_019,club_05,2024-01-19,jumps,pre-comp,24,F,2,82.63,1,4,4,1.0,3.85,3.68,0.835,1,105,9,945,629.8,1133.1,0.556,0,0,0.982,0.851,4.92,speed,0.9,0.01,0.11
ath_019,club_05,2024-01-20,jumps,pre-comp,24,F,2,82.63,1,5,4,1.0,4.69,3.93,0.908,0,90,6,540,616.3,1103.4,0.559,0,0,0.826,0.892,4.42,technique,0.91,0.01,0.12
ath_019,club_05,2024-01-21,jumps,pre-comp,24,F,2,82.63,3,3,4,3.07,3.17,4.1,0.681,1,90,6,540,604.9,1075.3,0.563,0,0,0.888,0.972,5.62,speed,0.88,0.306,0.0
ath_019,club_05,2024-01-22,jumps,pre-comp,24,F,2,82.63,3,3,5,2.37,2.91,5.0,0.769,1,75,8,600,604.2,1051.5,0.575,0,0,0.849,0.917,4.79,speed,0.89,0.324,0.11
ath_019,club_05,2024-01-23,jumps,pre-comp,24,F,2,82.63,3,5,3,3.46,4.78,2.55,0.658,1,60,7,420,576.5,1019.9,0.565,0,0,0.884,0.956,5.77,speed,0.87,0.305,0.0
ath_019,club_05,2024-01-24,jumps,pre-comp,24,F,2,82.63,2,3,2,1.99,2.98,2.07,0.604,1,60,6,360,544.1,986.9,0.551,0,0,0.986,0.834,5.42,technique,0.87,0.126,0.0
ath_019,club_05,2024-01-25,jumps,pre-comp,24,F,2,82.63,3,4,4,2.84,3.95,4.29,0.76,1,75,8,600,552.4,967.6,0.571,0,0,0.868,0.898,5.93,speed,0.89,0.279,0.11
ath_019,club_05,2024-01-26,jumps,pre-comp,24,F,2,82.63,2,3,4,1.69,2.59,3.79,0.713,0,75,9,675,570.8,953.0,0.599,0,0,0.871,0.86,5.49,speed,0.88,0.203,0.1
ath_019,club_05,2024-01-27,jumps,pre-comp,24,F,2,82.63,2,4,1,2.38,4.38,1.14,0.609,1,90,5,450,552.7,927.8,0.596,0,0,0.816,0.844,5.92,technique,0.87,0.167,0.0
ath_019,club_05,2024-01-28,jumps,pre-comp,24,F,2,82.63,2,3,3,1.72,3.09,3.66,0.736,1,75,8,600,559.8,911.4,0.614,0,0,0.992,0.829,5.17,speed,0.89,0.19,0.1
ath_019,club_05,2024-01-29,jumps,pre-comp,24,F,2,82.63,2,4,4,1.88,4.15,4.03,0.82,1,75,7,525,554.6,892.1,0.622,0,0,0.861,0.857,4.49,technique,0.9,0.165,0.11
ath_019,club_05,2024-01-30,jumps,pre-comp,24,F,2,82.63,1,2,3,1.05,2.26,2.92,0.675,0,105,6,630,565.9,879.0,0.644,0,0,0.971,0.896,5.46,speed,0.88,0.054,0.0
ath_019,club_05,2024-01-31,jumps,competition,24,F,2,82.63,1,3,3,1.0,2.1,2.95,0.67,0,0,0,0,481.0,835.0,0.576,0,0,0.941,0.834,5.88,speed,0.88,0.021,0.0
ath_019,club_05,2024-02-01,jumps,competition,24,F,2,82.63,1,5,4,1.0,5.0,4.14,0.943,1,90,7,630,503.4,824.8,0.61,0,0,0.89,0.849,4.25,recovery,0.92,0.042,0.12
ath_019,club_05,2024-02-02,jumps,competition,24,F,2,82.63,1,3,3,1.0,3.31,3.01,0.755,1,75,7,525,506.6,809.8,0.626,0,0,0.998,0.962,4.77,speed,0.89,0.031,0.11
ath_019,club_05,2024-02-03,jumps,competition,24,F,2,82.63,1,5,4,1.0,4.68,3.93,0.908,0,90,9,810,552.1,809.8,0.682,0,0,0.791,0.974,4.79,speed,0.91,0.044,0.12
ath_019,club_05,2024-02-04,jumps,competition,24,F,2,82.63,2,2,3,1.74,2.21,2.94,0.627,0,105,9,945,611.0,816.6,0.748,0,0,0.941,0.864,5.76,speed,0.87,0.17,0.0
ath_019,club_05,2024-02-05,jumps,competition,24,F,2,82.63,3,4,5,2.72,3.57,4.75,0.773,0,0,0,0,519.4,775.7,0.67,0,0,0.772,0.918,5.04,speed,0.89,0.308,0.11
ath_019,club_05,2024-02-06,jumps,competition,24,F,2,82.63,3,4,5,2.78,3.91,4.71,0.789,0,90,6,540,522.5,764.0,0.684,0,0,0.999,0.803,5.56,speed,0.89,0.261,0.11
ath_019,club_05,2024-02-07,jumps,competition,24,F,2,82.63,1,4,2,1.0,4.09,1.72,0.72,0,90,7,630,538.6,757.3,0.711,0,0,0.991,0.916,5.55,recovery,0.88,0.066,0.1
ath_019,club_05,2024-02-08,jumps,competition,24,F,2,82.63,1,3,3,1.14,2.92,2.27,0.671,0,60,6,360,511.8,737.4,0.694,0,0,0.897,0.851,5.22,speed,0.88,0.115,0.0
ath_019,club_05,2024-02-09,jumps,competition,24,F,2,82.63,1,3,3,1.0,2.66,3.04,0.713,0,105,8,840,561.0,742.5,0.756,0,0,0.759,0.894,5.26,speed,0.88,0.041,0.1
ath_019,club_05,2024-02-10,jumps,competition,24,F,2,82.63,5,3,4,4.92,2.98,4.23,0.553,2,90,7,630,571.4,736.9,0.775,0,0,0.864,0.906,6.4,speed,0.5,0.537,-0.35
ath_019,club_05,2024-02-11,jumps,competition,24,F,2,82.63,5,2,3,4.68,2.02,3.32,0.444,1,0,0,0,485.7,700.1,0.694,0,0,0.954,0.951,6.03,recovery,0.5,0.494,-0.35
ath_019,club_05,2024-02-12,jumps,competition,24,F,2,82.63,2,1,5,2.21,1.0,5.0,0.652,0,0,0,0,412.8,665.1,0.621,0,0,0.851,0.813,5.68,speed,0.87,0.209,0.0
ath_019,club_05,2024-02-13,jumps,competition,24,F,2,82.63,4,4,4,3.65,4.09,3.95,0.692,2,0,0,0,350.9,631.8,0.555,0,0,0.864,0.808,5.32,speed,0.6,0.4,-0.3
ath_019,club_05,2024-02-14,jumps,competition,24,F,2,82.63,2,4,5,1.71,4.07,5.0,0.891,0,90,7,630,392.8,631.7,0.622,0,0,0.93,0.94,4.64,speed,0.91,0.23,0.12
ath_019,club_05,2024-02-15,jumps,transition,24,F,2,82.63,2,1,4,2.82,1.28,4.06,0.568,0,75,9,675,435.1,633.9,0.686,0,0,0.881,0.952,5.52,recovery,0.86,0.124,0.0
ath_019,club_05,2024-02-16,jumps,transition,24,F,2,82.63,1,2,3,1.0,2.07,3.1,0.678,1,90,9,810,491.3,642.7,0.765,0,0,0.913,0.842,6.27,speed,0.88,0.073,0.0
ath_019,club_05,2024-02-17,jumps,transition,24,F,2,82.63,1,4,3,1.0,3.86,2.78,0.776,0,105,9,945,559.4,657.8,0.85,0,0,0.839,0.93,5.63,speed,0.89,0.06,0.11
ath_019,club_05,2024-02-18,jumps,transition,24,F,2,82.63,3,4,2,2.88,4.06,2.06,0.616,0,0,0,0,475.5,624.9,0.761,0,0,0.912,0.87,6.11,speed,0.87,0.311,0.0
ath_019,club_05,2024-02-19,jumps,transition,24,F,2,82.63,1,4,4,1.04,4.34,4.34,0.91,1,105,7,735,514.4,630.4,0.816,0,0,0.801,0.909,5.35,recovery,0.91,0.057,0.12
ath_020,club_01,2024-01-01,jumps,off-season,25,M,6,71.63,3,3,3,3.27,3.14,3.11,0.599,0,105,5,525,1320.0,1463.8,0.902,0,0,0.769,0.919,5.96,strength,0.86,0.318,0.0
ath_020,club_01,2024-01-02,jumps,off-season,25,M,6,71.63,2,5,4,1.89,5.0,4.27,0.892,0,75,8,600,1212.0,1420.6,0.853,0,0,0.913,0.897,5.91,strength,0.91,0.12,0.12
ath_020,club_01,2024-01-03,jumps,off-season,25,M,6,71.63,5,5,5,5.0,4.73,5.0,0.715,2,90,6,540,1111.2,1376.6,0.807,0,0,0.787,0.964,5.81,strength,0.5,0.495,-0.35
ath_020,club_01,2024-01-04,jumps,off-season,25,M,6,71.63,2,3,4,1.81,3.38,3.9,0.765,1,0,0,0,944.5,1307.8,0.722,0,0,0.798,0.864,6.17,endurance,0.89,0.124,0.11
ath_020,club_01,2024-01-05,jumps,off-season,25,M,6,71.63,1,1,4,1.0,1.06,3.83,0.66,0,75,6,450,870.3,1264.9,0.688,0,0,0.778,0.927,5.27,endurance,0.87,0.015,0.0
ath_020,club_01,2024-01-06,jumps,off-season,25,M,6,71.63,1,4,3,1.26,3.59,3.73,0.804,0,0,0,0,739.8,1201.6,0.616,0,0,0.852,0.997,3.94,endurance,0.9,0.098,0.11
ath_020,club_01,2024-01-07,jumps,off-season,25,M,6,71.63,3,5,3,2.85,4.68,3.37,0.747,0,90,9,810,750.3,1182.0,0.635,0,0,0.846,0.926,6.03,strength,0.89,0.26,0.1
ath_020,club_01,2024-01-08,jumps,off-season,25,M,6,71.63,4,4,3,4.11,4.01,2.89,0.586,2,75,9,675,739.0,1156.7,0.639,0,0,0.952,0.91,5.51,strength,0.6,0.399,-0.3
ath_020,club_01,2024-01-09,jumps,off-season,25,M,6,71.63,2,4,5,2.32,4.27,4.69,0.843,0,75,6,450,695.7,1121.4,0.62,0,0,0.931,0.803,4.58,strength,0.9,0.137,0.11
ath_020,club_01,2024-01-10,jumps,off-season,25,M,6,71.63,1,4,4,1.15,3.95,4.03,0.855,0,0,0,0,591.3,1065.3,0.555,0,0,0.996,0.806,4.38,endurance,0.9,0.094,0.12
ath_020,club_01,2024-01-11,jumps,off-season,25,M,6,71.63,2,4,4,1.99,3.55,4.04,0.773,1,75,5,375,558.9,1030.8,0.542,0,0,0.858,0.893,5.72,endurance,0.89,0.137,0.11
ath_020,club_01,2024-01-12,jumps,off-season,25,M,6,71.63,1,4,4,1.0,3.56,4.1,0.844,0,60,6,360,529.0,997.2,0.531,0,0,0.878,0.927,4.32,strength,0.9,0.079,0.11
ath_020,club_01,2024-01-13,jumps,off-season,25,M,6,71.63,1,4,5,1.0,4.33,5.0,0.955,1,75,5,375,505.9,966.1,0.524,0,0,0.965,0.803,4.61,strength,0.92,0.058,0.13
ath_020,club_01,2024-01-14,jumps,off-season,25,M,6,71.63,1,4,4,1.0,3.73,3.89,0.842,1,60,6,360,484.0,935.8,0.517,0,0,0.944,0.806,5.21,endurance,0.9,0.066,0.11
ath_020,club_01,2024-01-15,jumps,off-season,25,M,6,71.63,3,3,4,2.88,2.93,4.23,0.685,1,0,0,0,411.4,889.0,0.463,0,0,0.865,0.95,5.02,endurance,0.88,0.29,0.0
ath_020,club_01,2024-01-16,jumps,pre-comp,25,M,6,71.63,2,4,2,1.67,4.23,2.28,0.723,0,75,8,600,439.7,874.6,0.503,0,0,0.806,0.829,5.28,speed,0.88,0.172,0.1
ath_020,club_01,2024-01-17,jumps,pre-comp,25,M,6,71.63,2,3,3,1.91,3.29,2.86,0.682,0,75,9,675,475.0,864.6,0.549,0,0,0.888,0.882,5.09,technique,0.88,0.178,0.0
ath_020,club_01,2024-01-18,jumps,pre-comp,25,M,6,71.63,2,4,4,2.29,3.72,4.2,0.775,1,60,9,540,484.8,848.4,0.571,0,0,0.837,0.952,4.67,technique,0.89,0.178,0.11
ath_020,club_01,2024-01-19,jumps,pre-comp,25,M,6,71.63,3,4,3,2.89,3.93,3.57,0.707,1,105,8,840,538.0,847.9,0.635,0,0,0.856,0.999,5.19,speed,0.88,0.288,0.1
ath_020,club_01,2024-01-20,jumps,pre-comp,25,M,6,71.63,3,5,5,3.35,5.0,4.84,0.833,0,60,8,480,529.3,829.6,0.638,0,0,0.858,0.966,5.59,technique,0.9,0.287,0.11
ath_020,club_01,2024-01-21,jumps,pre-comp,25,M,6,71.63,1,5,2,1.0,5.0,1.86,0.791,0,90,6,540,530.9,815.1,0.651,0,0,0.923,0.901,4.81,speed,0.89,0.024,0.11
ath_020,club_01,2024-01-22,jumps,pre-comp,25,M,6,71.63,1,5,1,1.25,5.0,1.14,0.726,0,0,0,0,451.3,774.3,0.583,0,0,0.767,0.972,5.0,technique,0.88,0.074,0.1
ath_020,club_01,2024-01-23,jumps,pre-comp,25,M,6,71.63,1,3,2,1.06,2.54,2.31,0.653,0,90,7,630,478.1,767.1,0.623,0,0,0.789,0.93,5.88,speed,0.87,0.047,0.0
ath_020,club_01,2024-01-24,jumps,pre-comp,25,M,6,71.63,2,2,3,1.6,2.29,3.16,0.657,0,60,5,300,451.4,743.7,0.607,0,0,0.913,0.888,5.84,speed,0.87,0.198,0.0
ath_020,club_01,2024-01-25,jumps,pre-comp,25,M,6,71.63,1,5,2,1.02,4.94,2.07,0.799,1,0,0,0,383.7,706.6,0.543,0,0,0.781,0.969,5.0,speed,0.89,0.079,0.11
ath_020,club_01,2024-01-26,jumps,pre-comp,25,M,6,71.63,2,4,4,2.7,4.03,4.15,0.765,0,90,7,630,420.6,702.7,0.599,0,0,0.759,0.898,5.6,speed,0.89,0.205,0.11
ath_020,club_01,2024-01-27,jumps,pre-comp,25,M,6,71.63,3,4,5,2.48,3.9,4.78,0.813,0,75,6,450,425.0,690.1,0.616,0,0,0.815,0.916,4.99,speed,0.9,0.301,0.11
ath_020,club_01,2024-01-28,jumps,pre-comp,25,M,6,71.63,2,5,3,2.35,4.86,3.42,0.795,1,60,7,420,424.3,676.6,0.627,0,0,0.969,0.941,5.23,technique,0.89,0.218,0.11
ath_020,club_01,2024-01-29,jumps,pre-comp,25,M,6,71.63,3,5,4,3.16,4.68,3.57,0.74,1,60,5,300,405.6,657.8,0.617,0,0,0.957,0.967,5.41,technique,0.89,0.251,0.1
ath_020,club_01,2024-01-30,jumps,pre-comp,25,M,6,71.63,1,1,5,1.42,1.02,5.0,0.706,0,0,0,0,344.8,624.9,0.552,0,0,0.779,0.921,4.74,technique,0.88,0.08,0.1
ath_020,club_01,2024-01-31,jumps,competition,25,M,6,71.63,2,3,3,2.07,2.84,3.47,0.682,0,75,5,375,349.3,612.4,0.57,0,0,0.903,0.845,5.14,speed,0.88,0.212,0.0
ath_020,club_01,2024-02-01,jumps,competition,25,M,6,71.63,2,5,3,2.23,5.0,2.96,0.782,0,105,9,945,438.7,629.0,0.697,0,0,0.942,0.941,5.37,speed,0.89,0.153,0.11
ath_020,club_01,2024-02-02,jumps,competition,25,M,6,71.63,5,5,1,4.92,4.63,1.0,0.447,2,105,6,630,467.4,629.1,0.743,0,0,0.831,0.885,5.8,recovery,0.5,0.537,-0.35
ath_020,club_01,2024-02-03,jumps,competition,25,M,6,71.63,1,4,5,1.0,3.97,4.62,0.906,0,75,7,525,476.0,623.9,0.763,0,0,0.965,0.906,5.8,speed,0.91,0.01,0.12
ath_020,club_01,2024-02-04,jumps,competition,25,M,6,71.63,1,5,3,1.1,5.0,3.2,0.873,1,0,0,0,404.6,592.7,0.683,0,0,0.804,0.978,5.13,recovery,0.91,0.066,0.12
ath_020,club_01,2024-02-05,jumps,competition,25,M,6,71.63,4,5,3,3.28,4.92,3.01,0.71,2,0,0,0,343.9,563.0,0.611,0,0,0.918,0.997,5.49,speed,0.6,0.424,-0.3
ath_020,club_01,2024-02-06,jumps,competition,25,M,6,71.63,1,3,3,1.06,2.89,3.41,0.75,1,60,6,360,346.3,552.9,0.626,0,0,0.91,0.95,5.08,recovery,0.89,0.047,0.1
ath_020,club_01,2024-02-07,jumps,competition,25,M,6,71.63,2,5,5,1.95,4.9,5.0,0.93,1,0,0,0,294.4,525.2,0.56,0,0,0.808,0.879,4.62,speed,0.91,0.131,0.12
ath_020,club_01,2024-02-08,jumps,competition,25,M,6,71.63,4,4,4,3.35,3.98,3.5,0.676,2,90,5,450,317.7,521.5,0.609,0,0,0.925,0.944,5.01,speed,0.6,0.421,-0.3
ath_020,club_01,2024-02-09,jumps,competition,25,M,6,71.63,3,4,4,2.71,4.18,3.93,0.76,0,60,9,540,351.1,522.4,0.672,0,0,0.9,0.837,5.11,speed,0.89,0.241,0.11
ath_020,club_01,2024-02-10,jumps,competition,25,M,6,71.63,2,4,4,1.51,4.61,3.7,0.853,1,75,8,600,388.4,526.3,0.738,0,0,0.76,0.944,5.27,speed,0.9,0.209,0.12
ath_020,club_01,2024-02-11,jumps,competition,25,M,6,71.63,2,2,5,1.96,1.63,4.9,0.704,1,90,5,450,397.6,522.5,0.761,0,0,0.971,0.94,5.39,speed,0.88,0.113,0.1
ath_020,club_01,2024-02-12,jumps,competition,25,M,6,71.63,1,3,2,1.33,2.93,2.21,0.654,0,60,7,420,401.0,517.3,0.775,0,0,0.889,0.897,5.95,recovery,0.87,0.036,0.0
ath_020,club_01,2024-02-13,jumps,competition,25,M,6,71.63,1,3,4,1.0,3.14,4.27,0.828,1,90,6,540,421.8,518.5,0.814,0,0,0.805,0.87,5.76,speed,0.9,0.01,0.11
ath_020,club_01,2024-02-14,jumps,competition,25,M,6,71.63,1,4,3,1.0,4.33,3.17,0.833,1,0,0,0,358.6,492.6,0.728,0,0,0.924,0.921,4.84,speed,0.9,0.031,0.11
ath_020,club_01,2024-02-15,jumps,transition,25,M,6,71.63,2,4,4,1.53,4.27,3.91,0.843,1,90,6,540,385.8,494.9,0.779,0,0,0.834,0.976,5.79,speed,0.9,0.182,0.11
ath_020,club_01,2024-02-16,jumps,transition,25,M,6,71.63,1,4,3,1.15,4.28,2.69,0.788,1,75,9,675,429.2,503.9,0.852,0,0,0.861,0.86,5.91,recovery,0.89,0.048,0.11
ath_020,club_01,2024-02-17,jumps,transition,25,M,6,71.63,2,3,3,1.47,2.99,2.26,0.652,1,105,7,735,475.0,515.5,0.922,0,0,0.802,0.925,6.22,recovery,0.87,0.151,0.0
ath_020,club_01,2024-02-18,jumps,transition,25,M,6,71.63,1,4,1,1.06,3.92,1.0,0.657,1,75,7,525,482.5,516.0,0.935,0,0,0.919,0.957,5.79,recovery,0.87,0.04,0.0
ath_020,club_01,2024-02-19,jumps,transition,25,M,6,71.63,3,5,4,2.67,4.63,3.85,0.787,1,60,8,480,482.2,514.2,0.938,0,0,0.793,0.915,5.09,speed,0.89,0.325,0.11
ath_021,club_02,2024-01-01,sprints,off-season,16,F,9,68.93,2,4,4,1.84,3.68,3.76,0.773,1,75,9,675,2013.7,2281.9,0.882,0,0,0.843,0.922,5.84,strength,0.89,0.145,0.11
ath_021,club_02,2024-01-02,sprints,off-season,16,F,9,68.93,1,4,4,1.14,4.02,4.15,0.869,0,0,0,0,1711.7,2167.8,0.79,0,0,0.885,0.804,5.13,endurance,0.91,0.077,0.12
ath_021,club_02,2024-01-03,sprints,off-season,16,F,9,68.93,2,5,4,1.56,4.31,3.72,0.831,1,0,0,0,1454.9,2059.4,0.706,0,0,0.898,0.882,5.27,strength,0.9,0.158,0.11
ath_021,club_02,2024-01-04,sprints,off-season,16,F,9,68.93,1,2,5,1.22,2.02,4.88,0.779,0,90,9,810,1358.2,1996.9,0.68,0,0,0.76,0.914,5.44,strength,0.89,0.048,0.11
ath_021,club_02,2024-01-05,sprints,off-season,16,F,9,68.93,2,4,4,1.98,4.33,4.38,0.849,1,60,9,540,1235.4,1924.1,0.642,0,0,0.957,0.932,5.06,endurance,0.9,0.173,0.11
ath_021,club_02,2024-01-06,sprints,off-season,16,F,9,68.93,2,2,3,2.1,1.74,3.02,0.578,0,105,9,945,1191.9,1875.1,0.636,0,0,0.827,0.891,5.55,strength,0.86,0.217,0.0
ath_021,club_02,2024-01-07,sprints,off-season,16,F,9,68.93,2,3,5,1.47,3.15,5.0,0.845,1,75,6,450,1080.6,1803.9,0.599,0,0,0.919,0.82,5.35,strength,0.9,0.194,0.11
ath_021,club_02,2024-01-08,sprints,off-season,16,F,9,68.93,1,4,3,1.0,3.78,2.54,0.755,1,75,5,375,974.8,1732.4,0.563,0,0,0.871,0.897,5.03,endurance,0.89,0.069,0.11
ath_021,club_02,2024-01-09,sprints,off-season,16,F,9,68.93,2,4,3,1.41,3.53,2.8,0.728,1,75,8,600,918.5,1675.8,0.548,0,0,0.972,0.933,5.43,endurance,0.88,0.152,0.1
ath_021,club_02,2024-01-10,sprints,off-season,16,F,9,68.93,2,5,3,1.57,5.0,2.9,0.822,0,60,7,420,843.8,1613.0,0.523,0,0,0.926,0.871,4.88,endurance,0.9,0.199,0.11
ath_021,club_02,2024-01-11,sprints,off-season,16,F,9,68.93,1,4,5,1.11,3.78,4.75,0.894,0,60,9,540,798.2,1559.4,0.512,0,0,0.941,0.804,5.34,strength,0.91,0.035,0.12
ath_021,club_02,2024-01-12,sprints,off-season,16,F,9,68.93,3,3,5,2.91,2.85,5.0,0.73,1,75,6,450,746.0,1503.9,0.496,0,0,0.768,0.988,4.76,endurance,0.88,0.29,0.1
ath_021,club_02,2024-01-13,sprints,off-season,16,F,9,68.93,1,3,3,1.29,2.99,2.83,0.702,1,75,8,600,724.1,1458.7,0.496,0,0,0.79,0.802,4.77,strength,0.88,0.047,0.1
ath_021,club_02,2024-01-14,sprints,off-season,16,F,9,68.93,1,3,4,1.0,2.84,4.0,0.79,1,90,5,450,683.0,1408.3,0.485,0,0,0.779,0.989,5.07,strength,0.89,0.044,0.11
ath_021,club_02,2024-01-15,sprints,off-season,16,F,9,68.93,3,3,4,3.51,3.03,4.3,0.654,0,60,5,300,625.5,1352.9,0.462,0,0,0.755,0.85,6.49,strength,0.87,0.297,0.0
ath_021,club_02,2024-01-16,sprints,pre-comp,16,F,9,68.93,2,5,3,1.51,4.88,3.31,0.845,1,105,7,735,641.9,1322.0,0.486,0,0,0.81,0.844,4.97,technique,0.9,0.18,0.11
ath_021,club_02,2024-01-17,sprints,pre-comp,16,F,9,68.93,2,4,4,2.56,3.79,4.31,0.769,0,75,5,375,601.9,1274.6,0.472,0,0,0.972,0.967,4.85,technique,0.89,0.172,0.11
ath_021,club_02,2024-01-18,sprints,pre-comp,16,F,9,68.93,3,5,2,2.27,5.0,2.0,0.716,0,75,9,675,612.9,1244.6,0.492,0,0,0.853,0.921,5.14,speed,0.88,0.291,0.1
ath_021,club_02,2024-01-19,sprints,pre-comp,16,F,9,68.93,1,1,4,1.0,1.0,3.84,0.656,1,75,9,675,622.2,1216.2,0.512,0,0,0.998,0.875,4.56,technique,0.87,0.093,0.0
ath_021,club_02,2024-01-20,sprints,pre-comp,16,F,9,68.93,3,4,5,2.93,3.84,4.58,0.765,1,105,8,840,654.9,1197.4,0.547,0,0,0.999,0.913,4.66,technique,0.89,0.28,0.11
ath_021,club_02,2024-01-21,sprints,pre-comp,16,F,9,68.93,1,5,4,1.25,4.65,3.96,0.89,1,90,7,630,651.1,1169.0,0.557,0,0,0.962,0.902,4.71,technique,0.91,0.068,0.12
ath_021,club_02,2024-01-22,sprints,pre-comp,16,F,9,68.93,1,5,2,1.0,4.89,2.21,0.807,1,90,8,720,661.5,1146.5,0.577,0,0,0.911,0.846,4.96,technique,0.9,0.073,0.11
ath_021,club_02,2024-01-23,sprints,pre-comp,16,F,9,68.93,3,4,5,3.33,3.97,5.0,0.776,0,60,5,300,607.2,1104.2,0.55,0,0,0.923,0.802,4.11,speed,0.89,0.277,0.11
ath_021,club_02,2024-01-24,sprints,pre-comp,16,F,9,68.93,2,4,4,2.06,3.98,4.01,0.796,1,75,8,600,606.2,1079.0,0.562,0,0,0.936,0.834,5.02,technique,0.89,0.155,0.11
ath_021,club_02,2024-01-25,sprints,pre-comp,16,F,9,68.93,1,1,2,1.0,1.0,1.7,0.513,0,75,9,675,616.5,1058.8,0.582,0,0,0.844,0.901,6.06,speed,0.85,0.017,0.0
ath_021,club_02,2024-01-26,sprints,pre-comp,16,F,9,68.93,1,3,3,1.4,3.48,2.69,0.718,1,105,5,525,602.8,1032.1,0.584,0,0,0.967,0.895,4.89,speed,0.88,0.055,0.1
ath_021,club_02,2024-01-27,sprints,pre-comp,16,F,9,68.93,2,4,3,1.95,4.65,3.12,0.788,1,0,0,0,512.3,980.5,0.523,0,0,0.971,0.814,4.81,speed,0.89,0.137,0.11
ath_021,club_02,2024-01-28,sprints,pre-comp,16,F,9,68.93,3,4,5,3.08,4.17,4.85,0.796,0,0,0,0,435.5,931.5,0.468,0,0,0.966,0.822,4.46,speed,0.89,0.274,0.11
ath_021,club_02,2024-01-29,sprints,pre-comp,16,F,9,68.93,1,4,3,1.0,4.65,2.88,0.836,0,60,8,480,442.2,908.9,0.486,0,0,0.875,0.98,5.13,technique,0.9,0.092,0.11
ath_021,club_02,2024-01-30,sprints,pre-comp,16,F,9,68.93,2,4,3,1.62,3.81,3.5,0.779,0,105,6,630,470.3,895.0,0.526,0,0,0.922,0.845,4.74,speed,0.89,0.164,0.11
ath_021,club_02,2024-01-31,sprints,competition,16,F,9,68.93,2,3,4,1.57,2.42,4.34,0.746,1,75,5,375,456.0,869.0,0.525,0,0,0.873,0.86,4.76,speed,0.89,0.212,0.1
ath_021,club_02,2024-02-01,sprints,competition,16,F,9,68.93,1,2,4,1.12,1.71,4.36,0.73,1,60,6,360,441.6,843.5,0.524,0,0,0.942,0.913,4.67,speed,0.88,0.057,0.1
ath_021,club_02,2024-02-02,sprints,competition,16,F,9,68.93,2,3,3,2.14,2.83,3.08,0.652,0,0,0,0,375.4,801.3,0.468,0,0,0.811,0.85,4.73,speed,0.87,0.176,0.0
ath_021,club_02,2024-02-03,sprints,competition,16,F,9,68.93,2,4,4,1.58,4.11,3.68,0.814,0,60,7,420,382.1,782.3,0.488,0,0,0.941,0.827,5.29,speed,0.9,0.173,0.11
ath_021,club_02,2024-02-04,sprints,competition,16,F,9,68.93,2,4,5,1.84,3.56,4.88,0.84,0,0,0,0,324.8,743.2,0.437,0,0,0.886,0.885,4.28,speed,0.9,0.106,0.11
ath_021,club_02,2024-02-05,sprints,competition,16,F,9,68.93,5,5,5,5.0,4.94,5.0,0.729,2,90,9,810,397.6,746.5,0.533,0,0,0.868,0.991,5.03,recovery,0.5,0.518,-0.35
ath_021,club_02,2024-02-06,sprints,competition,16,F,9,68.93,1,4,3,1.0,4.02,3.21,0.816,1,0,0,0,337.9,709.2,0.476,0,0,0.918,0.873,5.32,recovery,0.9,0.019,0.11
ath_021,club_02,2024-02-07,sprints,competition,16,F,9,68.93,2,4,5,2.06,3.73,4.83,0.834,1,105,5,525,366.0,700.0,0.523,0,0,0.935,0.959,4.16,recovery,0.9,0.125,0.11
ath_021,club_02,2024-02-08,sprints,competition,16,F,9,68.93,4,3,4,4.1,2.97,3.97,0.589,2,60,8,480,383.1,689.0,0.556,0,0,0.772,0.948,5.97,speed,0.6,0.424,-0.3
ath_021,club_02,2024-02-09,sprints,competition,16,F,9,68.93,1,4,3,1.0,4.32,2.8,0.808,0,90,6,540,406.6,681.5,0.597,0,0,0.766,0.993,5.48,speed,0.9,0.036,0.11
ath_021,club_02,2024-02-10,sprints,competition,16,F,9,68.93,2,5,5,2.2,5.0,5.0,0.92,0,60,8,480,417.6,671.4,0.622,0,0,0.757,0.876,4.65,speed,0.91,0.232,0.12
ath_021,club_02,2024-02-11,sprints,competition,16,F,9,68.93,2,3,5,1.95,2.69,5.0,0.783,0,105,8,840,481.0,679.9,0.707,0,0,0.819,0.867,4.91,recovery,0.89,0.185,0.11
ath_021,club_02,2024-02-12,sprints,competition,16,F,9,68.93,2,3,4,1.42,2.73,3.62,0.729,0,0,0,0,408.8,645.9,0.633,0,0,0.818,0.801,4.88,recovery,0.88,0.159,0.1
ath_021,club_02,2024-02-13,sprints,competition,16,F,9,68.93,2,3,4,2.34,3.67,3.95,0.751,1,0,0,0,347.5,613.6,0.566,0,0,0.918,0.996,4.59,speed,0.89,0.175,0.11
ath_021,club_02,2024-02-14,sprints,competition,16,F,9,68.93,2,4,4,1.96,4.33,4.14,0.835,1,75,5,375,351.6,601.7,0.584,0,0,0.82,0.967,4.5,speed,0.9,0.128,0.11
ath_021,club_02,2024-02-15,sprints,transition,16,F,9,68.93,4,3,4,3.44,3.05,4.14,0.65,1,105,5,525,377.6,597.8,0.632,0,0,0.929,0.807,6.19,speed,0.6,0.368,-0.3
ath_021,club_02,2024-02-16,sprints,transition,16,F,9,68.93,1,2,4,1.35,1.84,4.59,0.739,0,60,7,420,384.0,588.9,0.652,0,0,0.779,0.9,5.51,recovery,0.89,0.014,0.1
ath_021,club_02,2024-02-17,sprints,transition,16,F,9,68.93,2,5,3,2.21,5.0,2.81,0.774,1,75,5,375,382.6,578.2,0.662,0,0,0.923,0.951,5.18,speed,0.89,0.137,0.11
ath_021,club_02,2024-02-18,sprints,transition,16,F,9,68.93,2,3,4,2.07,2.77,4.19,0.726,1,60,9,540,406.2,576.3,0.705,0,0,0.904,0.996,5.63,speed,0.88,0.158,0.1
ath_021,club_02,2024-02-19,sprints,transition,16,F,9,68.93,1,4,1,1.51,4.57,1.0,0.671,1,90,5,450,412.8,570.0,0.724,0,0,0.879,0.919,4.92,speed,0.88,0.034,0.0
ath_022,club_03,2024-01-01,sprints,off-season,18,F,4,67.05,1,5,3,1.07,5.0,2.82,0.85,1,60,6,360,1618.6,1892.2,0.855,0,1,0.823,0.966,5.99,endurance,0.9,0.158,0.11
ath_022,club_03,2024-01-02,sprints,off-season,18,F,4,67.05,3,5,2,3.24,5.0,1.77,0.635,1,90,8,720,1483.8,1833.6,0.809,0,1,0.971,0.869,6.64,strength,0.87,0.359,0.0
ath_022,club_03,2024-01-03,sprints,off-season,18,F,4,67.05,1,3,2,1.0,2.7,2.25,0.663,0,60,6,360,1315.2,1759.9,0.747,0,1,0.875,0.838,5.84,strength,0.87,0.099,0.0
ath_022,club_03,2024-01-04,sprints,off-season,18,F,4,67.05,3,4,1,2.57,3.69,1.43,0.57,1,0,0,0,1117.9,1671.9,0.669,0,1,0.972,0.873,5.44,strength,0.86,0.41,0.0
ath_022,club_03,2024-01-05,sprints,off-season,18,F,4,67.05,3,5,2,2.45,5.0,1.82,0.692,0,75,5,375,1006.5,1607.1,0.626,0,1,0.752,0.998,5.83,strength,0.88,0.394,0.0
ath_022,club_03,2024-01-06,sprints,off-season,18,F,4,67.05,1,4,4,1.36,3.93,4.44,0.867,0,75,8,600,945.5,1556.7,0.607,0,1,0.816,0.98,5.28,strength,0.91,0.111,0.12
ath_022,club_03,2024-01-07,sprints,off-season,18,F,4,67.05,2,4,3,2.26,4.26,3.35,0.756,1,0,0,0,803.7,1478.9,0.543,0,1,0.939,0.848,5.67,strength,0.89,0.312,0.11
ath_022,club_03,2024-01-08,sprints,off-season,18,F,4,67.05,4,4,4,3.84,3.55,4.04,0.65,1,60,9,540,764.1,1432.0,0.534,0,1,0.797,0.986,5.03,strength,0.6,0.517,-0.3
ath_022,club_03,2024-01-09,sprints,off-season,18,F,4,67.05,4,4,4,4.09,4.03,3.99,0.662,2,90,5,450,717.0,1382.9,0.519,1,1,0.949,0.95,4.97,recovery,0.6,0.656,-0.3
ath_022,club_03,2024-01-10,sprints,off-season,18,F,4,67.05,4,2,1,4.18,1.76,1.0,0.305,2,60,3,180,636.5,1322.7,0.481,1,1,0.758,0.931,6.96,recovery,0.6,0.684,-0.3
ath_022,club_03,2024-01-11,sprints,off-season,18,F,4,67.05,4,1,1,4.14,1.2,1.0,0.27,2,0,0,0,541.0,1256.6,0.431,1,1,0.778,0.817,5.91,recovery,0.6,0.661,-0.3
ath_022,club_03,2024-01-12,sprints,off-season,18,F,4,67.05,5,1,2,4.82,1.49,2.13,0.32,2,75,6,450,527.3,1216.2,0.434,1,1,0.893,0.999,6.22,recovery,0.5,0.791,-0.35
ath_022,club_03,2024-01-13,sprints,off-season,18,F,4,67.05,4,2,2,4.12,2.13,1.92,0.395,2,75,6,450,515.7,1177.9,0.438,1,1,0.93,0.867,6.68,recovery,0.6,0.659,-0.3
ath_022,club_03,2024-01-14,sprints,off-season,18,F,4,67.05,4,3,1,4.71,2.89,1.0,0.346,2,75,3,225,472.1,1130.3,0.418,1,1,0.908,0.833,6.44,recovery,0.6,0.654,-0.3
ath_022,club_03,2024-01-15,sprints,off-season,18,F,4,67.05,3,2,1,2.86,2.15,1.23,0.435,0,75,3,225,435.1,1085.0,0.401,1,1,0.8,0.84,5.51,recovery,0.75,0.524,0.0
ath_022,club_03,2024-01-16,sprints,pre-comp,18,F,4,67.05,4,1,2,4.34,1.28,2.17,0.34,2,90,3,270,410.3,1044.3,0.393,1,1,0.786,0.924,6.36,recovery,0.6,0.658,-0.3
ath_022,club_03,2024-01-17,sprints,pre-comp,18,F,4,67.05,4,2,2,3.83,2.28,2.24,0.446,1,75,3,225,382.5,1003.3,0.381,1,1,0.751,0.84,5.79,recovery,0.6,0.625,-0.3
ath_022,club_03,2024-01-18,sprints,pre-comp,18,F,4,67.05,5,2,2,5.0,2.09,1.94,0.335,1,60,6,360,379.1,971.1,0.39,1,1,0.946,0.854,5.55,recovery,0.5,0.809,-0.35
ath_022,club_03,2024-01-19,sprints,pre-comp,18,F,4,67.05,4,2,1,3.43,1.99,1.0,0.371,1,75,6,450,389.8,945.1,0.412,1,1,0.865,0.988,5.63,recovery,0.6,0.657,-0.3
ath_022,club_03,2024-01-20,sprints,pre-comp,18,F,4,67.05,5,1,1,4.71,1.4,1.0,0.246,2,90,6,540,412.3,924.8,0.446,1,1,0.927,0.847,6.49,recovery,0.5,0.811,-0.35
ath_022,club_03,2024-01-21,sprints,pre-comp,18,F,4,67.05,5,1,2,5.0,1.21,1.94,0.276,1,75,8,600,440.5,908.6,0.485,0,1,0.9,0.914,6.71,recovery,0.5,0.626,-0.35
ath_022,club_03,2024-01-22,sprints,pre-comp,18,F,4,67.05,1,4,4,1.13,4.06,3.93,0.858,0,75,9,675,475.6,896.9,0.53,0,1,0.774,0.808,5.3,speed,0.9,0.145,0.12
ath_022,club_03,2024-01-23,sprints,pre-comp,18,F,4,67.05,2,5,5,2.3,4.97,4.69,0.891,1,75,8,600,494.3,882.1,0.56,0,1,0.888,0.813,5.28,speed,0.91,0.284,0.12
ath_022,club_03,2024-01-24,sprints,pre-comp,18,F,4,67.05,2,4,3,1.66,4.09,2.94,0.758,1,75,6,450,487.6,860.5,0.567,0,1,0.837,0.82,5.3,technique,0.89,0.225,0.11
ath_022,club_03,2024-01-25,sprints,pre-comp,18,F,4,67.05,2,2,4,1.74,2.59,3.76,0.707,1,90,7,630,509.0,848.9,0.6,0,1,0.814,0.976,4.9,speed,0.88,0.279,0.1
ath_022,club_03,2024-01-26,sprints,pre-comp,18,F,4,67.05,2,3,4,1.95,3.22,3.62,0.726,0,90,7,630,527.1,838.0,0.629,0,1,0.819,0.914,4.51,speed,0.88,0.222,0.1
ath_022,club_03,2024-01-27,sprints,pre-comp,18,F,4,67.05,1,5,5,1.0,5.0,5.0,1.0,0,60,8,480,520.1,820.1,0.634,0,1,0.92,0.943,4.68,technique,0.92,0.161,0.13
ath_022,club_03,2024-01-28,sprints,pre-comp,18,F,4,67.05,1,3,3,1.41,3.06,2.94,0.706,1,75,9,675,543.3,812.8,0.668,0,1,0.863,0.826,5.64,technique,0.88,0.191,0.1
ath_022,club_03,2024-01-29,sprints,pre-comp,18,F,4,67.05,2,5,5,2.69,4.75,4.62,0.845,0,75,9,675,563.1,805.9,0.699,0,1,0.93,0.955,4.76,speed,0.9,0.232,0.11
ath_022,club_03,2024-01-30,sprints,pre-comp,18,F,4,67.05,2,3,5,1.93,2.9,4.8,0.784,0,60,7,420,541.6,786.6,0.689,0,1,0.756,0.899,4.71,speed,0.89,0.287,0.11
ath_022,club_03,2024-01-31,sprints,competition,18,F,4,67.05,1,4,5,1.0,3.98,5.0,0.932,1,90,7,630,554.9,778.8,0.712,0,1,0.831,0.884,5.77,speed,0.91,0.188,0.12
ath_022,club_03,2024-02-01,sprints,competition,18,F,4,67.05,3,4,3,2.56,3.77,3.2,0.693,0,60,8,480,543.6,763.9,0.712,0,1,0.854,0.827,5.46,speed,0.88,0.36,0.0
ath_022,club_03,2024-02-02,sprints,competition,18,F,4,67.05,2,4,4,2.21,4.1,3.66,0.77,1,90,6,540,543.1,752.7,0.722,0,1,0.906,0.898,5.14,speed,0.89,0.275,0.11
ath_022,club_03,2024-02-03,sprints,competition,18,F,4,67.05,1,3,5,1.0,2.93,5.0,0.862,1,75,9,675,562.9,748.8,0.752,0,1,0.832,0.805,4.84,speed,0.9,0.146,0.12
ath_022,club_03,2024-02-04,sprints,competition,18,F,4,67.05,2,1,3,2.0,1.0,2.66,0.511,1,75,9,675,579.7,745.1,0.778,0,1,0.822,0.899,5.74,speed,0.85,0.258,0.0
ath_022,club_03,2024-02-05,sprints,competition,18,F,4,67.05,4,3,4,3.82,3.19,3.53,0.593,2,90,7,630,587.2,739.4,0.794,0,1,0.82,0.842,5.94,speed,0.6,0.489,-0.3
ath_022,club_03,2024-02-06,sprints,competition,18,F,4,67.05,4,2,3,3.61,1.91,2.91,0.481,2,75,5,375,555.4,721.1,0.77,1,1,0.886,0.898,5.81,recovery,0.6,0.704,-0.3
ath_022,club_03,2024-02-07,sprints,competition,18,F,4,67.05,5,1,3,4.76,1.0,3.14,0.359,1,75,5,375,528.3,703.8,0.751,1,1,0.959,0.836,6.91,recovery,0.5,0.751,-0.35
ath_022,club_03,2024-02-08,sprints,competition,18,F,4,67.05,5,3,2,4.69,2.79,2.06,0.41,2,75,5,375,505.3,687.4,0.735,1,1,0.902,0.879,7.27,recovery,0.5,0.782,-0.35
ath_022,club_03,2024-02-09,sprints,competition,18,F,4,67.05,5,1,2,5.0,1.07,2.53,0.307,1,90,3,270,470.0,666.5,0.705,1,1,0.806,0.895,6.81,recovery,0.5,0.758,-0.35
ath_022,club_03,2024-02-10,sprints,competition,18,F,4,67.05,4,1,1,3.31,1.0,1.19,0.325,2,75,3,225,433.3,644.4,0.672,1,1,0.998,0.994,6.47,recovery,0.6,0.718,-0.3
ath_022,club_03,2024-02-11,sprints,competition,18,F,4,67.05,3,2,3,2.97,1.7,3.14,0.524,1,75,4,300,413.3,627.2,0.659,1,1,0.969,0.892,6.21,recovery,0.75,0.53,0.0
ath_022,club_03,2024-02-12,sprints,competition,18,F,4,67.05,4,2,2,3.53,1.72,1.64,0.389,1,75,5,375,407.5,614.6,0.663,1,1,0.84,0.928,6.55,recovery,0.6,0.705,-0.3
ath_022,club_03,2024-02-13,sprints,competition,18,F,4,67.05,5,2,2,5.0,2.33,1.86,0.346,2,90,3,270,386.9,597.4,0.648,1,1,0.782,0.824,6.5,recovery,0.5,0.778,-0.35
ath_022,club_03,2024-02-14,sprints,competition,18,F,4,67.05,4,1,1,3.97,1.0,1.15,0.278,2,0,0,0,328.9,567.5,0.58,1,1,0.971,0.87,6.65,recovery,0.6,0.721,-0.3
ath_022,club_03,2024-02-15,sprints,transition,18,F,4,67.05,4,3,1,4.23,2.98,1.0,0.384,2,0,0,0,279.5,539.1,0.519,1,1,0.911,0.989,6.46,recovery,0.6,0.613,-0.3
ath_022,club_03,2024-02-16,sprints,transition,18,F,4,67.05,4,2,3,3.77,1.86,3.73,0.522,1,105,3,315,284.9,527.9,0.54,1,1,0.761,0.908,6.1,recovery,0.6,0.65,-0.3
ath_022,club_03,2024-02-17,sprints,transition,18,F,4,67.05,5,1,1,4.39,1.05,1.0,0.244,2,75,5,375,298.4,520.3,0.574,1,1,0.956,0.977,6.64,recovery,0.5,0.795,-0.35
ath_022,club_03,2024-02-18,sprints,transition,18,F,4,67.05,4,1,3,3.95,1.07,3.14,0.417,1,75,4,300,298.6,509.3,0.586,1,1,0.845,0.982,6.94,recovery,0.6,0.708,-0.3
ath_022,club_03,2024-02-19,sprints,transition,18,F,4,67.05,5,3,1,4.89,3.58,1.0,0.38,2,60,7,420,316.8,504.8,0.628,0,1,0.856,0.993,5.71,recovery,0.5,0.599,-0.35
ath_023,club_04,2024-01-01,throws,off-season,25,F,8,63.64,3,5,4,2.76,5.0,3.82,0.804,0,75,6,450,1857.8,1689.4,1.1,0,1,0.813,0.84,6.03,strength,0.9,0.438,0.11
ath_023,club_04,2024-01-02,throws,off-season,25,F,8,63.64,2,4,5,2.45,4.4,4.89,0.856,1,75,7,525,1657.9,1631.2,1.016,0,1,0.763,0.931,5.19,strength,0.9,0.336,0.12
ath_023,club_04,2024-01-03,throws,off-season,25,F,8,63.64,1,5,5,1.13,4.75,5.0,0.975,0,75,8,600,1499.2,1579.7,0.949,0,1,0.958,0.87,5.17,strength,0.92,0.17,0.13
ath_023,club_04,2024-01-04,throws,off-season,25,F,8,63.64,3,4,2,3.09,4.21,2.22,0.623,0,60,7,420,1337.3,1521.7,0.879,0,1,0.78,0.912,6.35,strength,0.87,0.355,0.0
ath_023,club_04,2024-01-05,throws,off-season,25,F,8,63.64,1,3,4,1.0,2.77,3.73,0.767,1,75,7,525,1215.5,1471.8,0.826,0,1,0.876,0.99,5.79,endurance,0.89,0.186,0.11
ath_023,club_04,2024-01-06,throws,off-season,25,F,8,63.64,1,4,3,1.57,3.9,3.09,0.761,0,105,6,630,1127.7,1429.7,0.789,0,1,0.902,0.867,5.38,strength,0.89,0.176,0.11
ath_023,club_04,2024-01-07,throws,off-season,25,F,8,63.64,3,4,5,2.52,4.25,5.0,0.849,1,105,6,630,1053.0,1389.8,0.758,0,1,0.844,0.834,4.71,endurance,0.9,0.417,0.11
ath_023,club_04,2024-01-08,throws,off-season,25,F,8,63.64,2,4,4,1.5,3.86,4.51,0.858,0,75,8,600,985.1,1350.3,0.73,0,1,0.922,0.932,4.6,strength,0.9,0.323,0.12
ath_023,club_04,2024-01-09,throws,off-season,25,F,8,63.64,2,2,5,2.08,2.05,5.0,0.731,1,90,6,540,918.3,1309.8,0.701,0,1,0.771,0.905,5.73,endurance,0.88,0.334,0.1
ath_023,club_04,2024-01-10,throws,off-season,25,F,8,63.64,4,4,4,4.29,3.78,4.12,0.641,2,75,5,375,836.8,1263.0,0.663,0,1,0.799,0.963,5.51,strength,0.6,0.53,-0.3
ath_023,club_04,2024-01-11,throws,off-season,25,F,8,63.64,1,5,4,1.0,5.0,3.92,0.928,1,75,7,525,790.0,1226.1,0.644,0,1,0.787,0.874,4.96,strength,0.91,0.172,0.12
ath_023,club_04,2024-01-12,throws,off-season,25,F,8,63.64,1,3,3,1.07,3.0,2.82,0.717,0,75,9,675,772.8,1198.6,0.645,0,1,0.899,0.977,5.54,strength,0.88,0.155,0.1
ath_023,club_04,2024-01-13,throws,off-season,25,F,8,63.64,1,1,4,1.15,1.0,3.52,0.625,1,105,6,630,751.4,1170.1,0.642,0,1,0.837,0.909,6.04,strength,0.87,0.175,0.0
ath_023,club_04,2024-01-14,throws,off-season,25,F,8,63.64,1,4,3,1.25,3.69,3.05,0.766,1,0,0,0,638.7,1111.6,0.575,0,1,0.916,0.901,5.09,strength,0.89,0.179,0.11
ath_023,club_04,2024-01-15,throws,off-season,25,F,8,63.64,4,4,3,3.97,3.91,3.28,0.615,2,75,3,225,576.6,1067.3,0.54,1,1,0.858,0.811,5.41,recovery,0.6,0.704,-0.3
ath_023,club_04,2024-01-16,throws,pre-comp,25,F,8,63.64,4,2,1,4.15,2.07,1.04,0.33,2,60,3,180,517.1,1022.9,0.506,1,1,0.987,0.815,6.58,recovery,0.6,0.733,-0.3
ath_023,club_04,2024-01-17,throws,pre-comp,25,F,8,63.64,4,3,1,3.65,3.39,1.28,0.468,1,0,0,0,439.6,971.8,0.452,1,1,0.791,0.825,5.19,recovery,0.6,0.655,-0.3
ath_023,club_04,2024-01-18,throws,pre-comp,25,F,8,63.64,4,2,1,4.25,1.78,1.0,0.302,2,60,6,360,427.6,941.2,0.454,1,1,0.898,0.83,5.97,recovery,0.6,0.63,-0.3
ath_023,club_04,2024-01-19,throws,pre-comp,25,F,8,63.64,4,2,2,4.44,2.22,2.39,0.411,2,75,5,375,419.7,912.9,0.46,1,1,0.875,0.882,5.51,recovery,0.6,0.696,-0.3
ath_023,club_04,2024-01-20,throws,pre-comp,25,F,8,63.64,4,2,3,4.04,2.31,2.62,0.459,2,75,3,225,390.5,878.5,0.445,1,1,0.931,0.985,5.53,recovery,0.6,0.629,-0.3
ath_023,club_04,2024-01-21,throws,pre-comp,25,F,8,63.64,3,2,3,3.33,1.91,2.76,0.489,0,60,6,360,385.9,852.6,0.453,1,1,0.787,0.957,6.06,recovery,0.75,0.487,0.0
ath_023,club_04,2024-01-22,throws,pre-comp,25,F,8,63.64,4,3,3,4.39,2.73,3.24,0.505,2,75,5,375,384.3,828.7,0.464,1,1,0.85,0.817,5.46,recovery,0.6,0.675,-0.3
ath_023,club_04,2024-01-23,throws,pre-comp,25,F,8,63.64,3,3,2,2.35,3.22,1.41,0.552,1,90,5,450,394.2,809.8,0.487,1,1,0.934,0.83,5.16,recovery,0.75,0.495,0.0
ath_023,club_04,2024-01-24,throws,pre-comp,25,F,8,63.64,3,2,3,3.01,1.96,2.73,0.512,0,60,3,180,362.0,778.3,0.465,1,1,0.918,0.836,4.78,recovery,0.75,0.536,0.0
ath_023,club_04,2024-01-25,throws,pre-comp,25,F,8,63.64,4,3,2,4.03,3.27,2.04,0.485,2,0,0,0,307.7,739.4,0.416,0,1,0.779,0.976,5.98,speed,0.6,0.505,-0.3
ath_023,club_04,2024-01-26,throws,pre-comp,25,F,8,63.64,3,4,4,3.7,4.16,4.14,0.706,0,105,5,525,340.3,728.6,0.467,0,1,0.852,0.992,6.2,technique,0.88,0.424,0.1
ath_023,club_04,2024-01-27,throws,pre-comp,25,F,8,63.64,4,5,2,4.52,4.71,1.6,0.519,1,90,6,540,370.3,719.2,0.515,0,1,0.848,0.879,6.38,speed,0.6,0.487,-0.3
ath_023,club_04,2024-01-28,throws,pre-comp,25,F,8,63.64,5,3,4,4.66,2.68,3.89,0.528,1,75,6,450,382.2,705.7,0.542,0,1,0.979,0.945,5.73,speed,0.5,0.608,-0.35
ath_023,club_04,2024-01-29,throws,pre-comp,25,F,8,63.64,2,3,5,2.14,2.79,4.86,0.767,0,0,0,0,324.9,670.5,0.485,0,1,0.995,0.946,4.74,technique,0.89,0.27,0.11
ath_023,club_04,2024-01-30,throws,pre-comp,25,F,8,63.64,2,4,4,1.81,3.98,3.73,0.793,0,90,5,450,343.7,659.4,0.521,0,1,0.818,0.809,4.43,technique,0.89,0.225,0.11
ath_023,club_04,2024-01-31,throws,competition,25,F,8,63.64,2,4,4,2.14,3.66,4.37,0.793,0,0,0,0,292.1,626.5,0.466,0,1,0.761,0.841,5.11,speed,0.89,0.229,0.11
ath_023,club_04,2024-02-01,throws,competition,25,F,8,63.64,2,3,3,1.88,3.49,2.46,0.672,0,75,5,375,304.5,613.9,0.496,0,1,0.893,0.867,5.06,speed,0.88,0.24,0.0
ath_023,club_04,2024-02-02,throws,competition,25,F,8,63.64,4,4,5,4.52,3.98,4.5,0.664,1,105,5,525,337.6,609.4,0.554,0,1,0.807,0.872,5.61,speed,0.6,0.507,-0.3
ath_023,club_04,2024-02-03,throws,competition,25,F,8,63.64,3,2,5,3.17,1.6,5.0,0.629,0,90,7,630,381.5,610.5,0.625,0,1,0.869,0.924,6.08,speed,0.87,0.398,0.0
ath_023,club_04,2024-02-04,throws,competition,25,F,8,63.64,1,3,5,1.75,3.01,4.66,0.795,0,105,9,945,466.0,627.2,0.743,0,1,0.751,0.843,5.56,speed,0.89,0.132,0.11
ath_023,club_04,2024-02-05,throws,competition,25,F,8,63.64,3,4,3,3.13,4.39,2.86,0.675,0,60,7,420,459.1,616.8,0.744,0,1,0.837,0.917,6.02,speed,0.88,0.432,0.0
ath_023,club_04,2024-02-06,throws,competition,25,F,8,63.64,2,3,1,2.1,3.01,1.0,0.528,0,75,5,375,446.5,604.7,0.738,0,1,0.811,0.859,6.29,speed,0.85,0.252,0.0
ath_023,club_04,2024-02-07,throws,competition,25,F,8,63.64,3,3,4,3.91,3.38,4.34,0.653,1,60,7,420,442.5,595.5,0.743,0,1,0.968,0.858,5.45,speed,0.87,0.37,0.0
ath_023,club_04,2024-02-08,throws,competition,25,F,8,63.64,2,3,4,2.02,3.8,4.19,0.798,0,90,8,720,484.1,601.7,0.805,0,1,0.873,0.983,5.18,recovery,0.89,0.266,0.11
ath_023,club_04,2024-02-09,throws,competition,25,F,8,63.64,1,3,4,1.08,3.19,3.61,0.781,1,60,6,360,465.5,589.6,0.789,0,1,0.934,0.963,5.6,speed,0.89,0.194,0.11
ath_023,club_04,2024-02-10,throws,competition,25,F,8,63.64,1,3,4,1.16,2.81,4.18,0.788,1,90,9,810,517.2,600.7,0.861,0,1,0.879,0.981,5.42,recovery,0.89,0.147,0.11
ath_023,club_04,2024-02-11,throws,competition,25,F,8,63.64,2,5,2,2.04,4.82,2.22,0.733,0,90,9,810,561.1,611.1,0.918,0,1,0.798,0.895,6.36,speed,0.88,0.313,0.1
ath_023,club_04,2024-02-12,throws,competition,25,F,8,63.64,3,4,4,3.42,4.04,4.04,0.711,1,0,0,0,476.9,580.6,0.822,0,1,0.92,0.916,5.22,speed,0.88,0.41,0.1
ath_023,club_04,2024-02-13,throws,competition,25,F,8,63.64,1,5,5,1.0,4.94,4.73,0.978,1,0,0,0,405.4,551.5,0.735,0,1,0.829,0.878,4.53,speed,0.92,0.147,0.13
ath_023,club_04,2024-02-14,throws,competition,25,F,8,63.64,2,4,3,2.01,4.35,2.85,0.745,1,75,7,525,423.3,550.2,0.769,0,1,0.926,0.867,5.69,speed,0.89,0.263,0.1
ath_023,club_04,2024-02-15,throws,transition,25,F,8,63.64,1,5,4,1.0,4.95,4.65,0.974,0,75,5,375,416.1,541.5,0.768,0,1,0.992,0.888,5.0,speed,0.92,0.135,0.13
ath_023,club_04,2024-02-16,throws,transition,25,F,8,63.64,4,3,4,4.4,3.03,4.04,0.578,2,75,6,450,421.2,536.9,0.784,1,1,0.921,0.99,5.56,recovery,0.6,0.637,-0.3
ath_023,club_04,2024-02-17,throws,transition,25,F,8,63.64,3,2,1,2.96,2.02,1.0,0.404,0,105,5,525,436.8,536.3,0.814,1,1,0.968,0.843,6.39,recovery,0.75,0.546,0.0
ath_023,club_04,2024-02-18,throws,transition,25,F,8,63.64,4,2,2,3.79,1.94,1.84,0.399,2,0,0,0,371.2,509.5,0.729,1,1,0.832,0.875,6.72,recovery,0.6,0.665,-0.3
ath_023,club_04,2024-02-19,throws,transition,25,F,8,63.64,5,3,2,5.0,2.84,2.25,0.406,1,0,0,0,315.6,484.0,0.652,1,1,0.847,0.976,6.37,recovery,0.5,0.787,-0.35
ath_024,club_05,2024-01-01,throws,off-season,16,M,8,85.1,1,4,5,1.0,4.07,4.56,0.908,0,75,7,525,1714.6,1422.9,1.205,0,0,0.985,0.998,5.84,endurance,0.91,0.097,0.0
ath_024,club_05,2024-01-02,throws,off-season,16,M,8,85.1,1,3,4,1.13,3.33,3.82,0.802,1,90,8,720,1565.4,1387.8,1.128,0,0,0.752,0.966,6.55,strength,0.9,0.088,0.0
ath_024,club_05,2024-01-03,throws,off-season,16,M,8,85.1,2,5,5,1.38,4.78,4.83,0.949,0,60,7,420,1393.6,1339.4,1.04,0,0,0.955,0.914,5.46,strength,0.92,0.151,0.12
ath_024,club_05,2024-01-04,throws,off-season,16,M,8,85.1,1,5,4,1.01,4.71,4.14,0.923,0,60,7,420,1247.5,1293.4,0.965,0,0,0.867,0.979,6.25,endurance,0.91,0.052,0.12
ath_024,club_05,2024-01-05,throws,off-season,16,M,8,85.1,1,3,3,1.0,2.63,2.75,0.692,0,60,5,300,1105.4,1243.7,0.889,0,0,0.906,0.828,5.66,endurance,0.88,0.069,0.0
ath_024,club_05,2024-01-06,throws,off-season,16,M,8,85.1,1,4,4,1.0,4.03,4.12,0.877,1,90,5,450,1007.1,1204.0,0.836,0,0,0.771,0.929,4.85,strength,0.91,0.047,0.12
ath_024,club_05,2024-01-07,throws,off-season,16,M,8,85.1,3,5,4,3.3,5.0,4.11,0.787,1,90,7,630,950.5,1175.3,0.809,0,0,0.905,0.918,6.33,endurance,0.89,0.39,0.11
ath_024,club_05,2024-01-08,throws,off-season,16,M,8,85.1,1,5,4,1.22,5.0,4.18,0.931,1,60,7,420,871.0,1137.6,0.766,0,0,0.79,0.843,5.51,strength,0.91,0.064,0.12
ath_024,club_05,2024-01-09,throws,off-season,16,M,8,85.1,1,3,4,1.76,2.55,3.93,0.714,1,60,5,300,785.3,1095.7,0.717,0,0,0.913,0.992,5.28,strength,0.88,0.059,0.1
ath_024,club_05,2024-01-10,throws,off-season,16,M,8,85.1,2,4,3,1.57,4.02,2.93,0.759,1,0,0,0,667.5,1040.9,0.641,0,0,0.845,0.987,5.45,endurance,0.89,0.176,0.11
ath_024,club_05,2024-01-11,throws,off-season,16,M,8,85.1,2,2,3,2.17,2.11,3.47,0.628,0,105,8,840,693.4,1030.9,0.673,0,0,0.867,0.804,5.31,endurance,0.87,0.195,0.0
ath_024,club_05,2024-01-12,throws,off-season,16,M,8,85.1,3,4,3,2.87,4.26,2.84,0.683,0,75,8,600,679.4,1009.3,0.673,0,0,0.871,0.967,5.62,strength,0.88,0.3,0.0
ath_024,club_05,2024-01-13,throws,off-season,16,M,8,85.1,2,3,4,2.53,3.54,4.02,0.736,1,0,0,0,577.5,958.9,0.602,0,0,0.912,0.832,5.64,endurance,0.89,0.155,0.1
ath_024,club_05,2024-01-14,throws,off-season,16,M,8,85.1,2,4,1,2.88,4.21,1.0,0.555,0,105,9,945,632.6,958.2,0.66,0,0,0.756,0.985,5.97,endurance,0.86,0.164,0.0
ath_024,club_05,2024-01-15,throws,off-season,16,M,8,85.1,1,3,1,1.15,3.23,1.32,0.626,0,0,0,0,537.7,910.3,0.591,0,0,0.935,0.983,5.41,strength,0.87,0.027,0.0
ath_024,club_05,2024-01-16,throws,pre-comp,16,M,8,85.1,4,4,4,4.08,3.97,4.17,0.67,1,60,8,480,529.1,888.7,0.595,0,0,0.825,0.972,5.5,speed,0.6,0.412,-0.3
ath_024,club_05,2024-01-17,throws,pre-comp,16,M,8,85.1,1,1,5,1.0,1.0,5.0,0.733,0,90,8,720,557.7,880.3,0.634,0,0,0.759,0.818,5.74,speed,0.89,0.05,0.1
ath_024,club_05,2024-01-18,throws,pre-comp,16,M,8,85.1,2,4,4,1.93,3.48,4.1,0.776,1,60,6,360,528.0,854.3,0.618,0,0,0.938,0.845,5.48,speed,0.89,0.199,0.11
ath_024,club_05,2024-01-19,throws,pre-comp,16,M,8,85.1,1,4,5,1.0,4.03,4.95,0.932,1,75,5,375,505.1,830.3,0.608,0,0,0.925,0.992,4.69,speed,0.91,0.08,0.12
ath_024,club_05,2024-01-20,throws,pre-comp,16,M,8,85.1,2,4,3,2.12,4.02,3.0,0.727,1,75,7,525,508.1,815.1,0.623,0,0,0.929,0.873,5.24,technique,0.88,0.164,0.1
ath_024,club_05,2024-01-21,throws,pre-comp,16,M,8,85.1,1,2,4,1.03,2.11,3.91,0.733,1,0,0,0,431.9,774.3,0.558,0,0,0.993,0.966,5.09,speed,0.88,0.01,0.1
ath_024,club_05,2024-01-22,throws,pre-comp,16,M,8,85.1,1,3,1,1.0,3.44,1.28,0.648,0,90,7,630,461.6,767.1,0.602,0,0,0.958,0.995,5.33,speed,0.87,0.114,0.0
ath_024,club_05,2024-01-23,throws,pre-comp,16,M,8,85.1,1,3,4,1.0,2.39,3.69,0.738,0,105,5,525,471.1,755.0,0.624,0,0,0.851,0.821,4.91,speed,0.89,0.053,0.1
ath_024,club_05,2024-01-24,throws,pre-comp,16,M,8,85.1,2,4,4,1.96,3.96,4.13,0.809,0,75,7,525,479.2,743.5,0.645,0,0,0.867,0.948,5.37,speed,0.9,0.19,0.11
ath_024,club_05,2024-01-25,throws,pre-comp,16,M,8,85.1,2,2,4,1.95,2.32,3.76,0.675,1,75,6,450,474.8,728.8,0.651,0,0,0.884,0.985,5.23,speed,0.88,0.211,0.0
ath_024,club_05,2024-01-26,throws,pre-comp,16,M,8,85.1,2,2,4,2.09,1.83,4.08,0.655,1,75,7,525,482.3,718.6,0.671,0,0,0.916,0.843,6.23,technique,0.87,0.156,0.0
ath_024,club_05,2024-01-27,throws,pre-comp,16,M,8,85.1,1,4,3,1.0,4.26,2.98,0.816,0,60,6,360,464.0,700.7,0.662,0,0,0.991,0.836,5.95,speed,0.9,0.01,0.11
ath_024,club_05,2024-01-28,throws,pre-comp,16,M,8,85.1,2,4,1,1.75,4.25,1.24,0.649,1,105,7,735,504.6,702.4,0.718,0,0,0.875,0.93,6.23,technique,0.87,0.187,0.0
ath_024,club_05,2024-01-29,throws,pre-comp,16,M,8,85.1,1,3,5,1.09,3.34,4.79,0.87,1,60,7,420,491.9,688.3,0.715,0,0,0.879,0.949,5.04,speed,0.91,0.033,0.12
ath_024,club_05,2024-01-30,throws,pre-comp,16,M,8,85.1,2,3,4,1.61,2.95,3.15,0.699,1,60,7,420,481.1,674.9,0.713,0,0,0.887,0.889,5.39,technique,0.88,0.192,0.0
ath_024,club_05,2024-01-31,throws,competition,16,M,8,85.1,2,4,5,1.9,3.72,4.21,0.802,1,90,5,450,476.5,663.6,0.718,0,0,0.772,0.966,4.97,speed,0.9,0.184,0.11
ath_024,club_05,2024-02-01,throws,competition,16,M,8,85.1,1,3,4,1.0,2.69,4.53,0.815,0,75,8,600,495.0,660.4,0.75,0,0,0.931,0.9,5.69,speed,0.9,0.057,0.11
ath_024,club_05,2024-02-02,throws,competition,16,M,8,85.1,2,1,4,2.42,1.01,3.49,0.538,1,0,0,0,420.8,627.4,0.671,0,0,0.838,0.898,6.17,speed,0.86,0.209,0.0
ath_024,club_05,2024-02-03,throws,competition,16,M,8,85.1,1,3,4,1.0,3.27,4.33,0.84,0,60,7,420,420.6,617.1,0.682,0,0,0.804,0.937,4.46,speed,0.9,0.087,0.11
ath_024,club_05,2024-02-04,throws,competition,16,M,8,85.1,2,4,4,1.71,4.13,3.79,0.814,1,60,6,360,411.5,604.2,0.681,0,0,0.955,0.926,4.62,recovery,0.9,0.11,0.11
ath_024,club_05,2024-02-05,throws,competition,16,M,8,85.1,1,2,1,1.0,1.65,1.19,0.522,1,60,8,480,421.8,598.0,0.705,0,0,0.842,0.965,5.59,speed,0.85,0.087,0.0
ath_024,club_05,2024-02-06,throws,competition,16,M,8,85.1,1,3,2,1.0,3.0,2.18,0.679,1,60,5,300,403.5,583.1,0.692,0,0,0.797,0.944,6.17,speed,0.88,0.035,0.0
ath_024,club_05,2024-02-07,throws,competition,16,M,8,85.1,2,2,4,2.03,1.71,3.95,0.643,1,0,0,0,343.0,553.9,0.619,0,0,0.995,0.941,5.91,speed,0.87,0.192,0.0
ath_024,club_05,2024-02-08,throws,competition,16,M,8,85.1,1,4,2,1.0,4.16,2.31,0.765,1,75,8,600,381.6,556.2,0.686,0,0,0.98,0.906,4.53,speed,0.89,0.117,0.11
ath_024,club_05,2024-02-09,throws,competition,16,M,8,85.1,4,3,3,4.18,3.11,2.94,0.525,2,75,6,450,391.8,550.9,0.711,0,0,0.82,0.973,6.39,recovery,0.6,0.433,-0.3
ath_024,club_05,2024-02-10,throws,competition,16,M,8,85.1,4,4,4,4.21,4.31,3.34,0.63,2,75,6,450,400.6,545.9,0.734,0,0,0.996,0.831,5.34,speed,0.6,0.401,-0.3
ath_024,club_05,2024-02-11,throws,competition,16,M,8,85.1,2,5,3,1.81,4.69,2.9,0.786,0,0,0,0,340.5,518.6,0.657,0,0,0.84,0.828,5.42,speed,0.89,0.149,0.11
ath_024,club_05,2024-02-12,throws,competition,16,M,8,85.1,4,3,5,4.21,2.9,4.66,0.623,2,0,0,0,289.4,492.7,0.587,0,0,0.84,0.978,5.63,speed,0.6,0.418,-0.3
ath_024,club_05,2024-02-13,throws,competition,16,M,8,85.1,3,4,2,2.68,3.72,1.43,0.565,0,90,7,630,340.5,499.5,0.682,0,0,0.963,0.986,6.01,speed,0.86,0.238,0.0
ath_024,club_05,2024-02-14,throws,competition,16,M,8,85.1,2,4,5,2.1,4.11,5.0,0.867,1,60,6,360,343.4,492.5,0.697,0,0,0.876,0.939,4.6,speed,0.91,0.148,0.12
ath_024,club_05,2024-02-15,throws,transition,16,M,8,85.1,2,4,5,1.95,4.47,4.75,0.885,1,90,9,810,413.4,508.4,0.813,0,0,0.852,0.968,5.36,recovery,0.91,0.13,0.12
ath_024,club_05,2024-02-16,throws,transition,16,M,8,85.1,4,5,4,4.42,5.0,3.94,0.701,1,75,5,375,407.6,501.8,0.812,0,0,0.963,0.99,4.79,speed,0.6,0.456,-0.3
ath_024,club_05,2024-02-17,throws,transition,16,M,8,85.1,2,5,4,2.03,4.65,3.56,0.812,1,90,5,450,414.0,499.2,0.829,0,0,0.777,0.879,5.66,speed,0.9,0.176,0.11
ath_024,club_05,2024-02-18,throws,transition,16,M,8,85.1,2,3,4,2.23,3.13,4.02,0.728,1,105,5,525,430.6,500.5,0.861,0,0,0.901,0.932,6.11,recovery,0.88,0.19,0.1
ath_024,club_05,2024-02-19,throws,transition,16,M,8,85.1,4,5,4,4.2,4.73,3.97,0.699,2,75,8,600,456.0,505.4,0.902,0,0,0.767,0.946,5.08,speed,0.6,0.411,-0.3
ath_025,club_01,2024-01-01,sprints,off-season,20,F,6,65.72,1,5,4,1.0,5.0,3.79,0.919,0,75,5,375,2122.9,2177.1,0.975,0,1,0.926,0.829,5.94,endurance,0.91,0.175,0.12
ath_025,club_01,2024-01-02,sprints,off-season,20,F,6,65.72,2,5,4,1.74,5.0,3.79,0.87,0,75,5,375,1860.7,2087.0,0.892,0,1,0.755,0.922,5.27,strength,0.91,0.289,0.12
ath_025,club_01,2024-01-03,sprints,off-season,20,F,6,65.72,2,5,3,2.0,5.0,3.65,0.843,1,105,9,945,1723.4,2029.9,0.849,0,1,0.927,0.889,5.28,strength,0.9,0.339,0.11
ath_025,club_01,2024-01-04,sprints,off-season,20,F,6,65.72,1,4,2,1.0,3.99,1.61,0.706,1,75,6,450,1532.4,1950.9,0.785,0,1,0.801,0.915,5.57,strength,0.88,0.13,0.1
ath_025,club_01,2024-01-05,sprints,off-season,20,F,6,65.72,1,1,5,1.29,1.0,4.87,0.705,1,0,0,0,1302.5,1853.4,0.703,0,1,0.927,0.812,5.36,endurance,0.88,0.061,0.1
ath_025,club_01,2024-01-06,sprints,off-season,20,F,6,65.72,4,5,4,3.84,5.0,4.17,0.755,1,90,5,450,1174.6,1783.2,0.659,1,1,0.886,0.962,5.69,recovery,0.6,0.67,-0.3
ath_025,club_01,2024-01-07,sprints,off-season,20,F,6,65.72,4,2,3,4.02,1.46,3.22,0.444,2,60,5,300,1043.4,1709.1,0.611,1,1,0.971,0.991,6.58,recovery,0.6,0.663,-0.3
ath_025,club_01,2024-01-08,sprints,off-season,20,F,6,65.72,4,1,1,4.07,1.09,1.4,0.294,2,0,0,0,886.9,1623.6,0.546,1,1,0.781,0.959,6.86,recovery,0.6,0.67,-0.3
ath_025,club_01,2024-01-09,sprints,off-season,20,F,6,65.72,5,1,1,4.72,1.0,1.54,0.255,1,90,5,450,821.4,1564.9,0.525,1,1,0.775,0.828,7.16,recovery,0.5,0.799,-0.35
ath_025,club_01,2024-01-10,sprints,off-season,20,F,6,65.72,4,1,1,4.12,1.0,1.17,0.27,2,60,3,180,725.2,1495.7,0.485,1,1,0.975,0.861,6.63,recovery,0.6,0.648,-0.3
ath_025,club_01,2024-01-11,sprints,off-season,20,F,6,65.72,5,3,1,5.0,3.24,1.74,0.399,1,0,0,0,616.4,1420.9,0.434,1,1,0.939,0.88,5.77,recovery,0.5,0.784,-0.35
ath_025,club_01,2024-01-12,sprints,off-season,20,F,6,65.72,5,2,3,4.36,1.87,3.3,0.454,2,75,3,225,557.7,1361.1,0.41,1,1,0.986,0.945,5.38,recovery,0.5,0.808,-0.35
ath_025,club_01,2024-01-13,sprints,off-season,20,F,6,65.72,4,3,3,3.9,2.77,3.22,0.54,1,60,5,300,519.0,1308.0,0.397,1,1,0.753,0.953,6.07,recovery,0.6,0.682,-0.3
ath_025,club_01,2024-01-14,sprints,off-season,20,F,6,65.72,5,2,2,5.0,1.84,2.42,0.351,1,75,8,600,531.2,1272.6,0.417,0,1,0.815,0.821,6.9,recovery,0.5,0.597,-0.35
ath_025,club_01,2024-01-15,sprints,off-season,20,F,6,65.72,1,4,5,1.39,3.77,5.0,0.892,1,60,7,420,514.5,1230.0,0.418,0,1,0.999,0.913,4.15,endurance,0.91,0.171,0.12
ath_025,club_01,2024-01-16,sprints,pre-comp,20,F,6,65.72,1,3,4,1.14,2.88,3.89,0.776,0,90,9,810,558.8,1209.0,0.462,0,1,0.903,0.864,4.32,technique,0.89,0.144,0.11
ath_025,club_01,2024-01-17,sprints,pre-comp,20,F,6,65.72,1,3,5,1.0,2.72,4.99,0.847,1,60,9,540,556.0,1175.6,0.473,0,1,0.962,0.846,4.52,technique,0.9,0.172,0.11
ath_025,club_01,2024-01-18,sprints,pre-comp,20,F,6,65.72,2,2,4,1.66,1.96,4.14,0.695,1,60,5,300,517.6,1131.8,0.457,0,1,0.808,0.837,5.12,speed,0.88,0.262,0.0
ath_025,club_01,2024-01-19,sprints,pre-comp,20,F,6,65.72,1,2,4,1.0,2.28,4.04,0.755,0,90,9,810,561.5,1115.7,0.503,0,1,0.839,0.968,4.83,technique,0.89,0.124,0.11
ath_025,club_01,2024-01-20,sprints,pre-comp,20,F,6,65.72,5,4,4,4.98,3.76,3.86,0.576,1,75,6,450,544.7,1082.4,0.503,0,1,0.924,0.977,6.33,speed,0.5,0.661,-0.35
ath_025,club_01,2024-01-21,sprints,pre-comp,20,F,6,65.72,2,3,4,1.94,2.59,4.21,0.724,1,0,0,0,463.0,1028.3,0.45,0,1,0.87,0.931,5.33,speed,0.88,0.211,0.1
ath_025,club_01,2024-01-22,sprints,pre-comp,20,F,6,65.72,2,4,4,2.11,4.06,3.5,0.764,1,75,7,525,472.3,1003.1,0.471,0,1,0.787,0.936,3.99,speed,0.89,0.28,0.11
ath_025,club_01,2024-01-23,sprints,pre-comp,20,F,6,65.72,2,5,1,2.24,4.94,1.0,0.647,0,75,7,525,480.2,979.2,0.49,0,1,0.777,0.842,5.02,speed,0.87,0.252,0.0
ath_025,club_01,2024-01-24,sprints,pre-comp,20,F,6,65.72,3,2,5,3.25,1.74,4.65,0.61,0,75,5,375,464.4,949.0,0.489,0,1,0.792,0.81,5.87,technique,0.87,0.381,0.0
ath_025,club_01,2024-01-25,sprints,pre-comp,20,F,6,65.72,2,4,2,2.34,4.22,2.3,0.679,0,90,5,450,462.3,924.1,0.5,0,1,0.911,0.874,5.62,technique,0.88,0.213,0.0
ath_025,club_01,2024-01-26,sprints,pre-comp,20,F,6,65.72,1,4,4,1.4,4.03,4.13,0.85,1,75,6,450,460.4,900.4,0.511,0,1,0.767,0.874,4.9,speed,0.9,0.164,0.12
ath_025,club_01,2024-01-27,sprints,pre-comp,20,F,6,65.72,4,2,5,4.18,1.36,5.0,0.545,2,60,3,180,418.4,864.3,0.484,1,1,0.988,0.822,5.8,recovery,0.6,0.674,-0.3
ath_025,club_01,2024-01-28,sprints,pre-comp,20,F,6,65.72,4,2,1,3.76,2.41,1.0,0.377,2,75,5,375,411.9,839.9,0.49,1,1,0.77,0.931,6.14,recovery,0.6,0.626,-0.3
ath_025,club_01,2024-01-29,sprints,pre-comp,20,F,6,65.72,3,1,1,3.52,1.1,1.4,0.333,1,60,3,180,377.1,806.9,0.467,1,1,0.797,0.922,6.49,recovery,0.75,0.548,0.0
ath_025,club_01,2024-01-30,sprints,pre-comp,20,F,6,65.72,3,2,3,3.77,2.17,2.94,0.489,1,60,4,240,356.5,778.5,0.458,1,1,0.85,0.899,5.78,recovery,0.75,0.61,0.0
ath_025,club_01,2024-01-31,sprints,competition,20,F,6,65.72,4,1,1,3.9,1.22,1.0,0.288,2,60,5,300,348.0,754.6,0.461,1,1,0.812,0.855,6.07,recovery,0.6,0.714,-0.3
ath_025,club_01,2024-02-01,sprints,competition,20,F,6,65.72,4,2,1,4.24,2.56,1.0,0.355,1,75,5,375,352.1,735.6,0.479,1,1,0.888,0.84,5.97,recovery,0.6,0.695,-0.3
ath_025,club_01,2024-02-02,sprints,competition,20,F,6,65.72,5,3,3,5.0,2.95,2.78,0.449,2,0,0,0,299.3,698.8,0.428,1,1,0.927,0.826,6.87,recovery,0.5,0.802,-0.35
ath_025,club_01,2024-02-03,sprints,competition,20,F,6,65.72,4,2,2,4.1,1.77,2.19,0.391,2,0,0,0,254.4,663.9,0.383,1,1,0.839,0.953,6.55,recovery,0.6,0.641,-0.3
ath_025,club_01,2024-02-04,sprints,competition,20,F,6,65.72,5,1,1,5.0,1.0,1.0,0.2,1,105,4,420,279.2,651.7,0.428,1,1,0.984,0.83,5.75,recovery,0.5,0.805,-0.35
ath_025,club_01,2024-02-05,sprints,competition,20,F,6,65.72,4,2,1,3.95,1.69,1.06,0.32,1,90,3,270,277.8,632.6,0.439,1,1,0.997,0.997,5.98,recovery,0.6,0.577,-0.3
ath_025,club_01,2024-02-06,sprints,competition,20,F,6,65.72,4,2,2,4.44,1.57,1.9,0.335,1,60,4,240,272.2,613.0,0.444,1,1,0.798,0.806,5.9,recovery,0.6,0.701,-0.3
ath_025,club_01,2024-02-07,sprints,competition,20,F,6,65.72,4,3,3,3.95,3.55,3.32,0.595,2,0,0,0,231.3,582.3,0.397,0,1,0.902,0.873,5.53,recovery,0.6,0.481,-0.3
ath_025,club_01,2024-02-08,sprints,competition,20,F,6,65.72,2,4,4,1.66,3.94,3.92,0.813,1,75,5,375,252.9,572.0,0.442,0,1,0.932,0.861,4.47,speed,0.9,0.313,0.11
ath_025,club_01,2024-02-09,sprints,competition,20,F,6,65.72,1,4,4,1.0,3.92,4.17,0.873,1,90,9,810,336.5,583.9,0.576,0,1,0.83,0.886,5.26,speed,0.91,0.129,0.12
ath_025,club_01,2024-02-10,sprints,competition,20,F,6,65.72,3,5,4,3.39,4.47,4.54,0.775,1,75,5,375,342.2,573.4,0.597,0,1,0.97,0.983,4.91,speed,0.89,0.435,0.11
ath_025,club_01,2024-02-11,sprints,competition,20,F,6,65.72,1,5,2,1.0,4.8,1.72,0.768,1,0,0,0,290.9,544.8,0.534,0,1,0.878,0.835,4.35,speed,0.89,0.208,0.11
ath_025,club_01,2024-02-12,sprints,competition,20,F,6,65.72,2,3,4,2.45,3.1,4.23,0.725,0,105,7,735,357.5,554.3,0.645,0,1,0.782,0.822,5.88,speed,0.88,0.233,0.1
ath_025,club_01,2024-02-13,sprints,competition,20,F,6,65.72,1,5,3,1.41,4.79,3.27,0.844,1,60,5,300,348.9,541.6,0.644,0,1,0.917,0.96,4.82,speed,0.9,0.135,0.11
ath_025,club_01,2024-02-14,sprints,competition,20,F,6,65.72,1,1,3,1.0,1.38,2.94,0.621,0,0,0,0,296.6,514.5,0.576,0,1,0.872,0.947,5.26,recovery,0.87,0.13,0.0
ath_025,club_01,2024-02-15,sprints,transition,20,F,6,65.72,1,4,4,1.21,3.94,3.97,0.846,1,60,8,480,324.1,512.8,0.632,0,1,0.792,0.83,5.36,speed,0.9,0.1,0.11
ath_025,club_01,2024-02-16,sprints,transition,20,F,6,65.72,1,2,3,1.0,1.94,2.93,0.658,1,75,7,525,354.2,513.4,0.69,0,1,0.767,0.934,5.15,speed,0.87,0.137,0.0
ath_025,club_01,2024-02-17,sprints,transition,20,F,6,65.72,3,3,4,2.76,2.97,3.61,0.654,0,60,5,300,346.1,502.7,0.688,0,1,0.947,0.932,5.36,speed,0.87,0.391,0.0
ath_025,club_01,2024-02-18,sprints,transition,20,F,6,65.72,1,4,4,1.02,3.79,3.68,0.83,1,90,7,630,388.7,509.1,0.763,0,1,0.93,0.991,5.66,speed,0.9,0.148,0.11
ath_025,club_01,2024-02-19,sprints,transition,20,F,6,65.72,3,4,1,2.74,3.36,1.0,0.508,0,105,7,735,440.6,520.4,0.847,0,1,0.878,0.981,6.56,speed,0.85,0.372,0.0
ath_026,club_02,2024-01-01,middle_distance,off-season,18,F,9,88.42,1,4,5,1.0,3.58,4.97,0.904,1,75,8,600,1499.6,1590.6,0.943,0,0,0.854,0.953,5.93,strength,0.91,0.087,0.12
ath_026,club_02,2024-01-02,middle_distance,off-season,18,F,9,88.42,1,4,3,1.22,3.76,2.74,0.753,0,60,9,540,1355.7,1538.1,0.881,0,0,0.972,0.846,5.7,endurance,0.89,0.033,0.11
ath_026,club_02,2024-01-03,middle_distance,off-season,18,F,9,88.42,2,4,4,1.85,3.62,4.67,0.829,1,75,5,375,1208.6,1479.9,0.817,0,0,0.953,0.869,5.79,endurance,0.9,0.199,0.11
ath_026,club_02,2024-01-04,middle_distance,off-season,18,F,9,88.42,2,4,3,1.81,3.85,2.39,0.696,0,0,0,0,1027.3,1405.9,0.731,0,0,0.907,0.829,5.19,strength,0.88,0.17,0.0
ath_026,club_02,2024-01-05,middle_distance,off-season,18,F,9,88.42,1,4,3,1.0,3.85,2.95,0.787,1,0,0,0,873.2,1335.6,0.654,0,0,0.788,0.812,5.41,strength,0.89,0.022,0.11
ath_026,club_02,2024-01-06,middle_distance,off-season,18,F,9,88.42,2,3,5,2.1,3.37,5.0,0.817,1,60,5,300,787.2,1283.9,0.613,0,0,0.879,0.82,5.39,strength,0.9,0.227,0.11
ath_026,club_02,2024-01-07,middle_distance,off-season,18,F,9,88.42,1,4,3,1.02,4.24,2.84,0.804,1,75,6,450,736.6,1242.2,0.593,0,0,0.901,0.875,5.17,strength,0.9,0.06,0.11
ath_026,club_02,2024-01-08,middle_distance,off-season,18,F,9,88.42,5,4,2,5.0,4.35,1.54,0.459,2,60,5,300,671.1,1195.1,0.562,1,0,0.898,0.817,5.94,recovery,0.5,0.721,-0.35
ath_026,club_02,2024-01-09,middle_distance,off-season,18,F,9,88.42,5,1,1,5.0,1.15,1.05,0.214,2,60,6,360,624.5,1153.3,0.541,1,0,0.812,0.981,6.43,recovery,0.5,0.676,-0.35
ath_026,club_02,2024-01-10,middle_distance,off-season,18,F,9,88.42,3,2,1,3.26,2.4,1.0,0.409,1,90,5,450,598.3,1118.1,0.535,1,0,0.961,0.854,5.87,recovery,0.75,0.457,0.0
ath_026,club_02,2024-01-11,middle_distance,off-season,18,F,9,88.42,4,3,1,3.6,2.92,1.0,0.422,2,105,5,525,587.3,1088.5,0.54,1,0,0.9,0.959,6.04,recovery,0.6,0.553,-0.3
ath_026,club_02,2024-01-12,middle_distance,off-season,18,F,9,88.42,5,2,3,5.0,2.07,2.91,0.399,2,60,4,240,535.2,1046.1,0.512,1,0,0.991,0.853,6.34,recovery,0.5,0.673,-0.35
ath_026,club_02,2024-01-13,middle_distance,off-season,18,F,9,88.42,5,1,1,4.93,1.35,1.26,0.245,1,90,6,540,535.9,1020.8,0.525,1,0,0.993,0.873,6.56,recovery,0.5,0.664,-0.35
ath_026,club_02,2024-01-14,middle_distance,off-season,18,F,9,88.42,4,2,3,4.67,1.36,3.63,0.421,2,75,6,450,523.0,992.2,0.527,1,0,0.825,0.825,6.23,recovery,0.6,0.538,-0.3
ath_026,club_02,2024-01-15,middle_distance,off-season,18,F,9,88.42,5,2,1,5.0,1.76,1.42,0.279,1,60,6,360,498.6,960.6,0.519,0,0,0.965,0.843,6.2,recovery,0.5,0.538,-0.35
ath_026,club_02,2024-01-16,middle_distance,pre-comp,18,F,9,88.42,1,4,3,1.0,4.43,2.75,0.812,1,75,6,450,491.3,935.1,0.525,0,0,0.787,0.88,5.18,speed,0.9,0.064,0.11
ath_026,club_02,2024-01-17,middle_distance,pre-comp,18,F,9,88.42,2,5,5,2.03,4.59,4.91,0.898,1,75,9,675,518.9,922.1,0.563,0,0,0.786,0.881,4.78,technique,0.91,0.183,0.12
ath_026,club_02,2024-01-18,middle_distance,pre-comp,18,F,9,88.42,3,5,3,2.88,5.0,2.99,0.74,1,60,5,300,486.0,891.0,0.546,0,0,0.818,0.988,5.03,speed,0.89,0.294,0.1
ath_026,club_02,2024-01-19,middle_distance,pre-comp,18,F,9,88.42,1,3,4,1.21,2.93,3.5,0.748,0,0,0,0,413.1,846.4,0.488,0,0,0.92,0.987,5.19,technique,0.89,0.025,0.1
ath_026,club_02,2024-01-20,middle_distance,pre-comp,18,F,9,88.42,2,2,5,2.09,2.03,5.0,0.729,0,90,9,810,472.7,844.6,0.56,0,0,0.967,0.925,5.07,speed,0.88,0.172,0.1
ath_026,club_02,2024-01-21,middle_distance,pre-comp,18,F,9,88.42,2,4,4,2.35,3.68,3.79,0.742,1,90,6,540,482.8,829.4,0.582,0,0,0.845,0.871,5.47,speed,0.89,0.176,0.1
ath_026,club_02,2024-01-22,middle_distance,pre-comp,18,F,9,88.42,1,4,4,1.0,4.2,3.8,0.867,1,60,5,300,455.3,802.9,0.567,0,0,0.82,0.867,4.46,technique,0.9,0.053,0.12
ath_026,club_02,2024-01-23,middle_distance,pre-comp,18,F,9,88.42,1,4,5,1.24,4.02,5.0,0.918,1,60,5,300,432.0,777.8,0.555,0,0,0.814,0.893,4.14,technique,0.91,0.01,0.12
ath_026,club_02,2024-01-24,middle_distance,pre-comp,18,F,9,88.42,2,1,4,2.13,1.0,4.1,0.598,1,75,8,600,457.2,768.9,0.595,0,0,0.788,0.873,5.44,speed,0.86,0.114,0.0
ath_026,club_02,2024-01-25,middle_distance,pre-comp,18,F,9,88.42,1,4,4,1.11,4.12,3.29,0.82,1,75,6,450,456.1,752.9,0.606,0,0,0.978,0.806,4.96,speed,0.9,0.069,0.11
ath_026,club_02,2024-01-26,middle_distance,pre-comp,18,F,9,88.42,3,3,4,2.83,3.16,4.38,0.714,1,90,7,630,482.2,746.8,0.646,0,0,0.757,0.881,5.51,technique,0.88,0.254,0.1
ath_026,club_02,2024-01-27,middle_distance,pre-comp,18,F,9,88.42,2,1,1,2.35,1.0,1.01,0.377,0,75,5,375,466.1,728.2,0.64,0,0,0.941,0.888,5.85,recovery,0.83,0.183,0.0
ath_026,club_02,2024-01-28,middle_distance,pre-comp,18,F,9,88.42,2,5,3,2.2,5.0,2.83,0.776,0,105,7,735,506.5,728.5,0.695,0,0,0.819,0.948,5.53,speed,0.89,0.187,0.11
ath_026,club_02,2024-01-29,middle_distance,pre-comp,18,F,9,88.42,1,4,3,1.0,4.27,2.96,0.816,0,90,6,540,511.5,719.1,0.711,0,0,0.942,0.853,5.3,technique,0.9,0.063,0.11
ath_026,club_02,2024-01-30,middle_distance,pre-comp,18,F,9,88.42,5,3,2,4.96,3.01,1.54,0.373,1,60,9,540,515.8,710.1,0.726,0,0,0.978,0.925,7.32,recovery,0.5,0.518,-0.35
ath_026,club_02,2024-01-31,middle_distance,competition,18,F,9,88.42,1,5,2,1.02,4.27,2.36,0.774,1,75,9,675,539.7,708.4,0.762,0,0,0.827,0.912,5.0,recovery,0.89,0.107,0.11
ath_026,club_02,2024-02-01,middle_distance,competition,18,F,9,88.42,2,2,2,1.84,2.47,2.04,0.578,0,105,8,840,584.7,715.0,0.818,0,0,0.897,0.932,5.46,recovery,0.86,0.147,0.0
ath_026,club_02,2024-02-02,middle_distance,competition,18,F,9,88.42,3,4,3,3.33,3.82,2.94,0.629,0,90,7,630,591.5,710.7,0.832,0,0,0.951,0.964,6.58,speed,0.87,0.305,0.0
ath_026,club_02,2024-02-03,middle_distance,competition,18,F,9,88.42,2,2,5,2.1,2.42,5.0,0.755,0,105,8,840,628.8,717.2,0.877,0,0,0.886,0.818,5.36,speed,0.89,0.167,0.11
ath_026,club_02,2024-02-04,middle_distance,competition,18,F,9,88.42,1,3,3,1.0,2.49,3.22,0.714,0,75,7,525,613.2,707.6,0.867,0,0,0.933,0.874,5.66,speed,0.88,0.05,0.1
ath_026,club_02,2024-02-05,middle_distance,competition,18,F,9,88.42,2,5,5,1.83,4.82,4.89,0.925,1,75,8,600,611.2,702.2,0.87,0,0,0.981,0.828,5.27,speed,0.91,0.185,0.12
ath_026,club_02,2024-02-06,middle_distance,competition,18,F,9,88.42,1,4,4,1.1,4.26,4.03,0.879,0,75,5,375,575.8,685.8,0.84,0,0,0.931,0.866,5.74,speed,0.91,0.076,0.12
ath_026,club_02,2024-02-07,middle_distance,competition,18,F,9,88.42,1,3,3,1.0,2.85,2.66,0.701,0,90,9,810,610.9,692.0,0.883,0,0,0.967,0.955,5.99,speed,0.88,0.05,0.1
ath_026,club_02,2024-02-08,middle_distance,competition,18,F,9,88.42,4,2,2,3.85,2.01,2.13,0.42,1,75,7,525,598.0,683.7,0.875,0,0,0.936,0.837,6.75,recovery,0.6,0.432,-0.3
ath_026,club_02,2024-02-09,middle_distance,competition,18,F,9,88.42,1,4,1,1.0,3.98,1.47,0.697,0,60,5,300,553.3,664.5,0.833,0,0,0.977,0.821,6.58,speed,0.88,0.013,0.0
ath_026,club_02,2024-02-10,middle_distance,competition,18,F,9,88.42,3,4,3,2.82,3.53,3.78,0.699,1,90,5,450,537.8,653.8,0.823,0,0,0.917,0.929,6.01,speed,0.88,0.288,0.0
ath_026,club_02,2024-02-11,middle_distance,competition,18,F,9,88.42,2,4,5,1.7,4.18,4.84,0.888,1,75,5,375,513.4,639.8,0.802,0,0,0.812,0.893,5.79,speed,0.91,0.2,0.12
ath_026,club_02,2024-02-12,middle_distance,competition,18,F,9,88.42,2,5,4,2.06,4.86,4.39,0.879,0,105,6,630,530.9,639.4,0.83,0,0,0.785,0.963,5.01,speed,0.91,0.17,0.12
ath_026,club_02,2024-02-13,middle_distance,competition,18,F,9,88.42,2,3,4,1.95,3.24,4.0,0.753,0,90,6,540,532.3,634.4,0.839,0,0,0.764,0.944,5.73,recovery,0.89,0.251,0.11
ath_026,club_02,2024-02-14,middle_distance,competition,18,F,9,88.42,1,5,4,1.02,4.67,4.27,0.928,1,60,8,480,524.4,626.7,0.837,0,0,0.912,0.838,5.03,speed,0.91,0.056,0.12
ath_026,club_02,2024-02-15,middle_distance,transition,18,F,9,88.42,2,4,3,1.56,3.73,2.76,0.728,1,75,7,525,524.5,621.6,0.844,0,0,0.911,0.943,5.89,speed,0.88,0.177,0.1
ath_026,club_02,2024-02-16,middle_distance,transition,18,F,9,88.42,2,4,4,1.74,3.99,4.18,0.828,1,90,6,540,526.8,617.5,0.853,0,0,0.807,0.852,5.9,speed,0.9,0.156,0.11
ath_026,club_02,2024-02-17,middle_distance,transition,18,F,9,88.42,1,2,2,1.37,1.88,2.24,0.583,0,90,8,720,555.8,622.6,0.893,0,0,0.784,0.829,6.66,speed,0.86,0.078,0.0
ath_026,club_02,2024-02-18,middle_distance,transition,18,F,9,88.42,1,1,3,1.0,1.0,3.06,0.604,1,0,0,0,472.4,591.5,0.799,0,0,0.798,0.997,6.44,speed,0.87,0.147,0.0
ath_026,club_02,2024-02-19,middle_distance,transition,18,F,9,88.42,1,4,5,1.5,3.63,4.64,0.852,0,75,8,600,491.6,591.9,0.83,0,0,0.762,0.948,4.91,recovery,0.9,0.031,0.12
ath_027,club_03,2024-01-01,sprints,off-season,20,M,3,68.97,4,5,5,4.06,5.0,4.85,0.786,2,0,0,0,1691.5,2262.4,0.748,1,1,0.806,0.812,5.52,recovery,0.6,0.668,-0.3
ath_027,club_03,2024-01-02,sprints,off-season,20,M,3,68.97,4,1,3,3.79,1.0,2.62,0.389,1,75,3,225,1471.6,2160.6,0.681,1,1,0.841,0.94,6.25,recovery,0.6,0.668,-0.3
ath_027,club_03,2024-01-03,sprints,off-season,20,M,3,68.97,5,2,1,5.0,2.01,1.17,0.279,2,105,3,315,1298.1,2068.3,0.628,1,1,0.98,0.906,6.52,recovery,0.5,0.804,-0.35
ath_027,club_03,2024-01-04,sprints,off-season,20,M,3,68.97,4,1,1,4.14,1.12,1.0,0.265,2,90,3,270,1143.9,1978.4,0.578,1,1,0.826,0.934,6.61,recovery,0.6,0.67,-0.3
ath_027,club_03,2024-01-05,sprints,off-season,20,M,3,68.97,4,2,2,3.46,1.9,1.93,0.425,2,105,6,630,1066.8,1910.9,0.558,1,1,0.794,0.999,6.11,recovery,0.6,0.644,-0.3
ath_027,club_03,2024-01-06,sprints,off-season,20,M,3,68.97,5,2,1,5.0,2.07,1.0,0.271,2,90,4,360,960.8,1833.4,0.524,1,1,0.769,0.958,6.75,recovery,0.5,0.809,-0.35
ath_027,club_03,2024-01-07,sprints,off-season,20,M,3,68.97,5,2,3,5.0,1.61,3.44,0.404,1,60,5,300,861.6,1756.7,0.49,1,1,0.879,0.905,5.5,recovery,0.5,0.734,-0.35
ath_027,club_03,2024-01-08,sprints,off-season,20,M,3,68.97,4,2,3,4.2,1.69,3.05,0.436,1,75,5,375,788.7,1687.6,0.467,1,1,0.873,0.988,6.8,recovery,0.6,0.691,-0.3
ath_027,club_03,2024-01-09,sprints,off-season,20,M,3,68.97,5,2,2,4.72,1.81,1.89,0.332,1,75,5,375,726.6,1622.0,0.448,1,1,0.768,0.919,6.0,recovery,0.5,0.759,-0.35
ath_027,club_03,2024-01-10,sprints,off-season,20,M,3,68.97,3,1,3,2.7,1.2,3.25,0.517,1,75,5,375,673.9,1559.7,0.432,0,1,0.925,0.852,5.99,strength,0.85,0.42,0.0
ath_027,club_03,2024-01-11,sprints,off-season,20,M,3,68.97,2,4,3,2.14,3.92,3.19,0.731,0,75,7,525,651.5,1507.9,0.432,0,1,0.922,0.89,5.2,strength,0.88,0.32,0.1
ath_027,club_03,2024-01-12,sprints,off-season,20,M,3,68.97,3,4,4,3.13,4.14,3.41,0.695,1,75,7,525,632.6,1458.8,0.434,0,1,0.892,0.95,5.33,strength,0.88,0.41,0.0
ath_027,club_03,2024-01-13,sprints,off-season,20,M,3,68.97,2,2,4,2.4,1.93,3.38,0.595,1,90,9,810,659.2,1426.3,0.462,0,1,0.839,0.925,5.61,strength,0.86,0.245,0.0
ath_027,club_03,2024-01-14,sprints,off-season,20,M,3,68.97,2,4,3,1.85,4.2,3.12,0.765,1,90,6,540,641.3,1382.0,0.464,0,1,0.891,0.945,6.02,strength,0.89,0.212,0.11
ath_027,club_03,2024-01-15,sprints,off-season,20,M,3,68.97,4,5,4,4.37,5.0,3.49,0.675,2,90,4,360,599.1,1330.9,0.45,1,1,0.929,0.886,4.83,recovery,0.6,0.65,-0.3
ath_027,club_03,2024-01-16,sprints,pre-comp,20,M,3,68.97,3,2,2,3.21,1.92,1.92,0.442,1,75,3,225,543.0,1275.6,0.426,1,1,0.761,0.874,5.75,recovery,0.75,0.536,0.0
ath_027,club_03,2024-01-17,sprints,pre-comp,20,M,3,68.97,4,1,3,3.84,1.0,3.24,0.427,1,60,5,300,506.5,1226.8,0.413,1,1,0.854,0.865,5.81,recovery,0.6,0.679,-0.3
ath_027,club_03,2024-01-18,sprints,pre-comp,20,M,3,68.97,3,1,2,2.89,1.0,2.2,0.42,0,60,5,300,475.6,1180.5,0.403,1,1,0.948,0.847,5.84,recovery,0.75,0.542,0.0
ath_027,club_03,2024-01-19,sprints,pre-comp,20,M,3,68.97,3,2,2,3.29,2.11,2.26,0.472,1,0,0,0,404.2,1121.5,0.36,1,1,0.93,0.999,5.17,recovery,0.75,0.566,0.0
ath_027,club_03,2024-01-20,sprints,pre-comp,20,M,3,68.97,4,2,1,3.73,1.99,1.0,0.351,1,90,4,360,397.6,1083.4,0.367,1,1,0.805,0.868,6.11,recovery,0.6,0.658,-0.3
ath_027,club_03,2024-01-21,sprints,pre-comp,20,M,3,68.97,3,3,3,2.69,3.06,2.77,0.61,0,105,6,630,432.5,1060.7,0.408,1,1,0.986,0.803,5.2,recovery,0.75,0.516,0.0
ath_027,club_03,2024-01-22,sprints,pre-comp,20,M,3,68.97,4,1,3,4.03,1.01,2.51,0.366,2,75,4,300,412.6,1022.7,0.403,1,1,0.877,0.928,5.79,recovery,0.6,0.74,-0.3
ath_027,club_03,2024-01-23,sprints,pre-comp,20,M,3,68.97,5,2,3,4.65,1.91,2.46,0.381,2,90,5,450,418.2,994.1,0.421,1,1,0.999,0.806,6.11,recovery,0.5,0.816,-0.35
ath_027,club_03,2024-01-24,sprints,pre-comp,20,M,3,68.97,5,2,3,4.89,1.95,2.9,0.397,1,60,5,300,400.5,959.4,0.417,1,1,0.933,0.94,5.48,recovery,0.5,0.734,-0.35
ath_027,club_03,2024-01-25,sprints,pre-comp,20,M,3,68.97,5,1,2,4.97,1.0,1.51,0.236,2,60,6,360,394.4,929.4,0.424,1,1,0.884,0.955,6.35,recovery,0.5,0.73,-0.35
ath_027,club_03,2024-01-26,sprints,pre-comp,20,M,3,68.97,5,2,1,5.0,2.03,1.06,0.273,2,105,8,840,461.2,924.9,0.499,0,1,0.854,0.89,6.55,recovery,0.5,0.637,-0.35
ath_027,club_03,2024-01-27,sprints,pre-comp,20,M,3,68.97,1,4,5,1.0,4.37,5.0,0.958,1,75,8,600,482.1,908.7,0.53,0,1,0.912,0.849,4.17,speed,0.92,0.11,0.13
ath_027,club_03,2024-01-28,sprints,pre-comp,20,M,3,68.97,3,4,5,2.97,4.0,4.8,0.789,0,60,9,540,490.7,890.2,0.551,0,1,0.787,0.816,6.32,speed,0.89,0.364,0.11
ath_027,club_03,2024-01-29,sprints,pre-comp,20,M,3,68.97,1,4,5,1.0,3.73,5.0,0.916,0,90,5,450,484.6,868.2,0.558,0,1,0.987,0.92,4.74,speed,0.91,0.127,0.12
ath_027,club_03,2024-01-30,sprints,pre-comp,20,M,3,68.97,3,3,3,2.6,2.65,3.08,0.609,1,60,8,480,483.9,848.8,0.57,0,1,0.847,0.838,5.88,technique,0.87,0.372,0.0
ath_027,club_03,2024-01-31,sprints,competition,20,M,3,68.97,2,3,5,2.36,2.4,4.94,0.732,0,75,7,525,490.1,832.6,0.589,0,1,0.967,0.812,5.24,recovery,0.88,0.308,0.1
ath_027,club_03,2024-02-01,sprints,competition,20,M,3,68.97,2,4,5,1.66,3.53,4.52,0.826,0,90,9,810,538.1,831.5,0.647,0,1,0.905,0.993,4.98,speed,0.9,0.267,0.11
ath_027,club_03,2024-02-02,sprints,competition,20,M,3,68.97,2,5,4,1.89,5.0,4.1,0.881,1,105,6,630,551.9,821.4,0.672,0,1,0.785,0.838,4.66,speed,0.91,0.239,0.12
ath_027,club_03,2024-02-03,sprints,competition,20,M,3,68.97,2,5,4,2.08,4.74,3.5,0.811,1,75,5,375,525.3,799.1,0.657,0,1,0.836,0.906,5.32,recovery,0.9,0.238,0.11
ath_027,club_03,2024-02-04,sprints,competition,20,M,3,68.97,2,3,3,1.35,2.88,2.7,0.682,1,105,5,525,525.3,785.4,0.669,0,1,0.887,0.854,6.05,recovery,0.88,0.321,0.0
ath_027,club_03,2024-02-05,sprints,competition,20,M,3,68.97,2,5,1,2.25,4.89,1.0,0.642,0,60,9,540,527.5,773.1,0.682,0,1,0.853,0.872,6.09,speed,0.87,0.296,0.0
ath_027,club_03,2024-02-06,sprints,competition,20,M,3,68.97,1,5,4,1.25,4.89,4.01,0.91,0,90,8,720,556.4,770.5,0.722,0,1,0.767,0.832,4.76,speed,0.91,0.146,0.12
ath_027,club_03,2024-02-07,sprints,competition,20,M,3,68.97,2,1,2,1.71,1.0,2.55,0.523,1,75,6,450,540.4,754.4,0.716,0,1,0.857,0.943,6.32,recovery,0.85,0.252,0.0
ath_027,club_03,2024-02-08,sprints,competition,20,M,3,68.97,2,1,4,1.76,1.36,3.75,0.624,1,75,7,525,538.1,743.0,0.724,0,1,0.958,0.896,5.75,speed,0.87,0.269,0.0
ath_027,club_03,2024-02-09,sprints,competition,20,M,3,68.97,3,5,5,2.66,4.95,5.0,0.886,1,60,8,480,529.4,729.8,0.725,0,1,0.916,0.854,4.95,speed,0.91,0.383,0.12
ath_027,club_03,2024-02-10,sprints,competition,20,M,3,68.97,3,1,2,3.18,1.0,1.66,0.365,0,60,7,420,513.0,714.3,0.718,0,1,0.938,0.831,6.15,recovery,0.83,0.381,0.0
ath_027,club_03,2024-02-11,sprints,competition,20,M,3,68.97,5,4,4,4.4,4.55,4.13,0.685,2,60,8,480,508.0,702.6,0.723,0,1,0.813,0.935,5.68,speed,0.5,0.641,-0.35
ath_027,club_03,2024-02-12,sprints,competition,20,M,3,68.97,1,3,4,1.25,2.99,3.57,0.754,1,105,5,525,510.6,693.7,0.736,0,1,0.944,0.905,5.34,speed,0.89,0.135,0.11
ath_027,club_03,2024-02-13,sprints,competition,20,M,3,68.97,1,3,4,1.15,2.74,3.94,0.769,0,75,8,600,524.0,689.0,0.76,0,1,0.864,0.885,4.97,speed,0.89,0.109,0.11
ath_027,club_03,2024-02-14,sprints,competition,20,M,3,68.97,5,5,3,4.91,5.0,3.27,0.624,2,0,0,0,445.4,654.6,0.68,0,1,0.958,0.917,5.85,speed,0.5,0.625,-0.35
ath_027,club_03,2024-02-15,sprints,transition,20,M,3,68.97,2,3,4,1.43,3.14,3.99,0.78,1,75,7,525,457.3,648.1,0.706,0,1,0.843,0.956,5.78,speed,0.89,0.269,0.11
ath_027,club_03,2024-02-16,sprints,transition,20,M,3,68.97,1,4,1,1.0,4.11,1.0,0.674,0,60,6,360,442.7,633.7,0.699,0,1,0.924,0.907,5.18,speed,0.88,0.171,0.0
ath_027,club_03,2024-02-17,sprints,transition,20,M,3,68.97,4,2,4,3.57,1.95,4.16,0.57,1,75,7,525,455.1,628.3,0.724,0,1,0.912,0.937,6.28,speed,0.6,0.466,-0.3
ath_027,club_03,2024-02-18,sprints,transition,20,M,3,68.97,2,3,4,2.12,2.64,4.11,0.709,0,105,6,630,481.3,628.4,0.766,0,1,0.832,0.824,6.17,speed,0.88,0.276,0.1
ath_027,club_03,2024-02-19,sprints,transition,20,M,3,68.97,1,4,4,1.0,3.93,3.52,0.83,0,60,8,480,481.1,620.9,0.775,0,1,0.875,0.894,4.21,speed,0.9,0.146,0.11
ath_028,club_04,2024-01-01,throws,off-season,20,M,7,84.22,2,4,4,1.81,3.92,4.51,0.841,0,90,8,720,1545.3,1758.9,0.879,0,0,0.803,0.904,6.21,endurance,0.9,0.204,0.11
ath_028,club_04,2024-01-02,throws,off-season,20,M,7,84.22,4,5,3,3.71,4.8,3.39,0.699,2,75,6,450,1381.0,1693.4,0.816,0,0,0.831,0.885,5.69,endurance,0.6,0.421,-0.3
ath_028,club_04,2024-01-03,throws,off-season,20,M,7,84.22,1,4,4,1.07,3.77,4.64,0.889,0,105,7,735,1284.1,1645.5,0.78,0,0,0.912,0.98,5.77,strength,0.91,0.032,0.12
ath_028,club_04,2024-01-04,throws,off-season,20,M,7,84.22,1,4,4,1.15,3.77,4.19,0.854,0,75,9,675,1192.7,1597.0,0.747,0,0,0.797,0.844,5.25,strength,0.9,0.047,0.12
ath_028,club_04,2024-01-05,throws,off-season,20,M,7,84.22,1,4,3,1.06,3.86,2.53,0.755,1,90,5,450,1081.3,1539.6,0.702,0,0,0.829,0.955,5.28,endurance,0.89,0.084,0.11
ath_028,club_04,2024-01-06,throws,off-season,20,M,7,84.22,2,3,5,1.84,3.48,4.67,0.82,1,75,8,600,1009.1,1492.6,0.676,0,0,0.831,0.986,5.57,strength,0.9,0.186,0.11
ath_028,club_04,2024-01-07,throws,off-season,20,M,7,84.22,2,5,3,1.77,4.53,3.37,0.808,0,60,7,420,920.8,1439.0,0.64,0,0,0.892,0.955,5.36,endurance,0.9,0.167,0.11
ath_028,club_04,2024-01-08,throws,off-season,20,M,7,84.22,1,2,1,1.01,1.81,1.03,0.522,0,60,6,360,836.6,1385.1,0.604,0,0,0.882,0.855,6.34,endurance,0.85,0.077,0.0
ath_028,club_04,2024-01-09,throws,off-season,20,M,7,84.22,1,5,4,1.0,5.0,4.35,0.957,1,90,6,540,792.1,1342.8,0.59,0,0,0.859,0.852,4.54,strength,0.92,0.039,0.13
ath_028,club_04,2024-01-10,throws,off-season,20,M,7,84.22,2,2,5,1.71,2.24,5.0,0.769,0,90,6,540,754.3,1302.7,0.579,0,0,0.882,0.996,5.34,endurance,0.89,0.217,0.11
ath_028,club_04,2024-01-11,throws,off-season,20,M,7,84.22,1,1,4,1.1,1.0,4.24,0.676,0,0,0,0,641.2,1237.5,0.518,0,0,0.818,0.921,4.75,strength,0.88,0.063,0.0
ath_028,club_04,2024-01-12,throws,off-season,20,M,7,84.22,3,5,3,2.8,5.0,3.12,0.755,0,60,8,480,617.0,1199.7,0.514,0,0,0.995,0.818,4.92,strength,0.89,0.284,0.11
ath_028,club_04,2024-01-13,throws,off-season,20,M,7,84.22,1,4,4,1.0,3.59,4.48,0.871,0,60,8,480,596.4,1163.7,0.513,0,0,0.851,0.918,4.93,endurance,0.91,0.086,0.12
ath_028,club_04,2024-01-14,throws,off-season,20,M,7,84.22,4,3,5,3.89,3.09,5.0,0.68,2,60,7,420,570.0,1126.5,0.506,0,0,0.84,0.834,5.33,endurance,0.6,0.385,-0.3
ath_028,club_04,2024-01-15,throws,off-season,20,M,7,84.22,3,4,4,3.22,3.78,3.95,0.7,0,60,8,480,556.5,1094.2,0.509,0,0,0.901,0.921,4.78,strength,0.88,0.283,0.1
ath_028,club_04,2024-01-16,throws,pre-comp,20,M,7,84.22,2,4,3,2.3,3.73,3.28,0.714,0,75,8,600,563.0,1069.5,0.526,0,0,0.98,0.872,5.53,technique,0.88,0.157,0.1
ath_028,club_04,2024-01-17,throws,pre-comp,20,M,7,84.22,1,4,5,1.0,3.74,4.98,0.914,0,105,9,945,620.3,1063.2,0.583,0,0,0.824,0.952,5.12,technique,0.91,0.01,0.12
ath_028,club_04,2024-01-18,throws,pre-comp,20,M,7,84.22,2,5,3,1.73,4.97,2.94,0.812,1,90,5,450,594.8,1032.6,0.576,0,0,0.762,0.999,5.29,speed,0.9,0.185,0.11
ath_028,club_04,2024-01-19,throws,pre-comp,20,M,7,84.22,1,4,4,1.0,4.23,3.87,0.873,1,75,7,525,584.3,1007.2,0.58,0,0,0.767,0.84,4.81,technique,0.91,0.041,0.12
ath_028,club_04,2024-01-20,throws,pre-comp,20,M,7,84.22,1,1,5,1.17,1.36,4.64,0.722,0,75,6,450,564.2,979.3,0.576,0,0,0.778,0.9,5.57,speed,0.88,0.015,0.1
ath_028,club_04,2024-01-21,throws,pre-comp,20,M,7,84.22,1,4,2,1.0,4.13,2.19,0.755,1,90,8,720,587.5,966.4,0.608,0,0,0.775,0.901,4.95,technique,0.89,0.018,0.11
ath_028,club_04,2024-01-22,throws,pre-comp,20,M,7,84.22,3,3,4,2.74,2.46,4.52,0.683,1,90,8,720,607.4,954.1,0.637,0,0,0.914,0.979,5.26,technique,0.88,0.308,0.0
ath_028,club_04,2024-01-23,throws,pre-comp,20,M,7,84.22,1,3,2,1.17,3.51,2.04,0.692,0,105,9,945,658.0,953.6,0.69,0,0,0.788,0.894,5.22,technique,0.88,0.049,0.0
ath_028,club_04,2024-01-24,throws,pre-comp,20,M,7,84.22,1,4,4,1.43,3.9,3.38,0.79,1,75,5,375,615.6,924.7,0.666,0,0,0.802,0.813,4.99,technique,0.89,0.184,0.11
ath_028,club_04,2024-01-25,throws,pre-comp,20,M,7,84.22,3,4,4,3.55,3.56,3.67,0.645,1,75,7,525,602.0,904.7,0.665,0,0,0.92,0.977,5.29,technique,0.87,0.327,0.0
ath_028,club_04,2024-01-26,throws,pre-comp,20,M,7,84.22,5,3,2,5.0,2.48,2.27,0.383,1,105,8,840,637.7,901.5,0.707,0,0,0.944,0.99,5.52,recovery,0.5,0.529,-0.35
ath_028,club_04,2024-01-27,throws,pre-comp,20,M,7,84.22,4,2,5,4.17,2.05,4.83,0.58,2,75,7,525,620.8,882.6,0.703,0,0,0.766,0.815,5.55,speed,0.6,0.426,-0.3
ath_028,club_04,2024-01-28,throws,pre-comp,20,M,7,84.22,1,5,3,1.0,4.63,3.18,0.854,1,75,8,600,617.7,868.5,0.711,0,0,0.873,0.977,5.42,speed,0.9,0.011,0.12
ath_028,club_04,2024-01-29,throws,pre-comp,20,M,7,84.22,1,4,4,1.27,3.6,4.17,0.834,0,60,6,360,579.0,843.1,0.687,0,0,0.864,0.961,4.21,speed,0.9,0.04,0.11
ath_028,club_04,2024-01-30,throws,pre-comp,20,M,7,84.22,1,5,1,1.0,4.33,1.47,0.72,0,60,7,420,555.2,821.9,0.675,0,0,0.978,0.994,4.86,speed,0.88,0.049,0.1
ath_028,club_04,2024-01-31,throws,competition,20,M,7,84.22,1,4,1,1.48,4.37,1.0,0.659,0,0,0,0,471.9,780.8,0.604,0,0,0.964,0.954,6.12,speed,0.87,0.119,0.0
ath_028,club_04,2024-02-01,throws,competition,20,M,7,84.22,4,4,4,4.65,3.62,4.12,0.606,1,60,8,480,473.1,765.8,0.618,0,0,0.772,0.862,4.97,recovery,0.6,0.363,-0.3
ath_028,club_04,2024-02-02,throws,competition,20,M,7,84.22,1,3,4,1.16,2.88,4.35,0.804,1,75,9,675,503.4,761.2,0.661,0,0,0.85,0.931,5.39,speed,0.9,0.037,0.11
ath_028,club_04,2024-02-03,throws,competition,20,M,7,84.22,2,3,5,2.13,3.31,4.78,0.797,1,90,7,630,522.4,754.7,0.692,0,0,0.969,0.967,4.87,recovery,0.89,0.14,0.11
ath_028,club_04,2024-02-04,throws,competition,20,M,7,84.22,4,4,4,3.93,4.16,4.21,0.696,1,75,7,525,522.8,743.2,0.703,0,0,0.86,0.923,5.22,speed,0.6,0.413,-0.3
ath_028,club_04,2024-02-05,throws,competition,20,M,7,84.22,2,5,5,2.18,4.48,5.0,0.886,0,75,6,450,511.9,728.5,0.703,0,0,0.866,0.866,5.53,speed,0.91,0.159,0.12
ath_028,club_04,2024-02-06,throws,competition,20,M,7,84.22,5,4,3,5.0,4.22,2.79,0.534,2,60,7,420,498.1,713.1,0.698,0,0,0.937,0.829,5.82,speed,0.5,0.534,-0.35
ath_028,club_04,2024-02-07,throws,competition,20,M,7,84.22,2,4,3,2.05,4.15,2.76,0.724,1,60,5,300,468.4,692.5,0.676,0,0,0.826,0.854,5.49,recovery,0.88,0.157,0.1
ath_028,club_04,2024-02-08,throws,competition,20,M,7,84.22,3,5,4,3.25,4.97,3.78,0.766,0,75,6,450,465.6,680.3,0.684,0,0,0.82,0.99,5.83,speed,0.89,0.268,0.11
ath_028,club_04,2024-02-09,throws,competition,20,M,7,84.22,5,4,4,5.0,4.03,3.59,0.574,2,90,7,630,490.3,677.8,0.723,0,0,0.94,0.919,5.49,speed,0.5,0.545,-0.35
ath_028,club_04,2024-02-10,throws,competition,20,M,7,84.22,3,3,5,2.87,3.36,4.58,0.738,1,60,9,540,497.7,670.9,0.742,0,0,0.82,0.888,5.69,speed,0.89,0.296,0.1
ath_028,club_04,2024-02-11,throws,competition,20,M,7,84.22,2,2,5,2.31,1.58,5.0,0.685,1,75,6,450,490.6,659.9,0.743,0,0,0.964,0.892,5.62,speed,0.88,0.207,0.0
ath_028,club_04,2024-02-12,throws,competition,20,M,7,84.22,5,3,3,4.96,3.0,2.74,0.452,1,0,0,0,417.0,626.9,0.665,0,0,0.818,0.801,6.16,speed,0.5,0.596,-0.35
ath_028,club_04,2024-02-13,throws,competition,20,M,7,84.22,2,2,4,1.53,1.68,3.69,0.655,1,60,8,480,426.4,619.5,0.688,0,0,0.76,0.853,5.91,recovery,0.87,0.138,0.0
ath_028,club_04,2024-02-14,throws,competition,20,M,7,84.22,1,4,4,1.12,3.91,4.21,0.867,1,75,8,600,452.5,618.6,0.731,0,0,0.934,0.87,4.87,recovery,0.91,0.031,0.12
ath_028,club_04,2024-02-15,throws,transition,20,M,7,84.22,2,5,4,2.5,5.0,3.61,0.807,1,90,7,630,479.1,619.1,0.774,0,0,0.902,0.9,4.93,recovery,0.9,0.186,0.11
ath_028,club_04,2024-02-16,throws,transition,20,M,7,84.22,4,5,3,4.18,4.8,2.35,0.598,1,90,9,810,528.7,628.7,0.841,0,0,0.761,0.814,6.71,speed,0.6,0.405,-0.3
ath_028,club_04,2024-02-17,throws,transition,20,M,7,84.22,2,5,4,2.24,4.54,3.72,0.802,0,75,6,450,516.9,619.7,0.834,0,0,0.763,0.838,5.2,speed,0.9,0.141,0.11
ath_028,club_04,2024-02-18,throws,transition,20,M,7,84.22,1,4,2,1.25,4.01,2.4,0.744,0,0,0,0,439.4,588.8,0.746,0,0,0.966,0.956,6.02,speed,0.89,0.072,0.1
ath_028,club_04,2024-02-19,throws,transition,20,M,7,84.22,2,3,4,1.89,3.15,3.91,0.744,1,90,9,810,495.0,599.8,0.825,0,0,0.922,0.804,5.96,speed,0.89,0.156,0.1
ath_029,club_05,2024-01-01,sprints,off-season,26,M,3,67.02,3,4,5,3.11,4.08,5.0,0.798,0,60,8,480,2026.0,1437.5,1.409,0,0,0.851,0.805,6.99,recovery,0.89,0.316,-0.25
ath_029,club_05,2024-01-02,sprints,off-season,26,M,3,67.02,2,4,2,2.23,3.67,2.15,0.64,1,75,6,450,1789.6,1388.1,1.289,0,0,0.814,0.806,5.91,strength,0.87,0.259,0.0
ath_029,club_05,2024-01-03,sprints,off-season,26,M,3,67.02,3,4,5,3.02,4.09,5.0,0.805,1,60,5,300,1566.2,1333.7,1.174,0,0,0.781,0.995,6.28,endurance,0.9,0.29,0.0
ath_029,club_05,2024-01-04,sprints,off-season,26,M,3,67.02,1,4,4,1.22,3.93,3.74,0.83,0,60,6,360,1385.2,1285.0,1.078,0,0,0.833,0.804,6.26,strength,0.9,0.089,0.11
ath_029,club_05,2024-01-05,sprints,off-season,26,M,3,67.02,4,1,4,3.74,1.5,4.11,0.525,2,90,7,630,1271.9,1252.3,1.016,0,0,0.852,0.955,6.81,strength,0.6,0.39,-0.3
ath_029,club_05,2024-01-06,sprints,off-season,26,M,3,67.02,1,2,1,1.09,2.17,1.0,0.538,0,75,6,450,1148.7,1212.1,0.948,0,0,0.92,0.868,6.02,endurance,0.86,0.019,0.0
ath_029,club_05,2024-01-07,sprints,off-season,26,M,3,67.02,1,1,4,1.2,1.33,4.55,0.712,0,105,5,525,1055.1,1177.8,0.896,0,0,0.785,0.938,5.95,strength,0.88,0.098,0.1
ath_029,club_05,2024-01-08,sprints,off-season,26,M,3,67.02,1,4,2,1.02,4.34,2.03,0.757,1,75,5,375,953.1,1137.6,0.838,0,0,0.792,0.96,6.49,endurance,0.89,0.04,0.11
ath_029,club_05,2024-01-09,sprints,off-season,26,M,3,67.02,2,3,5,2.47,2.75,5.0,0.752,0,60,9,540,891.1,1107.8,0.804,0,0,0.839,0.987,6.07,endurance,0.89,0.162,0.11
ath_029,club_05,2024-01-10,sprints,off-season,26,M,3,67.02,2,3,3,2.16,2.92,2.86,0.641,1,75,6,450,825.0,1074.9,0.767,0,0,0.923,0.878,6.26,endurance,0.87,0.184,0.0
ath_029,club_05,2024-01-11,sprints,off-season,26,M,3,67.02,1,3,5,1.0,2.74,4.95,0.846,0,75,9,675,802.5,1054.9,0.761,0,0,0.825,0.802,5.32,endurance,0.9,0.096,0.11
ath_029,club_05,2024-01-12,sprints,off-season,26,M,3,67.02,2,3,4,2.38,2.5,3.97,0.673,0,90,9,810,803.6,1042.6,0.771,0,0,0.993,0.838,5.87,endurance,0.88,0.13,0.0
ath_029,club_05,2024-01-13,sprints,off-season,26,M,3,67.02,2,4,4,2.15,4.33,4.13,0.82,1,0,0,0,683.1,990.5,0.69,0,0,0.788,0.873,4.78,strength,0.9,0.155,0.11
ath_029,club_05,2024-01-14,sprints,off-season,26,M,3,67.02,1,4,4,1.0,4.28,4.54,0.921,1,75,7,525,659.3,967.2,0.682,0,0,0.829,0.966,4.11,endurance,0.91,0.066,0.12
ath_029,club_05,2024-01-15,sprints,off-season,26,M,3,67.02,3,5,4,3.24,5.0,3.77,0.768,0,75,8,600,650.4,948.9,0.685,0,0,0.832,0.881,5.17,endurance,0.89,0.282,0.11
ath_029,club_05,2024-01-16,sprints,pre-comp,26,M,3,67.02,2,5,4,2.45,4.97,4.08,0.84,1,60,9,540,633.9,928.4,0.683,0,0,0.777,0.881,5.09,technique,0.9,0.212,0.11
ath_029,club_05,2024-01-17,sprints,pre-comp,26,M,3,67.02,1,5,3,1.11,5.0,3.19,0.872,1,0,0,0,538.8,882.0,0.611,0,0,0.818,0.987,4.91,speed,0.91,0.027,0.12
ath_029,club_05,2024-01-18,sprints,pre-comp,26,M,3,67.02,2,3,3,2.44,3.28,3.3,0.676,1,0,0,0,458.0,837.9,0.547,0,0,0.989,0.929,5.21,speed,0.88,0.133,0.0
ath_029,club_05,2024-01-19,sprints,pre-comp,26,M,3,67.02,3,4,3,3.08,3.65,2.46,0.602,1,90,6,540,470.3,823.0,0.571,0,0,0.838,0.889,6.14,speed,0.87,0.295,0.0
ath_029,club_05,2024-01-20,sprints,pre-comp,26,M,3,67.02,2,4,3,2.39,4.07,2.99,0.711,0,0,0,0,399.7,781.9,0.511,0,0,0.998,0.873,5.9,technique,0.88,0.158,0.1
ath_029,club_05,2024-01-21,sprints,pre-comp,26,M,3,67.02,3,2,3,3.47,2.01,2.78,0.488,1,90,5,450,407.3,765.3,0.532,0,0,0.829,0.944,5.69,technique,0.85,0.285,0.0
ath_029,club_05,2024-01-22,sprints,pre-comp,26,M,3,67.02,2,4,4,2.18,4.27,4.18,0.818,1,90,7,630,440.7,758.5,0.581,0,0,0.795,0.982,4.88,technique,0.9,0.235,0.11
ath_029,club_05,2024-01-23,sprints,pre-comp,26,M,3,67.02,2,4,1,1.94,4.59,1.0,0.643,1,75,6,450,442.1,743.1,0.595,0,0,0.82,0.803,4.81,speed,0.87,0.192,0.0
ath_029,club_05,2024-01-24,sprints,pre-comp,26,M,3,67.02,2,5,4,1.83,4.52,4.33,0.868,1,60,7,420,438.8,726.9,0.604,0,0,0.802,0.881,4.42,technique,0.91,0.131,0.12
ath_029,club_05,2024-01-25,sprints,pre-comp,26,M,3,67.02,2,1,5,1.83,1.19,4.54,0.66,0,60,6,360,427.0,708.6,0.603,0,0,0.917,0.882,5.6,technique,0.87,0.192,0.0
ath_029,club_05,2024-01-26,sprints,pre-comp,26,M,3,67.02,2,5,3,1.97,5.0,2.98,0.801,1,90,8,720,470.9,709.1,0.664,0,0,0.776,0.895,5.11,technique,0.9,0.183,0.11
ath_029,club_05,2024-01-27,sprints,pre-comp,26,M,3,67.02,2,3,3,2.06,3.11,2.58,0.641,0,75,6,450,467.8,696.2,0.672,0,0,0.813,0.863,5.34,technique,0.87,0.17,0.0
ath_029,club_05,2024-01-28,sprints,pre-comp,26,M,3,67.02,3,1,5,3.48,1.35,4.9,0.584,1,60,7,420,460.6,682.4,0.675,0,0,0.768,0.834,5.93,technique,0.86,0.284,0.0
ath_029,club_05,2024-01-29,sprints,pre-comp,26,M,3,67.02,3,4,5,2.88,3.78,5.0,0.794,1,0,0,0,391.5,648.3,0.604,0,0,0.913,0.887,5.22,speed,0.89,0.363,0.11
ath_029,club_05,2024-01-30,sprints,pre-comp,26,M,3,67.02,2,4,4,1.98,3.69,4.23,0.796,1,60,8,480,404.8,639.8,0.633,0,0,0.753,0.866,4.86,speed,0.89,0.101,0.11
ath_029,club_05,2024-01-31,sprints,competition,26,M,3,67.02,2,5,5,1.92,4.76,5.0,0.923,0,75,7,525,422.8,634.1,0.667,0,0,0.998,0.954,5.06,speed,0.91,0.213,0.12
ath_029,club_05,2024-02-01,sprints,competition,26,M,3,67.02,2,5,4,1.49,5.0,4.69,0.947,1,90,6,540,440.4,629.4,0.7,0,0,0.914,0.829,4.52,speed,0.92,0.163,0.12
ath_029,club_05,2024-02-02,sprints,competition,26,M,3,67.02,1,5,3,1.0,5.0,2.84,0.856,0,105,6,630,468.8,629.4,0.745,0,0,0.992,0.938,5.39,speed,0.9,0.042,0.12
ath_029,club_05,2024-02-03,sprints,competition,26,M,3,67.02,2,2,5,2.16,1.79,4.96,0.706,0,60,9,540,479.5,625.0,0.767,0,0,0.785,0.954,5.79,speed,0.88,0.208,0.1
ath_029,club_05,2024-02-04,sprints,competition,26,M,3,67.02,2,4,1,1.73,3.91,1.0,0.612,1,90,8,720,515.6,629.7,0.819,0,0,0.864,0.886,5.64,recovery,0.87,0.214,0.0
ath_029,club_05,2024-02-05,sprints,competition,26,M,3,67.02,1,3,4,1.0,3.12,3.7,0.788,1,105,9,945,580.0,645.5,0.899,0,0,0.941,0.942,5.7,speed,0.89,0.013,0.11
ath_029,club_05,2024-02-06,sprints,competition,26,M,3,67.02,1,4,5,1.06,4.55,5.0,0.966,1,90,8,720,601.0,649.2,0.926,0,0,0.777,0.871,5.08,recovery,0.92,0.038,0.13
ath_029,club_05,2024-02-07,sprints,competition,26,M,3,67.02,2,5,4,1.82,4.77,4.1,0.87,0,90,8,720,618.8,652.7,0.948,0,0,0.941,0.848,5.84,recovery,0.91,0.221,0.12
ath_029,club_05,2024-02-08,sprints,competition,26,M,3,67.02,5,5,4,5.0,4.87,4.09,0.664,1,90,5,450,593.5,642.6,0.924,0,0,0.905,0.974,5.57,speed,0.5,0.542,-0.35
ath_029,club_05,2024-02-09,sprints,competition,26,M,3,67.02,1,3,2,1.0,3.41,1.5,0.661,0,105,8,840,630.5,652.5,0.966,0,0,0.851,0.994,6.64,speed,0.87,0.019,0.0
ath_029,club_05,2024-02-10,sprints,competition,26,M,3,67.02,1,5,2,1.0,5.0,2.36,0.824,0,75,6,450,603.4,642.4,0.939,0,0,0.826,0.985,5.91,speed,0.9,0.047,0.11
ath_029,club_05,2024-02-11,sprints,competition,26,M,3,67.02,2,4,3,2.33,4.08,2.88,0.709,0,60,8,480,584.9,634.2,0.922,0,0,0.946,0.812,6.91,speed,0.88,0.159,0.1
ath_029,club_05,2024-02-12,sprints,competition,26,M,3,67.02,1,4,4,1.12,3.74,3.63,0.817,0,0,0,0,497.2,602.5,0.825,0,0,0.934,0.945,5.53,speed,0.9,0.012,0.11
ath_029,club_05,2024-02-13,sprints,competition,26,M,3,67.02,1,4,2,1.1,4.19,2.27,0.758,1,0,0,0,422.6,572.4,0.738,0,0,0.949,0.966,5.33,recovery,0.89,0.078,0.11
ath_029,club_05,2024-02-14,sprints,competition,26,M,3,67.02,1,4,5,1.59,3.76,4.74,0.86,0,0,0,0,359.2,543.8,0.661,0,0,0.851,0.961,5.26,speed,0.9,0.051,0.12
ath_029,club_05,2024-02-15,sprints,transition,26,M,3,67.02,2,4,2,1.58,4.12,2.06,0.707,0,75,5,375,361.6,535.3,0.675,0,0,0.759,0.885,5.76,speed,0.88,0.201,0.1
ath_029,club_05,2024-02-16,sprints,transition,26,M,3,67.02,1,3,4,1.1,2.71,3.86,0.764,1,75,9,675,408.6,542.3,0.753,0,0,0.831,0.973,4.73,recovery,0.89,0.038,0.11
ath_029,club_05,2024-02-17,sprints,transition,26,M,3,67.02,1,4,5,1.0,3.79,5.0,0.919,1,60,6,360,401.3,533.2,0.753,0,0,0.925,0.942,5.54,speed,0.91,0.052,0.12
ath_029,club_05,2024-02-18,sprints,transition,26,M,3,67.02,4,4,4,4.78,3.66,3.84,0.582,1,90,9,810,462.6,547.0,0.846,0,0,0.785,0.913,6.45,speed,0.6,0.375,-0.3
ath_029,club_05,2024-02-19,sprints,transition,26,M,3,67.02,1,4,4,1.22,4.32,4.29,0.892,1,60,7,420,456.2,540.7,0.844,0,0,0.969,0.82,4.62,speed,0.91,0.055,0.12
ath_030,club_01,2024-01-01,throws,off-season,17,M,9,94.45,3,5,4,2.68,4.96,4.09,0.825,1,60,5,300,2028.2,1632.1,1.243,0,1,0.816,0.812,5.99,endurance,0.9,0.407,0.0
ath_030,club_01,2024-01-02,throws,off-season,17,M,9,94.45,2,4,3,2.02,3.89,3.34,0.747,1,60,6,360,1778.0,1568.5,1.134,0,1,0.866,0.973,6.24,strength,0.89,0.286,0.0
ath_030,club_01,2024-01-03,throws,off-season,17,M,9,94.45,2,3,5,2.03,2.68,4.9,0.769,0,60,7,420,1574.3,1511.0,1.042,0,1,0.793,0.95,5.99,endurance,0.89,0.339,0.11
ath_030,club_01,2024-01-04,throws,off-season,17,M,9,94.45,2,4,2,1.93,4.01,2.14,0.681,0,90,7,630,1432.6,1467.0,0.977,0,1,0.926,0.91,6.11,strength,0.88,0.249,0.0
ath_030,club_01,2024-01-05,throws,off-season,17,M,9,94.45,2,5,1,2.29,4.7,1.33,0.649,0,60,9,540,1298.7,1420.6,0.914,0,1,0.944,0.956,6.31,strength,0.87,0.237,0.0
ath_030,club_01,2024-01-06,throws,off-season,17,M,9,94.45,1,3,4,1.0,2.55,3.41,0.731,0,75,7,525,1182.7,1375.9,0.86,0,1,0.831,0.858,5.98,strength,0.88,0.134,0.1
ath_030,club_01,2024-01-07,throws,off-season,17,M,9,94.45,1,2,5,1.0,2.04,5.0,0.802,0,0,0,0,1005.3,1307.1,0.769,0,1,0.939,0.846,5.41,strength,0.9,0.128,0.11
ath_030,club_01,2024-01-08,throws,off-season,17,M,9,94.45,1,3,3,1.37,3.32,3.16,0.741,0,105,8,840,980.5,1283.7,0.764,0,1,0.976,0.902,5.53,strength,0.89,0.175,0.1
ath_030,club_01,2024-01-09,throws,off-season,17,M,9,94.45,1,4,4,1.0,4.04,4.25,0.886,1,75,9,675,934.7,1253.3,0.746,0,1,0.863,0.98,5.97,endurance,0.91,0.179,0.12
ath_030,club_01,2024-01-10,throws,off-season,17,M,9,94.45,1,3,4,1.05,2.8,3.96,0.781,0,75,9,675,895.7,1224.4,0.732,0,1,0.993,0.804,5.55,strength,0.89,0.22,0.11
ath_030,club_01,2024-01-11,throws,off-season,17,M,9,94.45,3,4,5,3.08,3.44,5.0,0.758,0,60,6,360,815.4,1181.1,0.69,0,1,0.866,0.929,5.09,strength,0.89,0.397,0.11
ath_030,club_01,2024-01-12,throws,off-season,17,M,9,94.45,2,5,4,1.89,5.0,3.95,0.87,1,60,9,540,774.1,1149.1,0.674,0,1,0.772,0.886,5.38,strength,0.91,0.271,0.12
ath_030,club_01,2024-01-13,throws,off-season,17,M,9,94.45,2,3,4,1.86,3.08,3.45,0.711,0,90,9,810,779.4,1132.1,0.688,0,1,0.891,0.992,5.65,endurance,0.88,0.258,0.1
ath_030,club_01,2024-01-14,throws,off-season,17,M,9,94.45,1,4,5,1.0,3.7,4.9,0.907,0,90,5,450,730.0,1098.0,0.665,0,1,0.781,0.909,4.66,strength,0.91,0.168,0.12
ath_030,club_01,2024-01-15,throws,off-season,17,M,9,94.45,2,3,4,1.38,3.41,3.33,0.757,0,60,9,540,701.5,1070.1,0.656,0,1,0.979,0.917,5.23,endurance,0.89,0.294,0.11
ath_030,club_01,2024-01-16,throws,pre-comp,17,M,9,94.45,3,3,4,2.95,2.43,3.99,0.631,1,90,5,450,663.8,1039.1,0.639,0,1,0.842,0.901,5.47,speed,0.87,0.349,0.0
ath_030,club_01,2024-01-17,throws,pre-comp,17,M,9,94.45,1,3,2,1.01,2.54,2.19,0.648,1,90,7,630,658.7,1018.7,0.647,0,1,0.894,0.852,5.51,technique,0.87,0.15,0.0
ath_030,club_01,2024-01-18,throws,pre-comp,17,M,9,94.45,3,4,1,2.99,4.09,1.03,0.542,1,0,0,0,559.9,967.7,0.579,0,1,0.842,0.996,5.32,technique,0.86,0.399,0.0
ath_030,club_01,2024-01-19,throws,pre-comp,17,M,9,94.45,1,4,4,1.13,3.54,4.33,0.849,1,105,8,840,601.9,961.3,0.626,0,1,0.988,0.948,5.33,technique,0.9,0.158,0.11
ath_030,club_01,2024-01-20,throws,pre-comp,17,M,9,94.45,1,5,3,1.0,4.84,3.22,0.871,0,0,0,0,511.6,913.3,0.56,0,1,0.786,0.96,5.33,speed,0.91,0.13,0.12
ath_030,club_01,2024-01-21,throws,pre-comp,17,M,9,94.45,1,2,2,1.0,2.08,2.24,0.622,1,90,5,450,502.4,890.1,0.564,0,1,0.963,0.81,6.43,technique,0.87,0.117,0.0
ath_030,club_01,2024-01-22,throws,pre-comp,17,M,9,94.45,1,5,2,1.0,5.0,2.04,0.803,0,90,6,540,508.0,872.6,0.582,0,1,0.954,0.945,5.51,speed,0.9,0.149,0.11
ath_030,club_01,2024-01-23,throws,pre-comp,17,M,9,94.45,4,5,4,3.77,4.58,4.15,0.731,2,75,5,375,488.1,847.7,0.576,0,1,0.86,0.856,5.5,speed,0.6,0.536,-0.3
ath_030,club_01,2024-01-24,throws,pre-comp,17,M,9,94.45,2,4,3,1.87,4.35,2.55,0.735,0,75,7,525,493.6,831.6,0.594,0,1,0.966,0.835,5.03,speed,0.89,0.341,0.1
ath_030,club_01,2024-01-25,throws,pre-comp,17,M,9,94.45,2,2,5,2.32,1.96,5.0,0.709,1,75,5,375,475.8,808.8,0.588,0,1,0.796,0.921,5.09,speed,0.88,0.302,0.1
ath_030,club_01,2024-01-26,throws,pre-comp,17,M,9,94.45,2,5,5,2.64,5.0,4.27,0.842,0,105,5,525,483.2,794.6,0.608,0,1,0.967,0.946,4.97,technique,0.9,0.308,0.11
ath_030,club_01,2024-01-27,throws,pre-comp,17,M,9,94.45,1,3,4,1.0,3.31,4.01,0.822,0,105,6,630,505.2,786.3,0.642,0,1,0.799,0.969,4.83,speed,0.9,0.116,0.11
ath_030,club_01,2024-01-28,throws,pre-comp,17,M,9,94.45,3,5,4,3.15,4.54,4.56,0.797,0,105,6,630,523.9,778.5,0.673,0,1,0.776,0.854,4.69,speed,0.89,0.406,0.11
ath_030,club_01,2024-01-29,throws,pre-comp,17,M,9,94.45,1,5,5,1.01,5.0,5.0,0.999,1,0,0,0,445.3,739.6,0.602,0,1,0.896,0.875,4.27,technique,0.92,0.117,0.13
ath_030,club_01,2024-01-30,throws,pre-comp,17,M,9,94.45,1,4,2,1.19,3.48,2.12,0.694,1,90,9,810,500.0,743.1,0.673,0,1,0.96,0.988,5.13,speed,0.88,0.17,0.0
ath_030,club_01,2024-01-31,throws,competition,17,M,9,94.45,2,4,4,1.73,3.77,3.91,0.796,0,75,8,600,515.0,736.0,0.7,0,1,0.765,0.941,5.11,recovery,0.89,0.255,0.11
ath_030,club_01,2024-02-01,throws,competition,17,M,9,94.45,1,5,4,1.0,4.74,3.44,0.878,0,60,5,300,482.8,714.2,0.676,0,1,0.993,0.903,4.9,recovery,0.91,0.173,0.12
ath_030,club_01,2024-02-02,throws,competition,17,M,9,94.45,1,5,5,1.12,5.0,4.97,0.99,1,75,5,375,466.6,697.2,0.669,0,1,0.966,0.956,4.07,speed,0.92,0.13,0.13
ath_030,club_01,2024-02-03,throws,competition,17,M,9,94.45,1,4,4,1.19,3.9,4.53,0.883,1,75,7,525,475.4,688.6,0.69,0,1,0.942,0.88,5.92,recovery,0.91,0.153,0.12
ath_030,club_01,2024-02-04,throws,competition,17,M,9,94.45,3,1,5,2.85,1.04,5.0,0.613,0,105,8,840,530.1,696.2,0.761,0,1,0.914,0.846,5.59,speed,0.87,0.422,0.0
ath_030,club_01,2024-02-05,throws,competition,17,M,9,94.45,1,5,3,1.0,4.94,2.44,0.825,0,75,7,525,529.3,687.6,0.77,0,1,0.89,0.95,5.16,speed,0.9,0.115,0.11
ath_030,club_01,2024-02-06,throws,competition,17,M,9,94.45,3,4,2,3.17,3.28,2.34,0.564,1,75,7,525,528.7,679.5,0.778,0,1,0.869,0.938,5.48,speed,0.86,0.428,0.0
ath_030,club_01,2024-02-07,throws,competition,17,M,9,94.45,1,4,1,1.0,3.6,1.03,0.642,1,60,5,300,494.4,660.5,0.748,0,1,0.885,0.906,5.29,recovery,0.87,0.137,0.0
ath_030,club_01,2024-02-08,throws,competition,17,M,9,94.45,1,5,4,1.54,4.74,3.89,0.873,0,90,6,540,501.2,654.5,0.766,0,1,0.867,0.833,4.98,speed,0.91,0.178,0.12
ath_030,club_01,2024-02-09,throws,competition,17,M,9,94.45,2,3,3,2.52,2.75,2.87,0.606,0,90,8,720,534.0,657.8,0.812,0,1,0.838,0.944,6.64,speed,0.87,0.222,0.0
ath_030,club_01,2024-02-10,throws,competition,17,M,9,94.45,2,4,4,2.12,4.15,3.91,0.796,0,75,8,600,543.9,654.9,0.831,0,1,0.881,0.932,4.8,recovery,0.89,0.246,0.11
ath_030,club_01,2024-02-11,throws,competition,17,M,9,94.45,1,3,5,1.0,3.06,4.84,0.86,0,90,7,630,556.8,653.6,0.852,0,1,0.847,0.898,5.91,speed,0.9,0.141,0.12
ath_030,club_01,2024-02-12,throws,competition,17,M,9,94.45,1,4,5,1.01,3.79,4.54,0.888,0,75,8,600,563.3,650.9,0.865,0,1,0.975,0.878,5.72,speed,0.91,0.125,0.12
ath_030,club_01,2024-02-13,throws,competition,17,M,9,94.45,1,3,4,1.0,2.69,4.01,0.78,0,105,6,630,573.3,649.9,0.882,0,1,0.852,0.852,6.14,recovery,0.89,0.174,0.11
ath_030,club_01,2024-02-14,throws,competition,17,M,9,94.45,1,4,4,1.25,4.22,4.0,0.864,0,105,8,840,613.3,659.4,0.93,0,1,0.786,0.887,5.38,speed,0.9,0.173,0.12
ath_030,club_01,2024-02-15,throws,transition,17,M,9,94.45,1,5,2,1.13,5.0,1.79,0.778,0,105,5,525,600.1,652.7,0.919,0,1,0.768,0.808,5.22,recovery,0.89,0.157,0.11
ath_030,club_01,2024-02-16,throws,transition,17,M,9,94.45,2,4,4,2.09,3.53,4.04,0.765,0,60,5,300,555.1,635.0,0.874,0,1,0.954,0.811,6.04,speed,0.89,0.32,0.11
ath_030,club_01,2024-02-17,throws,transition,17,M,9,94.45,4,4,4,3.87,3.96,3.98,0.671,2,105,3,315,519.0,619.0,0.838,1,1,0.795,0.995,5.74,recovery,0.6,0.646,-0.3
ath_030,club_01,2024-02-18,throws,transition,17,M,9,94.45,4,3,2,3.73,2.99,2.2,0.497,1,105,3,315,488.4,603.8,0.809,1,1,0.837,0.844,6.61,recovery,0.6,0.688,-0.3
ath_030,club_01,2024-02-19,throws,transition,17,M,9,94.45,4,1,1,3.64,1.21,1.57,0.343,1,75,6,450,482.7,596.1,0.81,1,1,0.854,0.934,6.26,recovery,0.6,0.68,-0.3
ath_031,club_02,2024-01-01,jumps,off-season,17,F,6,66.03,4,4,4,3.7,4.11,3.65,0.67,1,90,8,720,1732.6,1992.5,0.87,0,0,0.988,0.827,6.78,strength,0.6,0.464,-0.3
ath_031,club_02,2024-01-02,jumps,off-season,17,F,6,66.03,2,3,5,1.52,3.21,4.49,0.812,0,105,9,945,1614.5,1940.1,0.832,0,0,0.916,0.876,4.81,strength,0.9,0.14,0.11
ath_031,club_02,2024-01-03,jumps,off-season,17,F,6,66.03,2,4,4,2.43,3.97,3.86,0.76,0,90,7,630,1466.8,1874.6,0.782,0,0,0.875,0.992,6.49,strength,0.89,0.107,0.11
ath_031,club_02,2024-01-04,jumps,off-season,17,F,6,66.03,1,4,4,1.01,3.91,4.41,0.888,0,75,6,450,1314.3,1803.4,0.729,0,0,0.88,0.992,5.48,strength,0.91,0.026,0.12
ath_031,club_02,2024-01-05,jumps,off-season,17,F,6,66.03,3,4,3,3.04,3.82,3.04,0.654,0,75,8,600,1207.2,1743.2,0.692,0,0,0.818,0.974,5.82,strength,0.87,0.294,0.0
ath_031,club_02,2024-01-06,jumps,off-season,17,F,6,66.03,4,5,2,3.78,4.94,1.53,0.58,1,90,8,720,1134.1,1692.0,0.67,0,0,0.798,0.944,5.0,endurance,0.6,0.36,-0.3
ath_031,club_02,2024-01-07,jumps,off-season,17,F,6,66.03,1,5,4,1.52,4.9,4.07,0.896,0,75,8,600,1054.0,1637.4,0.644,0,0,0.826,0.972,4.64,strength,0.91,0.024,0.12
ath_031,club_02,2024-01-08,jumps,off-season,17,F,6,66.03,2,5,3,1.48,4.73,2.95,0.813,1,90,8,720,1003.9,1591.6,0.631,0,0,0.811,0.925,5.47,strength,0.9,0.167,0.11
ath_031,club_02,2024-01-09,jumps,off-season,17,F,6,66.03,2,4,4,1.83,3.54,4.08,0.786,0,75,5,375,909.5,1530.7,0.594,0,0,0.93,0.863,5.28,strength,0.89,0.162,0.11
ath_031,club_02,2024-01-10,jumps,off-season,17,F,6,66.03,3,2,3,3.07,2.64,3.09,0.578,0,0,0,0,773.1,1454.2,0.532,0,0,0.928,0.922,5.96,endurance,0.86,0.287,0.0
ath_031,club_02,2024-01-11,jumps,off-season,17,F,6,66.03,2,2,5,1.64,2.06,4.92,0.756,0,75,5,375,713.4,1400.2,0.509,0,0,0.849,0.968,4.53,strength,0.89,0.115,0.11
ath_031,club_02,2024-01-12,jumps,off-season,17,F,6,66.03,1,3,3,1.0,3.01,3.25,0.75,0,60,6,360,660.4,1348.2,0.49,0,0,0.854,0.825,5.52,endurance,0.89,0.01,0.11
ath_031,club_02,2024-01-13,jumps,off-season,17,F,6,66.03,1,4,3,1.45,3.78,2.85,0.745,0,75,9,675,662.6,1314.6,0.504,0,0,0.991,0.925,6.16,strength,0.89,0.041,0.1
ath_031,club_02,2024-01-14,jumps,off-season,17,F,6,66.03,1,3,4,1.0,3.42,4.03,0.83,0,105,9,945,704.9,1296.1,0.544,0,0,0.806,0.811,5.15,strength,0.9,0.087,0.11
ath_031,club_02,2024-01-15,jumps,off-season,17,F,6,66.03,1,5,3,1.14,5.0,2.93,0.852,1,105,5,525,677.9,1257.5,0.539,0,0,0.858,0.984,4.98,endurance,0.9,0.028,0.12
ath_031,club_02,2024-01-16,jumps,pre-comp,17,F,6,66.03,1,3,3,1.0,2.54,2.49,0.669,0,75,7,525,655.0,1220.9,0.536,0,0,0.823,0.813,5.55,speed,0.88,0.08,0.0
ath_031,club_02,2024-01-17,jumps,pre-comp,17,F,6,66.03,2,3,4,2.3,2.79,3.78,0.685,1,75,9,675,658.0,1193.6,0.551,0,0,0.986,0.812,4.62,technique,0.88,0.195,0.0
ath_031,club_02,2024-01-18,jumps,pre-comp,17,F,6,66.03,1,4,3,1.0,4.13,2.33,0.764,1,90,8,720,667.3,1169.9,0.57,0,0,0.877,0.932,4.89,speed,0.89,0.065,0.11
ath_031,club_02,2024-01-19,jumps,pre-comp,17,F,6,66.03,1,4,3,1.11,3.94,3.28,0.807,1,90,6,540,648.2,1138.4,0.569,0,0,0.929,0.897,5.29,technique,0.9,0.01,0.11
ath_031,club_02,2024-01-20,jumps,pre-comp,17,F,6,66.03,2,3,5,2.38,2.74,4.92,0.752,1,75,9,675,652.2,1115.3,0.585,0,0,0.884,0.995,5.74,speed,0.89,0.175,0.11
ath_031,club_02,2024-01-21,jumps,pre-comp,17,F,6,66.03,3,5,4,3.66,5.0,3.48,0.721,0,60,9,540,635.4,1086.5,0.585,0,0,0.879,0.999,5.55,technique,0.88,0.279,0.1
ath_031,club_02,2024-01-22,jumps,pre-comp,17,F,6,66.03,1,5,4,1.51,5.0,4.13,0.908,0,90,8,720,648.1,1068.2,0.607,0,0,0.848,0.803,4.92,technique,0.91,0.044,0.12
ath_031,club_02,2024-01-23,jumps,pre-comp,17,F,6,66.03,3,3,4,2.86,3.23,3.98,0.69,1,75,5,375,607.1,1033.5,0.587,0,0,0.773,0.925,5.99,speed,0.88,0.277,0.0
ath_031,club_02,2024-01-24,jumps,pre-comp,17,F,6,66.03,2,4,4,2.38,4.1,4.0,0.782,0,60,9,540,597.1,1008.8,0.592,0,0,0.854,0.887,4.9,speed,0.89,0.198,0.11
ath_031,club_02,2024-01-25,jumps,pre-comp,17,F,6,66.03,1,3,4,1.6,3.34,3.89,0.775,0,75,8,600,597.5,988.4,0.605,0,0,0.754,0.866,5.18,speed,0.89,0.05,0.11
ath_031,club_02,2024-01-26,jumps,pre-comp,17,F,6,66.03,1,3,4,1.27,3.48,3.64,0.79,0,75,6,450,575.4,961.5,0.598,0,0,0.865,0.931,5.05,speed,0.89,0.017,0.11
ath_031,club_02,2024-01-27,jumps,pre-comp,17,F,6,66.03,3,2,5,3.23,1.56,4.95,0.619,0,90,5,450,556.6,935.9,0.595,0,0,0.997,0.867,5.38,speed,0.87,0.313,0.0
ath_031,club_02,2024-01-28,jumps,pre-comp,17,F,6,66.03,2,4,2,2.34,4.33,1.99,0.665,1,90,5,450,540.6,911.6,0.593,0,0,0.841,0.936,5.8,speed,0.87,0.188,0.0
ath_031,club_02,2024-01-29,jumps,pre-comp,17,F,6,66.03,1,5,1,1.0,5.0,1.13,0.742,1,105,7,735,569.7,902.8,0.631,0,0,0.753,0.801,4.83,speed,0.89,0.012,0.1
ath_031,club_02,2024-01-30,jumps,pre-comp,17,F,6,66.03,2,4,5,1.99,4.02,5.0,0.869,1,0,0,0,484.3,857.6,0.565,0,0,0.822,0.963,4.75,speed,0.91,0.193,0.12
ath_031,club_02,2024-01-31,jumps,competition,17,F,6,66.03,1,4,4,1.18,4.03,4.27,0.875,0,105,5,525,490.4,841.0,0.583,0,0,0.858,0.843,5.62,speed,0.91,0.051,0.12
ath_031,club_02,2024-02-01,jumps,competition,17,F,6,66.03,2,4,5,2.05,3.4,4.92,0.819,1,105,7,735,527.1,835.7,0.631,0,0,0.755,0.856,5.39,speed,0.9,0.159,0.11
ath_031,club_02,2024-02-02,jumps,competition,17,F,6,66.03,2,3,4,1.75,3.29,3.44,0.733,0,105,5,525,526.8,820.2,0.642,0,0,0.841,0.877,4.87,recovery,0.88,0.176,0.1
ath_031,club_02,2024-02-03,jumps,competition,17,F,6,66.03,1,3,4,1.0,2.62,4.32,0.796,1,0,0,0,447.8,779.2,0.575,0,0,0.912,0.912,5.27,speed,0.89,0.061,0.11
ath_031,club_02,2024-02-04,jumps,competition,17,F,6,66.03,3,3,3,2.8,3.04,2.67,0.594,1,75,7,525,459.3,766.5,0.599,0,0,0.759,0.934,5.68,speed,0.86,0.294,0.0
ath_031,club_02,2024-02-05,jumps,competition,17,F,6,66.03,3,5,4,3.08,4.86,4.47,0.816,0,60,8,480,462.4,752.1,0.615,0,0,0.808,0.941,4.71,recovery,0.9,0.282,0.11
ath_031,club_02,2024-02-06,jumps,competition,17,F,6,66.03,1,3,4,1.46,3.33,3.82,0.78,0,90,9,810,514.6,755.0,0.682,0,0,0.848,0.826,5.54,speed,0.89,0.064,0.11
ath_031,club_02,2024-02-07,jumps,competition,17,F,6,66.03,2,3,4,1.64,2.93,4.46,0.783,0,60,8,480,509.4,741.3,0.687,0,0,0.906,0.96,5.18,speed,0.89,0.158,0.11
ath_031,club_02,2024-02-08,jumps,competition,17,F,6,66.03,2,4,5,2.46,4.46,4.74,0.849,0,75,7,525,511.7,730.5,0.701,0,0,0.999,0.885,5.64,speed,0.9,0.224,0.11
ath_031,club_02,2024-02-09,jumps,competition,17,F,6,66.03,4,3,5,3.95,2.66,5.0,0.647,1,60,8,480,507.0,717.9,0.706,0,0,0.998,0.885,6.32,recovery,0.6,0.416,-0.3
ath_031,club_02,2024-02-10,jumps,competition,17,F,6,66.03,3,4,4,3.72,3.92,4.28,0.698,0,60,9,540,511.9,709.0,0.722,0,0,0.996,0.908,5.38,speed,0.88,0.262,0.0
ath_031,club_02,2024-02-11,jumps,competition,17,F,6,66.03,1,4,4,1.0,4.23,3.77,0.866,1,75,7,525,513.9,699.8,0.734,0,0,0.944,0.913,4.68,speed,0.9,0.086,0.12
ath_031,club_02,2024-02-12,jumps,competition,17,F,6,66.03,1,5,4,1.0,4.62,4.24,0.923,1,105,6,630,531.3,696.3,0.763,0,0,0.955,0.945,5.49,speed,0.91,0.077,0.12
ath_031,club_02,2024-02-13,jumps,competition,17,F,6,66.03,2,5,5,1.78,4.94,4.9,0.938,1,105,6,630,546.1,693.0,0.788,0,0,0.928,0.955,5.06,speed,0.92,0.168,0.12
ath_031,club_02,2024-02-14,jumps,competition,17,F,6,66.03,3,3,4,2.89,2.98,4.04,0.675,0,60,7,420,527.2,679.4,0.776,0,0,0.832,0.938,5.58,speed,0.88,0.299,0.0
ath_031,club_02,2024-02-15,jumps,transition,17,F,6,66.03,5,5,3,5.0,4.67,3.31,0.598,1,90,9,810,569.6,685.9,0.83,0,0,0.757,0.944,6.43,speed,0.5,0.496,-0.35
ath_031,club_02,2024-02-16,jumps,transition,17,F,6,66.03,1,4,4,1.0,3.7,3.82,0.834,1,90,7,630,578.7,683.1,0.847,0,0,0.879,0.948,5.23,speed,0.9,0.038,0.11
ath_031,club_02,2024-02-17,jumps,transition,17,F,6,66.03,3,5,3,3.15,5.0,3.27,0.741,0,60,6,360,545.9,667.0,0.818,0,0,0.891,0.881,4.83,speed,0.89,0.285,0.1
ath_031,club_02,2024-02-18,jumps,transition,17,F,6,66.03,2,4,5,2.13,4.18,4.76,0.854,1,60,9,540,545.0,660.6,0.825,0,0,0.799,0.832,4.62,speed,0.9,0.181,0.12
ath_031,club_02,2024-02-19,jumps,transition,17,F,6,66.03,3,5,2,3.08,4.9,1.7,0.634,0,105,5,525,542.0,653.8,0.829,0,0,0.934,0.999,5.82,speed,0.87,0.33,0.0
ath_032,club_03,2024-01-01,middle_distance,off-season,22,M,4,88.0,1,4,2,1.0,3.76,2.48,0.749,1,105,8,840,1926.2,1913.4,1.007,0,0,0.787,0.859,6.78,strength,0.89,0.03,0.1
ath_032,club_03,2024-01-02,middle_distance,off-season,22,M,4,88.0,2,1,4,2.31,1.0,3.94,0.576,0,75,7,525,1716.0,1844.0,0.931,0,0,0.895,0.93,5.9,endurance,0.86,0.172,0.0
ath_032,club_03,2024-01-03,middle_distance,off-season,22,M,4,88.0,5,5,4,4.66,4.92,4.14,0.693,1,60,9,540,1539.6,1778.8,0.866,0,0,0.943,0.983,5.83,endurance,0.5,0.562,-0.35
ath_032,club_03,2024-01-04,middle_distance,off-season,22,M,4,88.0,5,1,4,5.0,1.5,3.78,0.419,1,105,6,630,1403.2,1721.4,0.815,0,0,0.884,0.801,6.68,recovery,0.5,0.522,-0.35
ath_032,club_03,2024-01-05,middle_distance,off-season,22,M,4,88.0,2,4,4,2.0,4.28,4.47,0.85,0,105,6,630,1287.2,1666.8,0.772,0,0,0.811,0.984,5.17,strength,0.9,0.118,0.11
ath_032,club_03,2024-01-06,middle_distance,off-season,22,M,4,88.0,2,4,4,1.67,3.82,4.48,0.842,1,60,9,540,1175.1,1610.4,0.73,0,0,0.81,0.838,5.67,strength,0.9,0.216,0.11
ath_032,club_03,2024-01-07,middle_distance,off-season,22,M,4,88.0,1,2,4,1.17,2.08,4.07,0.732,0,75,8,600,1088.9,1559.9,0.698,0,0,0.886,0.812,6.76,strength,0.88,0.04,0.1
ath_032,club_03,2024-01-08,middle_distance,off-season,22,M,4,88.0,4,4,5,3.89,4.27,5.0,0.759,2,75,9,675,1026.8,1515.7,0.677,0,0,0.754,0.958,5.21,strength,0.6,0.356,-0.3
ath_032,club_03,2024-01-09,middle_distance,off-season,22,M,4,88.0,5,2,4,4.58,2.26,3.58,0.485,1,0,0,0,872.8,1439.9,0.606,0,0,0.775,0.994,6.0,endurance,0.5,0.564,-0.35
ath_032,club_03,2024-01-10,middle_distance,off-season,22,M,4,88.0,3,3,5,3.14,2.46,5.0,0.688,1,60,5,300,786.8,1382.9,0.569,0,0,0.758,0.858,4.73,endurance,0.88,0.327,0.0
ath_032,club_03,2024-01-11,middle_distance,off-season,22,M,4,88.0,2,3,2,1.85,2.71,1.81,0.578,1,75,6,450,736.3,1336.3,0.551,0,0,0.997,0.927,5.54,strength,0.86,0.194,0.0
ath_032,club_03,2024-01-12,middle_distance,off-season,22,M,4,88.0,3,4,4,3.55,3.79,4.08,0.687,0,60,6,360,679.9,1287.4,0.528,0,0,0.828,0.897,5.56,strength,0.88,0.295,0.0
ath_032,club_03,2024-01-13,middle_distance,off-season,22,M,4,88.0,1,5,5,1.0,4.99,5.0,0.999,0,75,7,525,656.6,1249.3,0.526,0,0,0.913,0.859,4.61,endurance,0.92,0.073,0.13
ath_032,club_03,2024-01-14,middle_distance,off-season,22,M,4,88.0,1,1,4,1.0,1.17,4.07,0.683,1,0,0,0,558.1,1186.9,0.47,0,0,0.791,0.953,5.66,strength,0.88,0.116,0.0
ath_032,club_03,2024-01-15,middle_distance,off-season,22,M,4,88.0,3,5,3,3.51,4.75,3.1,0.689,1,60,6,360,528.4,1145.5,0.461,0,0,0.814,0.827,5.18,strength,0.88,0.313,0.0
ath_032,club_03,2024-01-16,middle_distance,pre-comp,22,M,4,88.0,1,2,4,1.0,2.63,3.99,0.775,1,75,9,675,550.4,1122.0,0.491,0,0,0.84,0.911,4.86,speed,0.89,0.081,0.11
ath_032,club_03,2024-01-17,middle_distance,pre-comp,22,M,4,88.0,2,3,4,2.22,2.89,3.57,0.682,1,60,8,480,539.8,1089.9,0.495,0,0,0.908,0.843,5.01,speed,0.88,0.16,0.0
ath_032,club_03,2024-01-18,middle_distance,pre-comp,22,M,4,88.0,2,4,3,2.32,4.17,2.88,0.716,1,60,7,420,521.9,1056.4,0.494,0,0,0.766,0.861,5.21,speed,0.88,0.168,0.1
ath_032,club_03,2024-01-19,middle_distance,pre-comp,22,M,4,88.0,3,1,2,2.84,1.19,1.83,0.412,0,90,9,810,565.1,1044.1,0.541,0,0,0.765,0.919,6.24,recovery,0.84,0.271,0.0
ath_032,club_03,2024-01-20,middle_distance,pre-comp,22,M,4,88.0,3,4,4,3.25,3.8,4.23,0.719,0,90,9,810,601.8,1032.4,0.583,0,0,0.912,0.816,5.51,speed,0.88,0.285,0.1
ath_032,club_03,2024-01-21,middle_distance,pre-comp,22,M,4,88.0,3,5,3,2.87,5.0,3.16,0.752,1,60,9,540,592.6,1007.8,0.588,0,0,0.82,0.903,4.71,technique,0.89,0.282,0.11
ath_032,club_03,2024-01-22,middle_distance,pre-comp,22,M,4,88.0,4,4,5,3.83,4.63,5.0,0.787,1,75,5,375,559.9,976.1,0.574,0,0,0.813,0.957,4.54,technique,0.6,0.401,-0.3
ath_032,club_03,2024-01-23,middle_distance,pre-comp,22,M,4,88.0,3,2,3,2.77,1.64,3.21,0.538,1,60,6,360,529.9,945.3,0.561,0,0,0.818,0.829,6.52,speed,0.86,0.294,0.0
ath_032,club_03,2024-01-24,middle_distance,pre-comp,22,M,4,88.0,3,4,2,2.94,3.73,2.09,0.592,1,90,7,630,544.9,929.5,0.586,0,0,0.831,0.896,4.69,technique,0.86,0.299,0.0
ath_032,club_03,2024-01-25,middle_distance,pre-comp,22,M,4,88.0,3,3,4,3.22,2.92,3.57,0.618,1,75,7,525,542.0,909.3,0.596,0,0,0.909,0.846,5.77,speed,0.87,0.322,0.0
ath_032,club_03,2024-01-26,middle_distance,pre-comp,22,M,4,88.0,1,5,1,1.03,4.55,1.0,0.702,0,90,8,720,568.7,899.8,0.632,0,0,0.925,0.974,5.7,technique,0.88,0.056,0.1
ath_032,club_03,2024-01-27,middle_distance,pre-comp,22,M,4,88.0,1,4,3,1.26,3.58,3.19,0.767,1,75,8,600,573.4,884.9,0.648,0,0,0.959,0.903,4.82,technique,0.89,0.049,0.11
ath_032,club_03,2024-01-28,middle_distance,pre-comp,22,M,4,88.0,4,3,1,3.89,2.69,1.0,0.387,1,90,9,810,608.9,881.1,0.691,0,0,0.814,0.95,6.39,recovery,0.6,0.377,-0.3
ath_032,club_03,2024-01-29,middle_distance,pre-comp,22,M,4,88.0,2,5,4,1.91,5.0,4.04,0.875,0,90,8,720,625.5,873.1,0.716,0,0,0.988,0.815,4.99,speed,0.91,0.21,0.12
ath_032,club_03,2024-01-30,middle_distance,pre-comp,22,M,4,88.0,2,4,3,2.28,3.89,2.26,0.658,0,60,5,300,576.7,844.4,0.683,0,0,0.773,0.864,6.02,technique,0.87,0.178,0.0
ath_032,club_03,2024-01-31,middle_distance,competition,22,M,4,88.0,1,2,3,1.12,1.89,3.25,0.669,1,105,8,840,616.2,844.2,0.73,0,0,0.926,0.813,5.67,speed,0.88,0.06,0.0
ath_032,club_03,2024-02-01,middle_distance,competition,22,M,4,88.0,2,1,3,1.75,1.0,3.44,0.579,1,75,6,450,591.3,824.5,0.717,0,0,0.948,0.872,6.16,speed,0.86,0.165,0.0
ath_032,club_03,2024-02-02,middle_distance,competition,22,M,4,88.0,3,4,5,3.1,3.36,4.88,0.743,0,75,8,600,592.6,813.3,0.729,0,0,0.818,0.948,5.59,recovery,0.89,0.275,0.1
ath_032,club_03,2024-02-03,middle_distance,competition,22,M,4,88.0,2,3,4,2.27,3.07,3.39,0.679,0,75,8,600,593.7,802.6,0.74,0,0,0.795,0.816,6.16,speed,0.88,0.181,0.0
ath_032,club_03,2024-02-04,middle_distance,competition,22,M,4,88.0,1,4,4,1.0,3.58,3.81,0.826,0,60,6,360,558.6,780.5,0.716,0,0,0.836,0.823,4.77,speed,0.9,0.036,0.11
ath_032,club_03,2024-02-05,middle_distance,competition,22,M,4,88.0,1,2,1,1.0,1.99,1.28,0.551,0,60,5,300,519.8,756.4,0.687,0,0,0.77,0.946,5.88,speed,0.86,0.036,0.0
ath_032,club_03,2024-02-06,middle_distance,competition,22,M,4,88.0,1,4,2,1.0,3.92,1.79,0.714,0,105,5,525,520.6,744.9,0.699,0,0,0.763,0.96,5.28,speed,0.88,0.023,0.1
ath_032,club_03,2024-02-07,middle_distance,competition,22,M,4,88.0,2,4,4,2.16,3.86,3.42,0.741,0,60,8,480,514.5,731.6,0.703,0,0,0.893,0.884,5.82,speed,0.89,0.16,0.1
ath_032,club_03,2024-02-08,middle_distance,competition,22,M,4,88.0,1,5,5,1.14,4.61,4.43,0.926,0,105,9,945,579.1,742.3,0.78,0,0,0.813,0.804,5.09,speed,0.91,0.047,0.12
ath_032,club_03,2024-02-09,middle_distance,competition,22,M,4,88.0,1,4,2,1.0,4.18,2.45,0.775,0,60,5,300,537.2,720.2,0.746,0,0,0.878,0.812,6.02,speed,0.89,0.059,0.11
ath_032,club_03,2024-02-10,middle_distance,competition,22,M,4,88.0,1,3,4,1.0,2.65,4.05,0.78,1,75,5,375,512.9,702.9,0.73,0,0,0.897,0.932,5.77,recovery,0.89,0.023,0.11
ath_032,club_03,2024-02-11,middle_distance,competition,22,M,4,88.0,3,2,1,3.07,1.74,1.0,0.378,1,90,7,630,530.5,699.3,0.759,0,0,0.902,0.845,7.09,recovery,0.83,0.309,0.0
ath_032,club_03,2024-02-12,middle_distance,competition,22,M,4,88.0,2,5,5,1.85,5.0,4.84,0.932,0,90,7,630,545.4,695.8,0.784,0,0,0.935,0.91,5.19,speed,0.91,0.148,0.12
ath_032,club_03,2024-02-13,middle_distance,competition,22,M,4,88.0,1,5,4,1.03,4.77,4.12,0.924,1,75,6,450,531.1,683.5,0.777,0,0,0.936,0.965,5.62,speed,0.91,0.058,0.12
ath_032,club_03,2024-02-14,middle_distance,competition,22,M,4,88.0,1,5,4,1.0,5.0,3.17,0.878,1,75,6,450,518.9,671.8,0.772,0,0,0.975,0.956,5.55,recovery,0.91,0.037,0.12
ath_032,club_03,2024-02-15,middle_distance,transition,22,M,4,88.0,1,3,4,1.0,2.86,3.79,0.776,0,75,7,525,519.8,664.5,0.782,0,0,0.774,0.978,5.65,speed,0.89,0.09,0.11
ath_032,club_03,2024-02-16,middle_distance,transition,22,M,4,88.0,1,1,4,1.0,1.14,3.75,0.66,0,0,0,0,441.9,631.3,0.7,0,0,0.755,0.879,5.75,recovery,0.87,0.085,0.0
ath_032,club_03,2024-02-17,middle_distance,transition,22,M,4,88.0,5,4,2,4.6,3.52,1.98,0.46,1,105,9,945,517.3,647.0,0.8,0,0,0.992,0.987,7.06,speed,0.5,0.518,-0.35
ath_032,club_03,2024-02-18,middle_distance,transition,22,M,4,88.0,1,4,4,1.2,3.11,4.4,0.82,1,90,6,540,520.7,641.6,0.812,0,0,0.75,0.948,5.52,speed,0.9,0.048,0.11
ath_032,club_03,2024-02-19,middle_distance,transition,22,M,4,88.0,2,5,4,2.24,5.0,3.88,0.842,0,0,0,0,442.6,609.5,0.726,0,0,0.964,0.992,6.36,speed,0.9,0.156,0.11
ath_033,club_04,2024-01-01,sprints,off-season,27,M,6,66.53,1,4,4,1.0,3.8,3.75,0.837,0,105,7,735,2058.3,1591.3,1.294,0,1,0.869,0.948,6.53,strength,0.9,0.135,0.0
ath_033,club_04,2024-01-02,sprints,off-season,27,M,6,66.53,1,5,4,1.0,4.73,4.36,0.939,1,75,9,675,1850.8,1545.5,1.198,0,1,0.973,0.877,5.57,strength,0.92,0.162,0.0
ath_033,club_04,2024-01-03,sprints,off-season,27,M,6,66.53,4,1,3,3.9,1.15,3.63,0.458,2,75,3,225,1607.0,1479.5,1.086,1,1,0.986,0.864,6.81,recovery,0.6,0.663,-0.3
ath_033,club_04,2024-01-04,sprints,off-season,27,M,6,66.53,4,3,1,3.51,2.94,1.11,0.436,2,90,5,450,1433.4,1428.0,1.004,1,1,0.927,0.981,7.21,recovery,0.6,0.636,-0.3
ath_033,club_04,2024-01-05,sprints,off-season,27,M,6,66.53,5,2,1,5.0,2.54,1.0,0.303,2,75,4,300,1263.4,1371.6,0.921,1,1,0.882,0.907,7.77,recovery,0.5,0.815,-0.35
ath_033,club_04,2024-01-06,sprints,off-season,27,M,6,66.53,5,2,2,5.0,1.87,1.96,0.322,1,90,3,270,1114.4,1316.5,0.846,1,1,0.973,0.865,7.09,recovery,0.5,0.788,-0.35
ath_033,club_04,2024-01-07,sprints,off-season,27,M,6,66.53,4,2,3,4.35,1.97,2.98,0.441,1,90,3,270,987.7,1264.2,0.781,1,1,0.977,0.999,6.17,recovery,0.6,0.672,-0.3
ath_033,club_04,2024-01-08,sprints,off-season,27,M,6,66.53,5,1,3,5.0,1.35,2.58,0.328,2,0,0,0,839.6,1201.0,0.699,1,1,0.999,0.801,7.08,recovery,0.5,0.79,-0.35
ath_033,club_04,2024-01-09,sprints,off-season,27,M,6,66.53,4,2,3,4.58,1.84,2.88,0.409,2,90,3,270,754.1,1154.4,0.653,1,1,0.962,0.86,5.89,recovery,0.6,0.628,-0.3
ath_033,club_04,2024-01-10,sprints,off-season,27,M,6,66.53,4,2,2,3.88,1.81,1.9,0.389,2,60,3,180,668.0,1105.7,0.604,1,1,0.963,0.878,6.24,recovery,0.6,0.68,-0.3
ath_033,club_04,2024-01-11,sprints,off-season,27,M,6,66.53,4,3,1,4.2,3.04,1.0,0.389,1,75,6,450,635.3,1072.9,0.592,1,1,0.984,0.983,5.6,recovery,0.6,0.642,-0.3
ath_033,club_04,2024-01-12,sprints,off-season,27,M,6,66.53,4,2,1,3.56,2.13,1.0,0.372,2,105,3,315,587.3,1035.0,0.567,1,1,0.983,0.979,6.48,recovery,0.6,0.598,-0.3
ath_033,club_04,2024-01-13,sprints,off-season,27,M,6,66.53,4,2,1,3.45,2.12,1.0,0.378,2,75,4,300,544.2,998.3,0.545,1,1,0.885,0.859,6.23,recovery,0.6,0.68,-0.3
ath_033,club_04,2024-01-14,sprints,off-season,27,M,6,66.53,3,2,3,2.88,1.91,2.4,0.496,1,75,3,225,496.3,959.6,0.517,1,1,0.979,0.841,5.01,recovery,0.75,0.477,0.0
ath_033,club_04,2024-01-15,sprints,off-season,27,M,6,66.53,5,3,2,5.0,2.66,2.64,0.42,1,75,8,600,511.9,941.6,0.544,0,1,0.907,0.987,5.83,recovery,0.5,0.633,-0.35
ath_033,club_04,2024-01-16,sprints,pre-comp,27,M,6,66.53,1,2,5,1.15,1.89,4.91,0.777,0,90,5,450,502.6,917.0,0.548,0,1,0.956,0.918,4.91,technique,0.89,0.159,0.11
ath_033,club_04,2024-01-17,sprints,pre-comp,27,M,6,66.53,4,3,4,4.7,2.67,4.39,0.558,1,90,7,630,521.7,902.7,0.578,0,1,0.948,0.882,5.8,technique,0.6,0.534,-0.3
ath_033,club_04,2024-01-18,sprints,pre-comp,27,M,6,66.53,3,2,4,2.96,2.17,3.97,0.611,0,105,7,735,553.7,894.3,0.619,0,1,0.946,0.939,5.71,speed,0.87,0.399,0.0
ath_033,club_04,2024-01-19,sprints,pre-comp,27,M,6,66.53,1,4,5,1.0,4.29,4.78,0.938,0,0,0,0,470.6,849.6,0.554,0,1,0.876,0.879,4.23,speed,0.92,0.15,0.12
ath_033,club_04,2024-01-20,sprints,pre-comp,27,M,6,66.53,1,4,5,1.52,4.85,5.0,0.955,0,0,0,0,400.0,807.1,0.496,0,1,0.965,0.86,4.38,technique,0.92,0.157,0.13
ath_033,club_04,2024-01-21,sprints,pre-comp,27,M,6,66.53,4,2,5,4.0,2.07,5.0,0.605,1,90,3,270,380.5,780.3,0.488,1,1,0.857,0.83,5.65,recovery,0.6,0.642,-0.3
ath_033,club_04,2024-01-22,sprints,pre-comp,27,M,6,66.53,4,1,1,3.7,1.21,1.0,0.301,2,60,3,180,350.5,750.2,0.467,1,1,0.857,0.839,6.42,recovery,0.6,0.692,-0.3
ath_033,club_04,2024-01-23,sprints,pre-comp,27,M,6,66.53,4,2,1,4.04,2.11,1.0,0.338,1,0,0,0,297.9,712.7,0.418,1,1,0.806,0.829,5.11,recovery,0.6,0.695,-0.3
ath_033,club_04,2024-01-24,sprints,pre-comp,27,M,6,66.53,3,3,2,3.09,2.87,1.76,0.503,1,0,0,0,253.2,677.1,0.374,1,1,0.868,0.897,5.87,recovery,0.75,0.544,0.0
ath_033,club_04,2024-01-25,sprints,pre-comp,27,M,6,66.53,3,3,1,2.9,3.3,1.0,0.493,0,90,4,360,269.2,661.2,0.407,1,1,0.935,0.812,5.97,recovery,0.75,0.544,0.0
ath_033,club_04,2024-01-26,sprints,pre-comp,27,M,6,66.53,4,2,2,3.92,2.56,2.17,0.454,2,90,5,450,296.3,650.7,0.455,1,1,0.841,0.953,5.98,recovery,0.6,0.671,-0.3
ath_033,club_04,2024-01-27,sprints,pre-comp,27,M,6,66.53,4,2,2,3.92,1.64,2.48,0.413,2,90,3,270,292.4,631.6,0.463,1,1,0.872,0.992,5.72,recovery,0.6,0.694,-0.3
ath_033,club_04,2024-01-28,sprints,pre-comp,27,M,6,66.53,3,3,1,2.27,2.84,1.0,0.505,1,75,4,300,293.5,615.1,0.477,1,1,0.934,0.868,6.36,recovery,0.75,0.558,0.0
ath_033,club_04,2024-01-29,sprints,pre-comp,27,M,6,66.53,5,2,1,4.83,2.41,1.0,0.305,1,0,0,0,249.5,584.3,0.427,1,1,0.759,0.965,6.13,recovery,0.5,0.801,-0.35
ath_033,club_04,2024-01-30,sprints,pre-comp,27,M,6,66.53,5,3,2,5.0,2.82,1.98,0.387,2,0,0,0,212.1,555.1,0.382,1,1,0.809,0.853,6.19,recovery,0.5,0.748,-0.35
ath_033,club_04,2024-01-31,sprints,competition,27,M,6,66.53,4,2,2,3.85,2.28,1.68,0.408,1,105,5,525,259.0,553.6,0.468,1,1,0.896,0.918,5.57,recovery,0.6,0.648,-0.3
ath_033,club_04,2024-02-01,sprints,competition,27,M,6,66.53,4,1,1,3.94,1.04,1.0,0.273,1,75,9,675,321.4,559.7,0.574,0,1,0.803,0.803,6.97,recovery,0.6,0.55,-0.3
ath_033,club_04,2024-02-02,sprints,competition,27,M,6,66.53,1,4,3,1.0,3.95,2.77,0.782,1,0,0,0,273.2,531.7,0.514,0,1,0.767,0.877,4.43,speed,0.89,0.112,0.11
ath_033,club_04,2024-02-03,sprints,competition,27,M,6,66.53,2,4,1,1.87,3.9,1.24,0.618,1,60,7,420,295.2,526.1,0.561,0,1,0.844,0.945,6.67,recovery,0.87,0.242,0.0
ath_033,club_04,2024-02-04,sprints,competition,27,M,6,66.53,1,5,5,1.27,5.0,4.95,0.978,0,60,8,480,322.9,523.8,0.617,0,1,0.995,0.817,4.44,recovery,0.92,0.113,0.13
ath_033,club_04,2024-02-05,sprints,competition,27,M,6,66.53,4,3,3,4.0,4.24,2.75,0.6,2,75,3,225,308.2,508.8,0.606,1,1,0.755,0.879,5.73,recovery,0.6,0.69,-0.3
ath_033,club_04,2024-02-06,sprints,competition,27,M,6,66.53,4,1,1,3.98,1.0,1.2,0.281,2,0,0,0,262.0,483.4,0.542,1,1,0.814,0.865,5.84,recovery,0.6,0.654,-0.3
ath_033,club_04,2024-02-07,sprints,competition,27,M,6,66.53,3,2,3,2.88,2.44,3.08,0.576,0,75,5,375,279.0,478.0,0.584,1,1,0.752,0.869,4.96,recovery,0.75,0.51,0.0
ath_033,club_04,2024-02-08,sprints,competition,27,M,6,66.53,4,2,2,4.66,1.76,1.88,0.332,1,90,3,270,277.6,467.6,0.594,1,1,0.857,0.889,5.88,recovery,0.6,0.653,-0.3
ath_033,club_04,2024-02-09,sprints,competition,27,M,6,66.53,4,1,3,4.39,1.29,2.62,0.368,1,75,4,300,281.0,459.2,0.612,1,1,0.956,0.813,5.63,recovery,0.6,0.639,-0.3
ath_033,club_04,2024-02-10,sprints,competition,27,M,6,66.53,4,3,3,3.61,2.76,2.53,0.512,1,75,5,375,295.1,455.0,0.649,0,1,0.798,0.874,6.52,recovery,0.6,0.489,-0.3
ath_033,club_04,2024-02-11,sprints,competition,27,M,6,66.53,1,5,4,1.0,5.0,4.31,0.954,1,90,9,810,372.3,472.7,0.788,0,1,0.808,0.995,5.36,recovery,0.92,0.154,0.13
ath_033,club_04,2024-02-12,sprints,competition,27,M,6,66.53,1,4,4,1.0,3.79,3.79,0.839,0,90,8,720,424.5,485.1,0.875,0,1,0.848,0.975,5.28,speed,0.9,0.176,0.11
ath_033,club_04,2024-02-13,sprints,competition,27,M,6,66.53,4,2,3,3.29,2.34,2.75,0.521,2,105,5,525,439.5,487.1,0.902,0,1,0.762,0.931,6.78,speed,0.6,0.509,-0.3
ath_033,club_04,2024-02-14,sprints,competition,27,M,6,66.53,2,5,4,2.27,5.0,4.55,0.885,0,75,5,375,429.9,481.5,0.893,0,1,0.877,0.812,5.14,speed,0.91,0.272,0.12
ath_033,club_04,2024-02-15,sprints,transition,27,M,6,66.53,1,4,2,1.19,4.3,2.07,0.745,0,90,8,720,473.4,493.4,0.959,0,1,0.772,0.945,5.83,recovery,0.89,0.124,0.1
ath_033,club_04,2024-02-16,sprints,transition,27,M,6,66.53,2,5,2,2.3,5.0,2.11,0.721,1,75,8,600,492.4,498.8,0.987,0,1,0.962,0.826,5.69,speed,0.88,0.278,0.1
ath_033,club_04,2024-02-17,sprints,transition,27,M,6,66.53,1,2,4,1.0,1.94,3.58,0.701,1,60,9,540,499.5,500.8,0.997,0,1,0.913,0.826,6.46,speed,0.88,0.144,0.1
ath_033,club_04,2024-02-18,sprints,transition,27,M,6,66.53,2,5,4,2.04,4.85,4.41,0.881,1,75,9,675,525.8,509.5,1.032,0,1,0.82,0.833,5.44,speed,0.91,0.277,0.12
ath_033,club_04,2024-02-19,sprints,transition,27,M,6,66.53,1,4,3,1.0,4.09,2.57,0.777,0,60,7,420,510.0,505.0,1.01,0,1,0.955,0.839,6.1,speed,0.89,0.244,0.11
ath_034,club_05,2024-01-01,sprints,off-season,26,M,6,64.2,1,4,2,1.0,4.08,1.98,0.737,1,0,0,0,1323.6,1835.6,0.721,0,1,0.806,0.832,5.84,strength,0.89,0.105,0.1
ath_034,club_05,2024-01-02,sprints,off-season,26,M,6,64.2,1,4,4,1.15,4.43,3.99,0.885,0,60,7,420,1188.0,1764.8,0.673,0,1,0.834,1.0,5.01,strength,0.91,0.139,0.12
ath_034,club_05,2024-01-03,sprints,off-season,26,M,6,64.2,3,4,5,3.37,3.94,4.76,0.755,0,75,7,525,1088.6,1702.8,0.639,0,1,0.964,0.973,5.01,strength,0.89,0.428,0.11
ath_034,club_05,2024-01-04,sprints,off-season,26,M,6,64.2,2,2,3,1.58,2.1,3.09,0.64,1,105,5,525,1004.0,1643.9,0.611,0,1,0.927,0.886,6.35,strength,0.87,0.247,0.0
ath_034,club_05,2024-01-05,sprints,off-season,26,M,6,64.2,1,5,4,1.71,4.82,4.04,0.877,0,0,0,0,853.4,1561.7,0.546,0,1,0.932,0.94,4.38,endurance,0.91,0.141,0.12
ath_034,club_05,2024-01-06,sprints,off-season,26,M,6,64.2,1,5,4,1.0,5.0,3.87,0.925,0,60,8,480,797.4,1507.6,0.529,0,1,0.967,0.912,4.5,strength,0.91,0.178,0.12
ath_034,club_05,2024-01-07,sprints,off-season,26,M,6,64.2,2,2,3,1.76,2.19,3.04,0.631,0,60,6,360,731.8,1450.3,0.505,0,1,0.911,0.891,5.39,strength,0.87,0.227,0.0
ath_034,club_05,2024-01-08,sprints,off-season,26,M,6,64.2,2,4,4,1.86,4.18,4.5,0.855,1,90,5,450,689.5,1400.2,0.492,0,1,0.971,0.881,4.39,strength,0.9,0.251,0.12
ath_034,club_05,2024-01-09,sprints,off-season,26,M,6,64.2,2,5,4,1.77,4.45,4.24,0.861,0,75,7,525,664.9,1356.5,0.49,0,1,0.933,0.958,4.78,strength,0.9,0.303,0.12
ath_034,club_05,2024-01-10,sprints,off-season,26,M,6,64.2,1,4,1,1.0,3.98,1.42,0.693,0,60,7,420,628.1,1309.7,0.48,0,1,0.842,0.814,5.9,strength,0.88,0.192,0.0
ath_034,club_05,2024-01-11,sprints,off-season,26,M,6,64.2,2,4,3,2.4,3.89,3.12,0.707,0,75,7,525,612.7,1270.4,0.482,0,1,0.971,0.812,4.71,endurance,0.88,0.294,0.1
ath_034,club_05,2024-01-12,sprints,off-season,26,M,6,64.2,2,3,2,1.48,3.0,1.99,0.634,0,75,9,675,622.0,1240.7,0.501,0,1,0.829,0.917,5.66,strength,0.87,0.258,0.0
ath_034,club_05,2024-01-13,sprints,off-season,26,M,6,64.2,2,4,5,2.39,3.6,5.0,0.814,1,90,9,810,650.2,1219.1,0.533,0,1,0.893,0.919,5.73,strength,0.9,0.267,0.11
ath_034,club_05,2024-01-14,sprints,off-season,26,M,6,64.2,2,5,4,1.94,4.65,4.22,0.862,1,60,5,300,597.7,1173.2,0.509,0,1,0.765,0.951,4.99,strength,0.9,0.293,0.12
ath_034,club_05,2024-01-15,sprints,off-season,26,M,6,64.2,2,5,5,1.89,4.88,5.0,0.933,1,75,5,375,564.3,1133.3,0.498,0,1,0.862,0.864,3.9,endurance,0.91,0.29,0.12
ath_034,club_05,2024-01-16,sprints,pre-comp,26,M,6,64.2,1,4,3,1.3,4.35,3.08,0.809,0,60,7,420,542.6,1097.6,0.494,0,1,0.825,0.911,4.72,technique,0.9,0.185,0.11
ath_034,club_05,2024-01-17,sprints,pre-comp,26,M,6,64.2,3,5,3,3.42,4.9,2.5,0.665,0,0,0,0,461.2,1042.7,0.442,0,1,0.945,0.929,5.05,technique,0.87,0.407,0.0
ath_034,club_05,2024-01-18,sprints,pre-comp,26,M,6,64.2,2,2,3,2.26,1.95,2.67,0.557,0,0,0,0,392.1,990.6,0.396,0,1,0.979,0.988,5.01,speed,0.86,0.214,0.0
ath_034,club_05,2024-01-19,sprints,pre-comp,26,M,6,64.2,3,2,5,2.76,2.31,5.0,0.703,0,75,5,375,389.5,959.8,0.406,0,1,0.77,0.931,5.55,speed,0.88,0.386,0.1
ath_034,club_05,2024-01-20,sprints,pre-comp,26,M,6,64.2,5,3,4,4.89,2.77,3.96,0.523,1,60,3,180,358.1,920.8,0.389,1,1,0.79,0.906,5.3,recovery,0.5,0.772,-0.35
ath_034,club_05,2024-01-21,sprints,pre-comp,26,M,6,64.2,4,2,1,4.65,1.88,1.0,0.282,2,75,4,300,349.4,889.8,0.393,1,1,0.787,0.82,5.94,recovery,0.6,0.688,-0.3
ath_034,club_05,2024-01-22,sprints,pre-comp,26,M,6,64.2,4,1,2,3.81,1.05,2.24,0.366,2,75,3,225,330.7,856.5,0.386,1,1,0.752,0.935,6.32,recovery,0.6,0.703,-0.3
ath_034,club_05,2024-01-23,sprints,pre-comp,26,M,6,64.2,4,2,1,3.71,2.2,1.15,0.376,1,90,4,360,335.1,831.7,0.403,1,1,0.969,0.969,5.31,recovery,0.6,0.711,-0.3
ath_034,club_05,2024-01-24,sprints,pre-comp,26,M,6,64.2,5,2,1,4.87,2.09,1.2,0.295,2,105,5,525,363.6,816.4,0.445,1,1,0.815,0.994,6.53,recovery,0.5,0.76,-0.35
ath_034,club_05,2024-01-25,sprints,pre-comp,26,M,6,64.2,4,3,2,3.64,2.77,1.98,0.474,1,75,5,375,365.3,794.3,0.46,1,1,0.951,0.973,6.47,recovery,0.6,0.605,-0.3
ath_034,club_05,2024-01-26,sprints,pre-comp,26,M,6,64.2,4,2,1,4.34,1.58,1.35,0.306,1,75,3,225,344.3,765.8,0.45,1,1,0.96,0.988,6.07,recovery,0.6,0.694,-0.3
ath_034,club_05,2024-01-27,sprints,pre-comp,26,M,6,64.2,5,3,3,5.0,3.32,3.11,0.496,1,75,3,225,326.4,738.8,0.442,1,1,0.964,0.893,5.2,recovery,0.5,0.768,-0.35
ath_034,club_05,2024-01-28,sprints,pre-comp,26,M,6,64.2,4,1,2,3.53,1.43,2.23,0.409,1,75,3,225,311.2,713.1,0.436,1,1,0.823,0.959,6.62,recovery,0.6,0.63,-0.3
ath_034,club_05,2024-01-29,sprints,pre-comp,26,M,6,64.2,5,1,1,4.89,1.45,1.16,0.248,2,90,6,540,345.5,704.4,0.49,1,1,0.856,0.967,6.27,recovery,0.5,0.857,-0.35
ath_034,club_05,2024-01-30,sprints,pre-comp,26,M,6,64.2,5,2,2,4.82,2.27,1.94,0.359,2,90,5,450,361.2,691.7,0.522,1,1,0.767,0.854,5.79,recovery,0.5,0.718,-0.35
ath_034,club_05,2024-01-31,sprints,competition,26,M,6,64.2,4,3,1,4.14,2.96,1.0,0.388,2,90,3,270,347.5,670.6,0.518,1,1,0.974,0.848,6.11,recovery,0.6,0.629,-0.3
ath_034,club_05,2024-02-01,sprints,competition,26,M,6,64.2,3,2,3,3.32,1.95,3.27,0.526,0,75,6,450,362.9,659.6,0.55,1,1,0.798,0.947,6.49,recovery,0.75,0.54,0.0
ath_034,club_05,2024-02-02,sprints,competition,26,M,6,64.2,4,1,2,3.81,1.0,1.93,0.342,1,75,7,525,387.2,652.9,0.593,0,1,0.879,0.904,6.43,recovery,0.6,0.514,-0.3
ath_034,club_05,2024-02-03,sprints,competition,26,M,6,64.2,1,4,4,1.13,4.34,4.05,0.884,1,75,7,525,407.9,646.5,0.631,0,1,0.834,0.886,5.17,speed,0.91,0.143,0.12
ath_034,club_05,2024-02-04,sprints,competition,26,M,6,64.2,1,4,3,1.22,3.96,2.76,0.767,1,105,7,735,456.9,650.9,0.702,0,1,0.763,0.916,5.31,recovery,0.89,0.152,0.11
ath_034,club_05,2024-02-05,sprints,competition,26,M,6,64.2,2,5,2,1.85,5.0,2.1,0.75,0,75,9,675,489.6,652.1,0.751,0,1,0.906,0.823,5.26,speed,0.89,0.253,0.11
ath_034,club_05,2024-02-06,sprints,competition,26,M,6,64.2,2,4,3,2.18,4.3,3.65,0.784,1,105,9,945,557.9,666.8,0.837,0,1,0.893,0.99,5.75,speed,0.89,0.27,0.11
ath_034,club_05,2024-02-07,sprints,competition,26,M,6,64.2,2,3,5,1.14,3.16,4.14,0.811,0,0,0,0,474.3,633.4,0.749,0,1,0.961,0.968,5.58,speed,0.9,0.269,0.11
ath_034,club_05,2024-02-08,sprints,competition,26,M,6,64.2,5,4,3,4.85,3.43,3.12,0.513,2,105,5,525,481.9,628.0,0.767,0,1,0.916,0.815,6.5,recovery,0.5,0.651,-0.35
ath_034,club_05,2024-02-09,sprints,competition,26,M,6,64.2,2,4,4,2.05,4.11,3.86,0.795,0,90,6,540,490.6,623.6,0.787,0,1,0.989,0.976,5.41,speed,0.89,0.317,0.11
ath_034,club_05,2024-02-10,sprints,competition,26,M,6,64.2,3,4,4,3.05,3.69,3.79,0.696,0,90,9,810,538.5,632.9,0.851,0,1,0.96,0.802,5.34,recovery,0.88,0.389,0.0
ath_034,club_05,2024-02-11,sprints,competition,26,M,6,64.2,1,5,5,1.0,5.0,5.0,1.0,0,75,6,450,525.2,623.8,0.842,0,1,0.99,0.836,4.75,speed,0.92,0.151,0.13
ath_034,club_05,2024-02-12,sprints,competition,26,M,6,64.2,1,5,2,1.02,5.0,1.71,0.779,0,75,7,525,525.2,618.8,0.849,0,1,0.945,0.892,5.34,recovery,0.89,0.128,0.11
ath_034,club_05,2024-02-13,sprints,competition,26,M,6,64.2,1,3,5,1.0,2.66,4.87,0.835,1,90,6,540,527.4,614.9,0.858,0,1,0.769,0.853,5.65,speed,0.9,0.142,0.11
ath_034,club_05,2024-02-14,sprints,competition,26,M,6,64.2,1,4,4,1.2,4.12,4.17,0.872,0,90,7,630,542.8,615.6,0.882,0,1,0.928,0.954,5.07,speed,0.91,0.17,0.12
ath_034,club_05,2024-02-15,sprints,transition,26,M,6,64.2,2,5,5,1.8,5.0,4.94,0.943,1,60,6,360,515.4,602.9,0.855,0,1,0.899,0.933,4.93,speed,0.92,0.245,0.12
ath_034,club_05,2024-02-16,sprints,transition,26,M,6,64.2,2,4,3,2.21,3.74,3.55,0.739,0,60,7,420,501.1,593.7,0.844,0,1,0.975,0.818,5.67,speed,0.89,0.3,0.1
ath_034,club_05,2024-02-17,sprints,transition,26,M,6,64.2,1,4,4,1.12,4.07,4.45,0.893,0,75,9,675,527.2,597.8,0.882,0,1,0.919,0.813,4.74,speed,0.91,0.169,0.12
ath_034,club_05,2024-02-18,sprints,transition,26,M,6,64.2,2,5,4,1.94,4.47,3.48,0.8,0,60,7,420,511.1,588.9,0.868,0,1,0.956,0.984,5.2,speed,0.9,0.221,0.11
ath_034,club_05,2024-02-19,sprints,transition,26,M,6,64.2,2,3,5,1.3,3.21,4.68,0.839,1,60,9,540,515.4,586.5,0.879,0,1,0.914,0.953,5.91,speed,0.9,0.275,0.11
ath_035,club_01,2024-01-01,throws,off-season,24,F,1,81.89,1,1,3,1.84,1.29,2.65,0.541,0,105,9,945,1552.0,2192.2,0.708,0,0,0.772,0.935,5.79,strength,0.86,0.04,0.0
ath_035,club_01,2024-01-02,throws,off-season,24,F,1,81.89,1,5,2,1.08,5.0,2.16,0.805,1,60,6,360,1373.2,2100.6,0.654,0,0,0.839,0.8,5.24,endurance,0.9,0.01,0.11
ath_035,club_01,2024-01-03,throws,off-season,24,F,1,81.89,1,2,3,1.0,1.75,2.89,0.643,0,75,5,375,1223.4,2014.3,0.607,0,0,0.955,0.888,5.68,endurance,0.87,0.054,0.0
ath_035,club_01,2024-01-04,throws,off-season,24,F,1,81.89,1,2,5,1.0,2.51,5.0,0.834,1,75,7,525,1118.7,1939.9,0.577,0,0,0.925,0.921,3.87,strength,0.9,0.017,0.11
ath_035,club_01,2024-01-05,throws,off-season,24,F,1,81.89,3,4,3,2.74,4.08,2.98,0.689,1,90,6,540,1031.9,1869.9,0.552,0,0,0.843,0.94,6.12,strength,0.88,0.288,0.0
ath_035,club_01,2024-01-06,throws,off-season,24,F,1,81.89,1,5,5,1.0,5.0,4.41,0.961,1,75,7,525,955.8,1802.6,0.53,0,0,0.775,0.94,4.44,endurance,0.92,0.086,0.13
ath_035,club_01,2024-01-07,throws,off-season,24,F,1,81.89,3,4,4,3.14,4.01,4.12,0.732,0,60,6,360,866.5,1730.5,0.501,0,0,0.978,0.842,5.06,strength,0.88,0.314,0.1
ath_035,club_01,2024-01-08,throws,off-season,24,F,1,81.89,3,5,3,2.97,4.75,3.51,0.753,1,0,0,0,736.5,1644.0,0.448,0,0,0.902,0.944,5.03,strength,0.89,0.268,0.11
ath_035,club_01,2024-01-09,throws,off-season,24,F,1,81.89,3,3,4,2.56,2.72,4.03,0.68,0,60,7,420,689.0,1582.8,0.435,0,0,0.963,0.949,4.85,strength,0.88,0.239,0.0
ath_035,club_01,2024-01-10,throws,off-season,24,F,1,81.89,2,4,4,1.96,3.56,4.06,0.777,1,60,5,300,630.7,1518.6,0.415,0,0,0.893,0.822,4.13,strength,0.89,0.154,0.11
ath_035,club_01,2024-01-11,throws,off-season,24,F,1,81.89,1,4,3,1.13,4.03,2.8,0.78,0,60,5,300,581.1,1457.7,0.399,0,0,0.852,0.946,4.76,strength,0.89,0.043,0.11
ath_035,club_01,2024-01-12,throws,off-season,24,F,1,81.89,1,4,4,1.0,4.06,4.25,0.887,0,0,0,0,493.9,1384.8,0.357,0,0,0.969,0.962,4.07,strength,0.91,0.109,0.12
ath_035,club_01,2024-01-13,throws,off-season,24,F,1,81.89,2,4,5,2.09,3.47,5.0,0.825,1,0,0,0,419.8,1315.6,0.319,0,0,0.962,0.853,5.04,strength,0.9,0.121,0.11
ath_035,club_01,2024-01-14,throws,off-season,24,F,1,81.89,2,4,3,1.9,3.96,2.82,0.725,1,90,8,720,464.8,1285.8,0.362,0,0,0.985,0.8,4.52,endurance,0.88,0.198,0.1
ath_035,club_01,2024-01-15,throws,off-season,24,F,1,81.89,1,5,2,1.0,5.0,1.87,0.792,0,90,9,810,516.6,1262.0,0.409,0,0,0.82,0.878,5.43,endurance,0.89,0.052,0.11
ath_035,club_01,2024-01-16,throws,pre-comp,24,F,1,81.89,1,3,5,1.35,2.57,4.62,0.789,1,60,7,420,502.1,1219.9,0.412,0,0,0.988,0.844,4.31,technique,0.89,0.032,0.11
ath_035,club_01,2024-01-17,throws,pre-comp,24,F,1,81.89,1,4,5,1.72,4.43,4.91,0.908,0,60,9,540,507.8,1185.9,0.428,0,0,0.981,0.947,4.75,speed,0.91,0.035,0.12
ath_035,club_01,2024-01-18,throws,pre-comp,24,F,1,81.89,1,1,4,1.11,1.34,4.27,0.7,0,90,8,720,539.6,1162.6,0.464,0,0,0.77,0.916,4.96,speed,0.88,0.118,0.1
ath_035,club_01,2024-01-19,throws,pre-comp,24,F,1,81.89,2,2,4,2.01,1.41,3.55,0.597,0,0,0,0,458.7,1104.5,0.415,0,0,0.892,0.836,4.96,speed,0.86,0.18,0.0
ath_035,club_01,2024-01-20,throws,pre-comp,24,F,1,81.89,1,5,3,1.13,5.0,2.87,0.849,1,75,8,600,479.9,1079.3,0.445,0,0,0.786,0.893,4.59,technique,0.9,0.064,0.11
ath_035,club_01,2024-01-21,throws,pre-comp,24,F,1,81.89,1,4,4,1.36,4.03,4.4,0.872,0,90,7,630,502.4,1056.8,0.475,0,0,0.882,0.969,4.16,technique,0.91,0.073,0.12
ath_035,club_01,2024-01-22,throws,pre-comp,24,F,1,81.89,3,3,5,3.02,2.73,5.0,0.714,0,75,5,375,483.3,1022.7,0.473,0,0,0.978,0.985,5.22,technique,0.88,0.303,0.1
ath_035,club_01,2024-01-23,throws,pre-comp,24,F,1,81.89,4,4,2,3.72,3.55,1.83,0.511,2,0,0,0,410.8,971.6,0.423,0,0,0.946,0.897,5.83,speed,0.6,0.47,-0.3
ath_035,club_01,2024-01-24,throws,pre-comp,24,F,1,81.89,3,3,4,3.09,2.8,3.82,0.636,0,105,5,525,427.9,949.2,0.451,0,0,0.822,0.999,5.01,speed,0.87,0.271,0.0
ath_035,club_01,2024-01-25,throws,pre-comp,24,F,1,81.89,3,4,4,2.91,4.0,3.38,0.698,1,60,9,540,444.7,928.8,0.479,0,0,0.8,0.945,5.04,speed,0.88,0.286,0.0
ath_035,club_01,2024-01-26,throws,pre-comp,24,F,1,81.89,2,4,3,1.85,3.96,2.39,0.7,0,105,5,525,456.8,908.6,0.503,0,0,0.938,0.928,4.86,speed,0.88,0.201,0.1
ath_035,club_01,2024-01-27,throws,pre-comp,24,F,1,81.89,2,3,4,2.46,2.92,4.13,0.706,1,60,9,540,469.3,890.2,0.527,0,0,0.909,0.925,5.42,speed,0.88,0.216,0.1
ath_035,club_01,2024-01-28,throws,pre-comp,24,F,1,81.89,4,3,4,3.76,2.77,3.94,0.597,2,75,3,225,432.6,856.9,0.505,1,0,0.944,0.993,5.99,recovery,0.6,0.527,-0.3
ath_035,club_01,2024-01-29,throws,pre-comp,24,F,1,81.89,4,3,2,3.51,3.09,1.68,0.484,1,90,6,540,448.7,841.1,0.534,1,0,0.895,0.941,5.77,recovery,0.6,0.562,-0.3
ath_035,club_01,2024-01-30,throws,pre-comp,24,F,1,81.89,3,1,2,2.86,1.0,1.72,0.391,1,60,4,240,417.4,811.0,0.515,1,0,0.868,0.993,6.67,recovery,0.75,0.416,0.0
ath_035,club_01,2024-01-31,throws,competition,24,F,1,81.89,4,2,2,3.69,2.26,1.85,0.428,2,60,4,240,390.8,782.5,0.499,1,0,0.943,0.856,5.91,recovery,0.6,0.546,-0.3
ath_035,club_01,2024-02-01,throws,competition,24,F,1,81.89,4,2,2,3.97,2.34,2.24,0.441,2,60,5,300,377.2,758.3,0.497,1,0,0.834,0.933,5.37,recovery,0.6,0.63,-0.3
ath_035,club_01,2024-02-02,throws,competition,24,F,1,81.89,5,1,2,5.0,1.0,1.76,0.25,2,60,9,540,401.6,747.4,0.537,0,0,0.784,0.941,6.43,recovery,0.5,0.534,-0.35
ath_035,club_01,2024-02-03,throws,competition,24,F,1,81.89,1,2,3,1.23,1.77,3.01,0.636,0,0,0,0,341.4,710.0,0.481,0,0,0.786,0.861,5.53,speed,0.87,0.028,0.0
ath_035,club_01,2024-02-04,throws,competition,24,F,1,81.89,1,5,2,1.0,5.0,2.44,0.829,0,75,8,600,380.2,704.5,0.54,0,0,0.858,0.934,4.78,speed,0.9,0.068,0.11
ath_035,club_01,2024-02-05,throws,competition,24,F,1,81.89,2,4,3,2.65,4.39,2.64,0.692,0,60,7,420,386.1,690.3,0.559,0,0,0.972,0.935,5.41,speed,0.88,0.208,0.0
ath_035,club_01,2024-02-06,throws,competition,24,F,1,81.89,1,4,3,1.0,4.47,3.19,0.844,0,60,5,300,373.2,670.8,0.556,0,0,0.939,0.96,5.2,recovery,0.9,0.016,0.11
ath_035,club_01,2024-02-07,throws,competition,24,F,1,81.89,3,3,4,2.88,3.12,4.23,0.698,0,90,5,450,384.7,659.8,0.583,0,0,0.924,0.809,5.74,speed,0.88,0.282,0.0
ath_035,club_01,2024-02-08,throws,competition,24,F,1,81.89,2,4,3,1.9,4.12,2.79,0.734,1,75,8,600,417.0,656.8,0.635,0,0,0.774,0.914,4.61,recovery,0.89,0.207,0.1
ath_035,club_01,2024-02-09,throws,competition,24,F,1,81.89,4,4,4,3.58,3.72,4.41,0.703,1,60,6,360,408.5,641.9,0.636,0,0,0.88,0.807,5.1,speed,0.6,0.395,-0.3
ath_035,club_01,2024-02-10,throws,competition,24,F,1,81.89,1,5,3,1.22,4.96,3.27,0.867,1,75,5,375,403.5,628.6,0.642,0,0,0.997,0.934,5.04,speed,0.91,0.084,0.12
ath_035,club_01,2024-02-11,throws,competition,24,F,1,81.89,2,4,3,2.37,3.9,2.98,0.7,1,105,7,735,453.2,633.9,0.715,0,0,0.898,0.941,5.56,recovery,0.88,0.193,0.1
ath_035,club_01,2024-02-12,throws,competition,24,F,1,81.89,1,3,2,1.17,3.26,2.24,0.688,1,90,7,630,479.7,633.7,0.757,0,0,0.842,0.835,6.19,speed,0.88,0.051,0.0
ath_035,club_01,2024-02-13,throws,competition,24,F,1,81.89,4,4,5,3.89,4.45,4.87,0.762,2,75,6,450,475.2,624.5,0.761,0,0,0.902,0.893,5.89,speed,0.6,0.469,-0.3
ath_035,club_01,2024-02-14,throws,competition,24,F,1,81.89,2,3,3,1.87,3.24,2.7,0.671,0,75,6,450,471.5,615.8,0.766,0,0,0.806,0.936,6.09,recovery,0.88,0.165,0.0
ath_035,club_01,2024-02-15,throws,transition,24,F,1,81.89,2,4,3,1.69,4.06,2.7,0.737,0,75,5,375,457.0,603.8,0.757,0,0,0.95,0.934,5.21,recovery,0.89,0.225,0.1
ath_035,club_01,2024-02-16,throws,transition,24,F,1,81.89,1,4,3,1.0,3.76,3.47,0.815,0,90,7,630,482.9,605.1,0.798,0,0,0.911,0.984,5.78,speed,0.9,0.01,0.11
ath_035,club_01,2024-02-17,throws,transition,24,F,1,81.89,2,3,3,1.97,3.03,2.93,0.666,1,0,0,0,410.5,574.8,0.714,0,0,0.805,0.979,5.85,speed,0.87,0.143,0.0
ath_035,club_01,2024-02-18,throws,transition,24,F,1,81.89,2,3,2,1.58,3.36,2.03,0.654,0,75,6,450,416.4,568.6,0.732,0,0,0.909,0.938,5.59,speed,0.87,0.136,0.0
ath_035,club_01,2024-02-19,throws,transition,24,F,1,81.89,1,3,5,1.09,2.86,4.91,0.845,1,90,9,810,475.5,580.6,0.819,0,0,0.833,0.901,5.93,speed,0.9,0.01,0.11
ath_036,club_02,2024-01-01,jumps,off-season,22,F,3,68.56,1,5,5,1.41,4.77,5.0,0.957,1,75,5,375,1959.1,2288.3,0.856,0,1,0.954,0.818,5.59,strength,0.92,0.154,0.13
ath_036,club_02,2024-01-02,jumps,off-season,22,F,3,68.56,2,5,3,2.19,5.0,3.08,0.793,0,90,8,720,1773.3,2209.9,0.802,0,1,0.846,0.91,5.39,endurance,0.89,0.232,0.11
ath_036,club_02,2024-01-03,jumps,off-season,22,F,3,68.56,3,2,4,2.87,2.05,3.92,0.607,0,0,0,0,1507.3,2099.4,0.718,0,1,0.98,0.917,5.7,endurance,0.87,0.365,0.0
ath_036,club_02,2024-01-04,jumps,off-season,22,F,3,68.56,1,4,1,1.26,3.53,1.21,0.632,1,60,9,540,1362.2,2021.4,0.674,0,1,0.866,0.946,5.82,strength,0.87,0.187,0.0
ath_036,club_02,2024-01-05,jumps,off-season,22,F,3,68.56,2,3,2,2.2,3.29,2.01,0.607,0,90,5,450,1225.4,1942.8,0.631,0,1,0.832,0.989,5.18,strength,0.87,0.212,0.0
ath_036,club_02,2024-01-06,jumps,off-season,22,F,3,68.56,1,4,3,1.0,4.6,2.75,0.824,0,90,8,720,1149.5,1881.7,0.611,0,1,0.918,0.805,5.84,strength,0.9,0.091,0.11
ath_036,club_02,2024-01-07,jumps,off-season,22,F,3,68.56,3,4,5,3.24,4.11,5.0,0.791,1,75,9,675,1078.4,1821.4,0.592,0,1,0.828,0.908,5.19,strength,0.89,0.362,0.11
ath_036,club_02,2024-01-08,jumps,off-season,22,F,3,68.56,2,5,4,2.64,4.78,3.04,0.746,1,60,5,300,961.6,1745.3,0.551,0,1,0.958,0.857,4.99,endurance,0.89,0.283,0.1
ath_036,club_02,2024-01-09,jumps,off-season,22,F,3,68.56,1,3,5,1.0,2.89,4.85,0.85,0,75,5,375,873.6,1676.8,0.521,0,1,0.788,0.804,4.48,endurance,0.9,0.131,0.11
ath_036,club_02,2024-01-10,jumps,off-season,22,F,3,68.56,1,2,4,1.4,2.18,3.71,0.7,0,105,7,735,852.8,1629.7,0.523,0,1,0.88,0.993,5.84,strength,0.88,0.18,0.0
ath_036,club_02,2024-01-11,jumps,off-season,22,F,3,68.56,1,2,5,1.0,1.6,4.88,0.765,1,60,7,420,787.9,1569.2,0.502,0,1,0.967,0.953,4.58,endurance,0.89,0.124,0.11
ath_036,club_02,2024-01-12,jumps,off-season,22,F,3,68.56,3,1,3,3.28,1.02,2.7,0.43,0,0,0,0,669.7,1490.7,0.449,0,1,0.792,0.825,5.9,recovery,0.84,0.433,0.0
ath_036,club_02,2024-01-13,jumps,off-season,22,F,3,68.56,2,3,4,2.4,3.15,4.31,0.738,0,60,8,480,641.3,1440.2,0.445,0,1,0.89,0.819,5.37,endurance,0.89,0.274,0.1
ath_036,club_02,2024-01-14,jumps,off-season,22,F,3,68.56,4,3,4,4.28,2.89,4.22,0.588,2,75,5,375,601.3,1386.9,0.434,1,1,0.901,0.872,5.91,recovery,0.6,0.653,-0.3
ath_036,club_02,2024-01-15,jumps,off-season,22,F,3,68.56,4,1,3,3.93,1.0,3.51,0.439,1,75,4,300,556.1,1332.6,0.417,1,1,0.97,0.807,6.03,recovery,0.6,0.65,-0.3
ath_036,club_02,2024-01-16,jumps,pre-comp,22,F,3,68.56,4,2,2,4.36,2.32,2.07,0.402,1,60,5,300,517.7,1281.0,0.404,1,1,0.956,0.834,6.37,recovery,0.6,0.648,-0.3
ath_036,club_02,2024-01-17,jumps,pre-comp,22,F,3,68.56,4,3,2,4.25,2.86,2.72,0.488,1,75,4,300,485.0,1231.9,0.394,1,1,0.8,0.962,5.67,recovery,0.6,0.66,-0.3
ath_036,club_02,2024-01-18,jumps,pre-comp,22,F,3,68.56,4,2,2,4.42,2.21,1.8,0.372,1,75,4,300,457.3,1185.3,0.386,1,1,0.971,0.937,5.82,recovery,0.6,0.684,-0.3
ath_036,club_02,2024-01-19,jumps,pre-comp,22,F,3,68.56,4,3,1,4.24,3.01,1.0,0.384,1,90,4,360,442.7,1144.1,0.387,1,1,0.909,0.908,5.93,recovery,0.6,0.681,-0.3
ath_036,club_02,2024-01-20,jumps,pre-comp,22,F,3,68.56,4,1,2,3.76,1.0,2.01,0.35,2,75,3,225,410.0,1098.1,0.373,1,1,0.767,0.952,6.71,recovery,0.6,0.646,-0.3
ath_036,club_02,2024-01-21,jumps,pre-comp,22,F,3,68.56,4,3,2,4.18,3.11,1.84,0.452,1,105,4,420,411.5,1064.2,0.387,1,1,0.812,0.897,6.0,recovery,0.6,0.707,-0.3
ath_036,club_02,2024-01-22,jumps,pre-comp,22,F,3,68.56,4,2,2,4.07,2.17,1.93,0.402,1,75,6,450,417.3,1033.5,0.404,1,1,0.75,0.98,5.76,recovery,0.6,0.645,-0.3
ath_036,club_02,2024-01-23,jumps,pre-comp,22,F,3,68.56,3,1,3,3.65,1.49,3.13,0.464,1,75,4,300,399.7,996.8,0.401,1,1,0.883,0.922,5.54,recovery,0.75,0.585,0.0
ath_036,club_02,2024-01-24,jumps,pre-comp,22,F,3,68.56,4,1,2,4.22,1.0,2.18,0.331,2,75,5,375,396.0,965.7,0.41,1,1,0.855,0.997,6.23,recovery,0.6,0.606,-0.3
ath_036,club_02,2024-01-25,jumps,pre-comp,22,F,3,68.56,5,1,3,4.91,1.0,3.01,0.341,2,75,4,300,381.6,932.4,0.409,1,1,0.962,0.802,6.19,recovery,0.5,0.753,-0.35
ath_036,club_02,2024-01-26,jumps,pre-comp,22,F,3,68.56,5,2,2,5.0,1.85,2.36,0.348,2,60,7,420,387.4,906.8,0.427,0,1,0.907,0.998,6.2,recovery,0.5,0.657,-0.35
ath_036,club_02,2024-01-27,jumps,pre-comp,22,F,3,68.56,2,5,4,1.91,4.94,3.77,0.854,0,75,5,375,385.5,880.2,0.438,0,1,0.959,0.865,4.72,speed,0.9,0.282,0.12
ath_036,club_02,2024-01-28,jumps,pre-comp,22,F,3,68.56,2,1,5,1.89,1.26,4.84,0.681,0,60,8,480,399.7,860.2,0.465,0,1,0.793,0.881,5.31,technique,0.88,0.269,0.0
ath_036,club_02,2024-01-29,jumps,pre-comp,22,F,3,68.56,3,5,4,2.94,4.68,4.41,0.81,1,105,7,735,450.0,854.0,0.527,0,1,0.835,0.864,5.69,speed,0.9,0.396,0.11
ath_036,club_02,2024-01-30,jumps,pre-comp,22,F,3,68.56,3,4,5,2.36,3.86,4.95,0.83,1,90,9,810,504.0,851.8,0.592,0,1,0.853,0.984,5.01,technique,0.9,0.382,0.11
ath_036,club_02,2024-01-31,jumps,competition,22,F,3,68.56,4,4,3,3.91,4.42,2.63,0.609,2,75,5,375,484.6,827.9,0.585,1,1,0.945,0.984,5.46,recovery,0.6,0.67,-0.3
ath_036,club_02,2024-02-01,jumps,competition,22,F,3,68.56,4,2,1,4.31,1.82,1.79,0.354,2,0,0,0,411.9,786.5,0.524,1,1,0.939,0.952,5.37,recovery,0.6,0.655,-0.3
ath_036,club_02,2024-02-02,jumps,competition,22,F,3,68.56,4,2,1,4.45,1.72,1.0,0.284,1,75,6,450,417.6,769.7,0.543,1,1,0.807,0.902,5.95,recovery,0.6,0.661,-0.3
ath_036,club_02,2024-02-03,jumps,competition,22,F,3,68.56,3,2,2,3.26,1.88,1.81,0.429,0,0,0,0,355.0,731.2,0.485,1,1,0.939,0.993,5.85,recovery,0.75,0.553,0.0
ath_036,club_02,2024-02-04,jumps,competition,22,F,3,68.56,3,2,1,2.69,1.52,1.0,0.389,1,90,5,450,369.3,717.2,0.515,1,1,0.766,0.84,6.0,recovery,0.75,0.496,0.0
ath_036,club_02,2024-02-05,jumps,competition,22,F,3,68.56,5,1,3,5.0,1.56,2.48,0.336,1,105,5,525,392.6,707.5,0.555,0,1,0.951,0.962,6.22,recovery,0.5,0.684,-0.35
ath_036,club_02,2024-02-06,jumps,competition,22,F,3,68.56,1,5,2,1.02,4.8,1.7,0.765,0,0,0,0,333.7,672.2,0.496,0,1,0.904,0.977,4.85,speed,0.89,0.162,0.11
ath_036,club_02,2024-02-07,jumps,competition,22,F,3,68.56,2,4,1,1.99,3.75,1.04,0.587,1,75,6,450,351.2,661.1,0.531,0,1,0.757,0.978,5.38,speed,0.86,0.279,0.0
ath_036,club_02,2024-02-08,jumps,competition,22,F,3,68.56,3,5,2,2.92,4.64,1.6,0.621,1,60,8,480,370.5,652.0,0.568,0,1,0.877,0.989,5.93,speed,0.87,0.368,0.0
ath_036,club_02,2024-02-09,jumps,competition,22,F,3,68.56,3,4,3,2.66,4.47,3.28,0.739,1,75,6,450,382.4,641.9,0.596,0,1,0.901,0.942,5.89,speed,0.89,0.373,0.1
ath_036,club_02,2024-02-10,jumps,competition,22,F,3,68.56,1,2,4,1.0,2.41,3.37,0.719,0,60,9,540,406.1,636.8,0.638,0,1,0.894,0.984,5.97,speed,0.88,0.151,0.1
ath_036,club_02,2024-02-11,jumps,competition,22,F,3,68.56,2,1,3,2.02,1.0,2.95,0.528,0,0,0,0,345.1,605.0,0.571,0,1,0.912,0.92,5.77,speed,0.85,0.273,0.0
ath_036,club_02,2024-02-12,jumps,competition,22,F,3,68.56,1,4,5,1.0,3.73,5.0,0.915,1,60,9,540,374.4,601.7,0.622,0,1,0.993,0.88,4.46,speed,0.91,0.139,0.12
ath_036,club_02,2024-02-13,jumps,competition,22,F,3,68.56,1,4,2,1.0,3.37,2.2,0.704,1,105,8,840,444.2,613.6,0.724,0,1,0.77,0.985,5.7,recovery,0.88,0.174,0.1
ath_036,club_02,2024-02-14,jumps,competition,22,F,3,68.56,1,4,5,1.0,4.18,5.0,0.946,0,75,7,525,456.3,609.2,0.749,0,1,0.979,0.896,5.13,recovery,0.92,0.153,0.12
ath_036,club_02,2024-02-15,jumps,transition,22,F,3,68.56,3,4,4,3.06,4.09,4.15,0.745,1,90,6,540,468.9,605.7,0.774,0,1,0.824,0.83,5.98,speed,0.89,0.387,0.1
ath_036,club_02,2024-02-16,jumps,transition,22,F,3,68.56,1,5,5,1.0,5.0,5.0,1.0,1,90,8,720,506.6,611.5,0.828,0,1,0.777,0.987,5.12,recovery,0.92,0.122,0.13
ath_036,club_02,2024-02-17,jumps,transition,22,F,3,68.56,2,2,4,1.64,2.57,4.0,0.728,1,60,6,360,484.6,598.9,0.809,0,1,0.942,0.834,6.45,speed,0.88,0.293,0.1
ath_036,club_02,2024-02-18,jumps,transition,22,F,3,68.56,1,3,3,1.0,3.07,3.03,0.74,0,75,5,375,468.1,587.7,0.797,0,1,0.753,0.977,6.09,speed,0.89,0.136,0.1
ath_036,club_02,2024-02-19,jumps,transition,22,F,3,68.56,2,1,4,2.22,1.37,3.9,0.603,0,0,0,0,397.9,558.3,0.713,0,1,0.87,0.809,5.87,speed,0.87,0.268,0.0
ath_037,club_03,2024-01-01,jumps,off-season,17,M,7,67.84,3,3,4,3.09,2.48,4.11,0.633,0,75,5,375,1518.8,2078.6,0.731,0,0,0.935,0.933,5.7,endurance,0.87,0.268,0.0
ath_037,club_03,2024-01-02,jumps,off-season,17,M,7,67.84,4,5,4,3.99,5.0,4.23,0.749,1,90,5,450,1358.4,1997.2,0.68,0,0,0.974,0.866,4.82,endurance,0.6,0.424,-0.3
ath_037,club_03,2024-01-03,jumps,off-season,17,M,7,67.84,3,3,4,2.76,2.68,3.53,0.63,1,90,9,810,1276.2,1937.9,0.659,0,0,0.867,0.888,5.37,endurance,0.87,0.316,0.0
ath_037,club_03,2024-01-04,jumps,off-season,17,M,7,67.84,1,4,5,1.0,3.62,4.88,0.9,1,60,8,480,1156.7,1865.0,0.62,0,0,0.827,0.935,4.72,strength,0.91,0.06,0.12
ath_037,club_03,2024-01-05,jumps,off-season,17,M,7,67.84,1,3,5,1.21,2.7,5.0,0.833,0,75,9,675,1084.5,1805.5,0.601,0,0,0.852,0.859,5.01,strength,0.9,0.09,0.11
ath_037,club_03,2024-01-06,jumps,off-season,17,M,7,67.84,3,3,4,3.03,3.42,3.96,0.69,0,90,8,720,1029.8,1751.2,0.588,0,0,0.802,0.852,5.21,endurance,0.88,0.275,0.0
ath_037,club_03,2024-01-07,jumps,off-season,17,M,7,67.84,4,2,4,3.78,2.11,4.52,0.589,2,75,7,525,954.1,1689.9,0.565,0,0,0.841,0.868,5.78,strength,0.6,0.459,-0.3
ath_037,club_03,2024-01-08,jumps,off-season,17,M,7,67.84,2,3,5,2.01,3.09,4.75,0.789,1,90,5,450,878.5,1627.9,0.54,0,0,0.831,0.89,4.82,strength,0.89,0.156,0.11
ath_037,club_03,2024-01-09,jumps,off-season,17,M,7,67.84,3,5,5,3.21,4.77,4.4,0.798,1,0,0,0,746.7,1546.5,0.483,0,0,0.808,0.947,5.06,strength,0.89,0.279,0.11
ath_037,club_03,2024-01-10,jumps,off-season,17,M,7,67.84,1,4,4,1.02,4.59,4.27,0.922,0,60,7,420,697.7,1490.2,0.468,0,0,0.868,0.889,3.33,strength,0.91,0.048,0.12
ath_037,club_03,2024-01-11,jumps,off-season,17,M,7,67.84,3,4,4,3.13,3.97,4.44,0.752,0,75,9,675,694.3,1449.4,0.479,0,0,0.849,0.821,5.15,strength,0.89,0.28,0.11
ath_037,club_03,2024-01-12,jumps,off-season,17,M,7,67.84,3,3,3,3.41,2.55,2.88,0.534,1,60,9,540,671.2,1403.9,0.478,0,0,0.993,0.823,4.62,strength,0.86,0.279,0.0
ath_037,club_03,2024-01-13,jumps,off-season,17,M,7,67.84,1,1,5,1.05,1.0,5.0,0.73,1,75,5,375,626.7,1352.5,0.463,0,0,0.773,0.866,4.59,endurance,0.88,0.016,0.1
ath_037,club_03,2024-01-14,jumps,off-season,17,M,7,67.84,1,5,4,1.16,4.97,4.07,0.926,0,60,7,420,595.7,1305.9,0.456,0,0,0.787,0.921,4.37,endurance,0.91,0.05,0.12
ath_037,club_03,2024-01-15,jumps,off-season,17,M,7,67.84,1,3,3,1.0,2.72,2.61,0.689,1,60,7,420,569.4,1261.6,0.451,0,0,0.975,0.95,4.59,strength,0.88,0.069,0.0
ath_037,club_03,2024-01-16,jumps,pre-comp,17,M,7,67.84,2,4,5,2.07,3.81,4.73,0.831,0,75,6,450,551.5,1221.0,0.452,0,0,0.819,0.992,4.3,technique,0.9,0.101,0.11
ath_037,club_03,2024-01-17,jumps,pre-comp,17,M,7,67.84,2,3,2,1.71,3.46,2.06,0.654,1,75,9,675,570.0,1193.7,0.477,0,0,0.882,0.934,5.2,speed,0.87,0.133,0.0
ath_037,club_03,2024-01-18,jumps,pre-comp,17,M,7,67.84,1,4,4,1.46,4.29,4.41,0.883,0,75,8,600,574.5,1164.0,0.494,0,0,0.821,0.934,4.81,technique,0.91,0.03,0.12
ath_037,club_03,2024-01-19,jumps,pre-comp,17,M,7,67.84,4,5,3,4.24,5.0,2.86,0.641,2,60,4,240,524.3,1117.8,0.469,1,0,0.758,0.99,5.27,recovery,0.6,0.677,-0.3
ath_037,club_03,2024-01-20,jumps,pre-comp,17,M,7,67.84,5,1,1,5.0,1.26,1.27,0.235,1,75,3,225,479.4,1073.2,0.447,1,0,0.894,0.973,5.88,recovery,0.5,0.688,-0.35
ath_037,club_03,2024-01-21,jumps,pre-comp,17,M,7,67.84,4,2,2,3.88,1.98,2.05,0.41,2,60,4,240,443.5,1031.5,0.43,1,0,0.91,0.976,5.76,recovery,0.6,0.569,-0.3
ath_037,club_03,2024-01-22,jumps,pre-comp,17,M,7,67.84,4,3,1,4.06,3.41,1.0,0.423,2,75,4,300,422.0,994.9,0.424,1,0,0.841,0.873,6.06,recovery,0.6,0.504,-0.3
ath_037,club_03,2024-01-23,jumps,pre-comp,17,M,7,67.84,3,1,3,3.34,1.0,3.5,0.478,0,105,6,630,453.2,976.7,0.464,1,0,0.939,0.905,5.67,recovery,0.75,0.464,0.0
ath_037,club_03,2024-01-24,jumps,pre-comp,17,M,7,67.84,4,2,2,3.47,1.97,2.04,0.436,1,75,8,600,475.2,957.9,0.496,0,0,0.939,0.887,6.54,recovery,0.6,0.384,-0.3
ath_037,club_03,2024-01-25,jumps,pre-comp,17,M,7,67.84,1,1,4,1.16,1.0,4.22,0.671,1,60,8,480,475.9,934.0,0.51,0,0,0.918,0.891,5.52,speed,0.88,0.036,0.0
ath_037,club_03,2024-01-26,jumps,pre-comp,17,M,7,67.84,1,3,3,1.06,3.08,2.98,0.733,0,90,5,450,472.0,909.8,0.519,0,0,0.94,0.915,4.95,technique,0.88,0.067,0.1
ath_037,club_03,2024-01-27,jumps,pre-comp,17,M,7,67.84,1,4,3,1.0,3.84,2.71,0.77,0,90,6,540,482.2,891.3,0.541,0,0,0.915,0.801,4.86,speed,0.89,0.043,0.11
ath_037,club_03,2024-01-28,jumps,pre-comp,17,M,7,67.84,2,5,5,3.14,5.0,4.84,0.847,0,0,0,0,409.9,846.7,0.484,0,0,0.869,0.99,4.37,technique,0.9,0.176,0.11
ath_037,club_03,2024-01-29,jumps,pre-comp,17,M,7,67.84,1,4,5,1.15,4.1,5.0,0.929,0,75,8,600,438.4,834.4,0.525,0,0,0.858,0.948,4.12,technique,0.91,0.106,0.12
ath_037,club_03,2024-01-30,jumps,pre-comp,17,M,7,67.84,2,5,3,1.75,5.0,2.96,0.814,0,0,0,0,372.6,792.7,0.47,0,0,0.761,0.956,4.48,speed,0.9,0.163,0.11
ath_037,club_03,2024-01-31,jumps,competition,17,M,7,67.84,1,4,4,1.0,4.42,3.63,0.87,1,90,8,720,424.8,789.0,0.538,0,0,0.763,0.834,4.67,speed,0.91,0.047,0.12
ath_037,club_03,2024-02-01,jumps,competition,17,M,7,67.84,1,2,4,1.0,2.49,4.17,0.777,1,60,6,360,415.0,767.6,0.541,0,0,0.83,0.889,5.48,recovery,0.89,0.097,0.11
ath_037,club_03,2024-02-02,jumps,competition,17,M,7,67.84,2,4,3,1.19,3.91,3.19,0.794,0,90,6,540,433.8,756.2,0.574,0,0,0.906,0.88,5.16,speed,0.89,0.134,0.11
ath_037,club_03,2024-02-03,jumps,competition,17,M,7,67.84,2,4,4,2.13,4.11,3.82,0.787,0,105,9,945,510.5,765.6,0.667,0,0,0.905,0.876,5.7,speed,0.89,0.208,0.11
ath_037,club_03,2024-02-04,jumps,competition,17,M,7,67.84,2,4,4,2.36,3.73,3.7,0.738,1,90,5,450,501.4,749.9,0.669,0,0,0.885,0.87,5.6,speed,0.89,0.138,0.1
ath_037,club_03,2024-02-05,jumps,competition,17,M,7,67.84,2,4,4,2.45,4.65,4.27,0.831,0,75,7,525,504.9,738.6,0.684,0,0,0.773,0.834,5.56,speed,0.9,0.11,0.11
ath_037,club_03,2024-02-06,jumps,competition,17,M,7,67.84,1,4,5,1.0,4.38,5.0,0.959,0,75,9,675,530.4,735.4,0.721,0,0,0.856,0.92,4.63,speed,0.92,0.02,0.13
ath_037,club_03,2024-02-07,jumps,competition,17,M,7,67.84,1,4,3,1.05,4.6,3.25,0.853,0,60,5,300,495.9,713.7,0.695,0,0,0.813,0.892,5.32,recovery,0.9,0.033,0.12
ath_037,club_03,2024-02-08,jumps,competition,17,M,7,67.84,5,4,5,5.0,3.82,4.6,0.628,2,60,5,300,466.5,693.0,0.673,0,0,0.866,0.859,5.91,speed,0.5,0.565,-0.35
ath_037,club_03,2024-02-09,jumps,competition,17,M,7,67.84,1,4,4,1.0,3.51,4.21,0.848,0,0,0,0,396.5,658.3,0.602,0,0,0.953,0.813,5.57,recovery,0.9,0.01,0.11
ath_037,club_03,2024-02-10,jumps,competition,17,M,7,67.84,2,3,4,1.92,3.17,3.99,0.749,0,90,7,630,431.5,656.9,0.657,0,0,0.921,0.871,5.05,recovery,0.89,0.186,0.1
ath_037,club_03,2024-02-11,jumps,competition,17,M,7,67.84,2,3,2,2.3,3.15,2.14,0.599,0,75,6,450,434.3,646.6,0.672,0,0,0.805,0.923,5.7,speed,0.86,0.179,0.0
ath_037,club_03,2024-02-12,jumps,competition,17,M,7,67.84,2,4,2,2.36,4.5,2.38,0.701,0,90,6,540,450.2,641.2,0.702,0,0,0.791,0.885,6.18,speed,0.88,0.166,0.1
ath_037,club_03,2024-02-13,jumps,competition,17,M,7,67.84,1,5,4,1.0,4.64,3.8,0.896,0,105,6,630,477.1,640.7,0.745,0,0,0.914,0.889,4.66,speed,0.91,0.073,0.12
ath_037,club_03,2024-02-14,jumps,competition,17,M,7,67.84,2,3,4,1.97,2.61,4.05,0.713,0,0,0,0,405.6,608.6,0.666,0,0,0.889,0.957,5.87,speed,0.88,0.173,0.1
ath_037,club_03,2024-02-15,jumps,transition,17,M,7,67.84,3,5,3,2.96,4.89,3.13,0.737,0,60,8,480,416.7,602.2,0.692,0,0,0.846,0.836,5.83,recovery,0.89,0.259,0.1
ath_037,club_03,2024-02-16,jumps,transition,17,M,7,67.84,1,4,1,1.31,4.27,1.0,0.664,0,0,0,0,354.2,572.1,0.619,0,0,0.938,0.89,6.09,speed,0.87,0.027,0.0
ath_037,club_03,2024-02-17,jumps,transition,17,M,7,67.84,3,4,4,3.1,3.58,4.09,0.705,1,75,9,675,402.3,577.2,0.697,0,0,0.933,0.953,5.73,speed,0.88,0.277,0.1
ath_037,club_03,2024-02-18,jumps,transition,17,M,7,67.84,3,3,4,3.37,2.79,4.13,0.636,1,75,7,525,420.7,574.6,0.732,0,0,0.995,0.946,5.32,recovery,0.87,0.294,0.0
ath_037,club_03,2024-02-19,jumps,transition,17,M,7,67.84,3,4,3,2.55,3.78,3.08,0.688,1,105,9,945,499.4,593.2,0.842,0,0,0.948,0.948,5.98,recovery,0.88,0.267,0.0
ath_038,club_04,2024-01-01,sprints,off-season,17,F,3,71.21,2,3,4,2.02,2.42,4.06,0.697,1,90,7,630,1774.2,2269.4,0.782,0,0,0.986,0.818,5.82,endurance,0.88,0.213,0.0
ath_038,club_04,2024-01-02,sprints,off-season,17,F,3,71.21,3,4,4,3.42,4.17,4.08,0.722,1,60,7,420,1571.1,2176.9,0.722,0,0,0.757,0.994,6.21,strength,0.88,0.259,0.1
ath_038,club_04,2024-01-03,sprints,off-season,17,F,3,71.21,2,4,3,2.19,4.32,2.41,0.703,0,60,9,540,1416.4,2095.1,0.676,0,0,0.943,0.981,5.33,endurance,0.88,0.166,0.1
ath_038,club_04,2024-01-04,sprints,off-season,17,F,3,71.21,1,4,2,1.0,4.38,1.69,0.737,1,60,7,420,1267.0,2011.3,0.63,0,0,0.866,0.943,5.66,strength,0.89,0.01,0.1
ath_038,club_04,2024-01-05,sprints,off-season,17,F,3,71.21,2,4,4,2.12,3.49,3.71,0.738,1,90,6,540,1157.9,1937.8,0.598,0,0,0.859,0.92,5.4,endurance,0.89,0.159,0.1
ath_038,club_04,2024-01-06,sprints,off-season,17,F,3,71.21,2,2,3,2.19,2.45,3.1,0.624,1,90,9,810,1105.7,1881.4,0.588,0,0,0.956,0.956,5.76,strength,0.87,0.187,0.0
ath_038,club_04,2024-01-07,sprints,off-season,17,F,3,71.21,2,4,3,1.97,3.94,3.12,0.739,1,90,5,450,1007.4,1809.8,0.557,0,0,0.972,0.846,5.09,strength,0.89,0.211,0.1
ath_038,club_04,2024-01-08,sprints,off-season,17,F,3,71.21,2,4,1,2.0,3.96,1.2,0.611,1,60,8,480,928.3,1743.3,0.532,0,0,0.94,0.947,5.52,endurance,0.87,0.174,0.0
ath_038,club_04,2024-01-09,sprints,off-season,17,F,3,71.21,1,3,4,1.6,3.38,4.06,0.789,0,60,8,480,861.0,1680.2,0.512,0,0,0.906,0.965,5.16,strength,0.89,0.042,0.11
ath_038,club_04,2024-01-10,sprints,off-season,17,F,3,71.21,1,4,3,1.0,3.69,3.04,0.783,0,60,8,480,803.9,1620.2,0.496,0,0,0.96,0.94,4.57,strength,0.89,0.063,0.11
ath_038,club_04,2024-01-11,sprints,off-season,17,F,3,71.21,2,2,3,1.83,2.33,2.94,0.63,0,0,0,0,683.3,1539.1,0.444,0,0,0.993,0.83,5.16,strength,0.87,0.132,0.0
ath_038,club_04,2024-01-12,sprints,off-season,17,F,3,71.21,1,5,5,1.32,4.62,5.0,0.953,1,90,8,720,688.8,1498.2,0.46,0,0,0.866,0.901,4.68,endurance,0.92,0.084,0.13
ath_038,club_04,2024-01-13,sprints,off-season,17,F,3,71.21,1,2,5,1.0,2.58,5.0,0.839,1,105,9,945,727.2,1470.5,0.495,0,0,0.819,0.983,4.6,strength,0.9,0.041,0.11
ath_038,club_04,2024-01-14,sprints,off-season,17,F,3,71.21,2,5,3,2.18,4.64,2.89,0.757,0,75,7,525,696.9,1423.3,0.49,0,0,0.925,0.881,5.06,strength,0.89,0.161,0.11
ath_038,club_04,2024-01-15,sprints,off-season,17,F,3,71.21,1,4,5,1.47,4.19,5.0,0.914,0,0,0,0,592.4,1352.1,0.438,0,0,0.767,0.967,4.36,strength,0.91,0.049,0.12
ath_038,club_04,2024-01-16,sprints,pre-comp,17,F,3,71.21,1,4,4,1.06,3.84,3.93,0.848,0,90,8,720,611.5,1320.5,0.463,0,0,0.966,0.805,5.08,speed,0.9,0.1,0.11
ath_038,club_04,2024-01-17,sprints,pre-comp,17,F,3,71.21,4,4,4,4.13,4.21,3.99,0.671,1,0,0,0,519.8,1254.5,0.414,0,0,0.991,0.826,5.61,technique,0.6,0.453,-0.3
ath_038,club_04,2024-01-18,sprints,pre-comp,17,F,3,71.21,1,4,2,1.0,4.03,1.85,0.725,0,60,9,540,522.8,1218.7,0.429,0,0,0.821,0.834,4.94,speed,0.88,0.022,0.1
ath_038,club_04,2024-01-19,sprints,pre-comp,17,F,3,71.21,1,2,2,1.06,2.19,2.06,0.612,1,90,6,540,525.4,1184.8,0.443,0,0,0.827,0.812,5.83,speed,0.87,0.073,0.0
ath_038,club_04,2024-01-20,sprints,pre-comp,17,F,3,71.21,1,4,3,1.0,3.9,2.43,0.755,1,90,5,450,514.1,1148.1,0.448,0,0,0.82,0.94,5.35,technique,0.89,0.082,0.11
ath_038,club_04,2024-01-21,sprints,pre-comp,17,F,3,71.21,1,2,4,1.07,2.18,4.3,0.761,1,105,9,945,578.7,1137.9,0.509,0,0,0.991,0.996,4.78,technique,0.89,0.01,0.11
ath_038,club_04,2024-01-22,sprints,pre-comp,17,F,3,71.21,4,4,4,3.86,4.13,3.79,0.671,1,75,5,375,548.2,1099.8,0.498,0,0,0.993,0.992,5.01,speed,0.6,0.389,-0.3
ath_038,club_04,2024-01-23,sprints,pre-comp,17,F,3,71.21,1,3,4,1.0,2.77,3.47,0.749,0,90,5,450,533.4,1067.3,0.5,0,0,0.856,0.878,5.16,technique,0.89,0.101,0.1
ath_038,club_04,2024-01-24,sprints,pre-comp,17,F,3,71.21,3,4,4,2.37,4.06,4.53,0.814,0,90,8,720,561.4,1049.9,0.535,0,0,0.934,0.865,5.31,technique,0.9,0.29,0.11
ath_038,club_04,2024-01-25,sprints,pre-comp,17,F,3,71.21,3,4,5,3.33,3.89,5.0,0.771,1,90,5,450,544.7,1019.9,0.534,0,0,0.988,0.935,4.89,technique,0.89,0.259,0.11
ath_038,club_04,2024-01-26,sprints,pre-comp,17,F,3,71.21,1,5,2,1.55,4.95,2.11,0.767,1,75,8,600,553.0,998.9,0.554,0,0,0.909,0.933,5.19,technique,0.89,0.061,0.11
ath_038,club_04,2024-01-27,sprints,pre-comp,17,F,3,71.21,2,5,4,2.33,4.88,4.48,0.869,1,0,0,0,470.1,949.0,0.495,0,0,0.881,0.957,4.84,speed,0.91,0.173,0.12
ath_038,club_04,2024-01-28,sprints,pre-comp,17,F,3,71.21,2,5,3,2.45,5.0,3.41,0.797,0,75,5,375,455.8,920.3,0.495,0,0,0.919,0.864,4.74,speed,0.89,0.202,0.11
ath_038,club_04,2024-01-29,sprints,pre-comp,17,F,3,71.21,3,4,5,3.28,3.87,5.0,0.773,1,60,7,420,450.4,895.3,0.503,0,0,0.999,0.952,5.48,technique,0.89,0.305,0.11
ath_038,club_04,2024-01-30,sprints,pre-comp,17,F,3,71.21,1,5,5,1.0,4.69,5.0,0.98,1,105,9,945,524.6,897.7,0.584,0,0,0.801,0.968,4.52,technique,0.92,0.025,0.13
ath_038,club_04,2024-01-31,sprints,competition,17,F,3,71.21,3,4,5,3.38,4.35,5.0,0.798,0,60,6,360,499.9,870.9,0.574,0,0,0.993,0.933,4.89,recovery,0.89,0.291,0.11
ath_038,club_04,2024-02-01,sprints,competition,17,F,3,71.21,1,5,3,1.0,4.8,2.96,0.851,1,0,0,0,424.9,827.3,0.514,0,0,0.887,0.916,4.83,speed,0.9,0.093,0.12
ath_038,club_04,2024-02-02,sprints,competition,17,F,3,71.21,2,5,3,2.23,5.0,2.54,0.754,1,60,7,420,424.2,807.0,0.526,0,0,0.982,0.994,4.66,speed,0.89,0.16,0.11
ath_038,club_04,2024-02-03,sprints,competition,17,F,3,71.21,1,3,4,1.22,3.4,4.05,0.815,0,0,0,0,360.6,766.6,0.47,0,0,0.9,0.945,4.58,speed,0.9,0.072,0.11
ath_038,club_04,2024-02-04,sprints,competition,17,F,3,71.21,2,4,3,1.59,4.28,3.43,0.808,1,75,5,375,362.7,747.0,0.486,0,0,0.988,0.919,5.04,speed,0.9,0.113,0.11
ath_038,club_04,2024-02-05,sprints,competition,17,F,3,71.21,1,4,5,1.0,4.05,4.88,0.929,1,75,7,525,387.1,735.9,0.526,0,0,0.838,0.876,5.28,recovery,0.91,0.041,0.12
ath_038,club_04,2024-02-06,sprints,competition,17,F,3,71.21,2,4,1,2.65,4.42,1.07,0.59,0,60,9,540,410.0,726.1,0.565,0,0,0.809,0.954,5.63,speed,0.86,0.153,0.0
ath_038,club_04,2024-02-07,sprints,competition,17,F,3,71.21,3,4,4,3.09,3.89,4.32,0.741,0,75,8,600,438.5,719.8,0.609,0,0,0.988,0.968,5.02,recovery,0.89,0.244,0.1
ath_038,club_04,2024-02-08,sprints,competition,17,F,3,71.21,1,4,1,1.0,4.31,1.27,0.705,1,75,8,600,462.7,713.8,0.648,0,0,0.971,0.958,6.25,speed,0.88,0.044,0.1
ath_038,club_04,2024-02-09,sprints,competition,17,F,3,71.21,2,5,4,2.14,5.0,4.38,0.883,0,105,8,840,519.3,720.1,0.721,0,0,0.826,0.927,5.2,speed,0.91,0.221,0.12
ath_038,club_04,2024-02-10,sprints,competition,17,F,3,71.21,3,5,4,3.23,4.69,4.55,0.801,1,60,7,420,504.4,705.1,0.715,0,0,0.968,0.958,5.53,speed,0.9,0.319,0.11
ath_038,club_04,2024-02-11,sprints,competition,17,F,3,71.21,3,5,3,3.01,5.0,3.4,0.759,0,75,9,675,530.0,703.6,0.753,0,0,0.948,0.823,5.24,recovery,0.89,0.303,0.11
ath_038,club_04,2024-02-12,sprints,competition,17,F,3,71.21,1,4,4,1.25,4.05,3.86,0.844,1,0,0,0,450.5,668.4,0.674,0,0,0.762,0.848,4.76,recovery,0.9,0.04,0.11
ath_038,club_04,2024-02-13,sprints,competition,17,F,3,71.21,2,4,3,2.29,3.8,2.57,0.672,0,0,0,0,382.9,635.0,0.603,0,0,0.878,0.831,5.49,recovery,0.88,0.119,0.0
ath_038,club_04,2024-02-14,sprints,competition,17,F,3,71.21,4,5,3,4.3,4.69,2.71,0.607,1,105,7,735,435.7,640.0,0.681,0,0,0.974,0.84,5.71,speed,0.6,0.366,-0.3
ath_038,club_04,2024-02-15,sprints,transition,17,F,3,71.21,2,4,3,1.84,3.91,2.64,0.714,0,75,6,450,437.9,630.5,0.694,0,0,0.845,0.867,5.17,recovery,0.88,0.131,0.1
ath_038,club_04,2024-02-16,sprints,transition,17,F,3,71.21,1,4,5,1.0,3.66,5.0,0.911,0,75,6,450,439.7,621.5,0.707,0,0,0.824,0.931,5.21,speed,0.91,0.02,0.12
ath_038,club_04,2024-02-17,sprints,transition,17,F,3,71.21,1,3,4,1.0,2.87,4.12,0.8,0,75,6,450,441.2,612.9,0.72,0,0,0.821,0.966,5.39,recovery,0.89,0.112,0.11
ath_038,club_04,2024-02-18,sprints,transition,17,F,3,71.21,3,4,5,3.69,4.16,4.52,0.733,1,75,6,450,442.6,604.8,0.732,0,0,0.847,0.918,5.27,recovery,0.88,0.281,0.1
ath_038,club_04,2024-02-19,sprints,transition,17,F,3,71.21,2,3,3,1.75,3.2,3.33,0.719,0,60,7,420,439.2,595.5,0.737,0,0,0.925,0.806,5.68,recovery,0.88,0.214,0.1
ath_039,club_05,2024-01-01,middle_distance,off-season,18,M,3,83.86,2,4,4,1.77,3.8,3.97,0.8,0,60,8,480,2057.8,2055.2,1.001,0,0,0.853,0.869,5.58,strength,0.9,0.192,0.11
ath_039,club_05,2024-01-02,middle_distance,off-season,18,M,3,83.86,2,3,1,2.31,3.08,1.7,0.565,1,0,0,0,1749.1,1952.5,0.896,0,0,0.808,0.935,6.82,endurance,0.86,0.178,0.0
ath_039,club_05,2024-01-03,middle_distance,off-season,18,M,3,83.86,2,4,4,1.87,3.64,3.79,0.771,1,75,5,375,1543.0,1873.6,0.824,0,0,0.775,0.938,5.61,endurance,0.89,0.182,0.11
ath_039,club_05,2024-01-04,middle_distance,off-season,18,M,3,83.86,3,4,2,3.29,3.83,1.58,0.541,1,90,6,540,1392.6,1806.9,0.771,0,0,0.986,0.904,5.93,strength,0.86,0.316,0.0
ath_039,club_05,2024-01-05,middle_distance,off-season,18,M,3,83.86,3,3,5,2.72,3.3,5.0,0.772,1,60,7,420,1246.7,1737.6,0.717,0,0,0.792,0.831,5.26,strength,0.89,0.321,0.11
ath_039,club_05,2024-01-06,middle_distance,off-season,18,M,3,83.86,1,5,5,1.0,4.92,4.52,0.963,1,90,9,810,1181.2,1691.2,0.698,0,0,0.782,0.839,4.4,endurance,0.92,0.052,0.13
ath_039,club_05,2024-01-07,middle_distance,off-season,18,M,3,83.86,2,3,3,1.77,3.14,3.14,0.701,1,75,6,450,1071.5,1629.1,0.658,0,0,0.898,0.931,5.2,endurance,0.88,0.15,0.1
ath_039,club_05,2024-01-08,middle_distance,off-season,18,M,3,83.86,2,3,4,2.05,3.15,4.15,0.75,0,75,9,675,1012.0,1581.4,0.64,0,0,0.998,0.914,5.27,strength,0.89,0.165,0.1
ath_039,club_05,2024-01-09,middle_distance,off-season,18,M,3,83.86,2,2,4,1.95,1.71,4.04,0.653,0,0,0,0,860.2,1502.4,0.573,0,0,0.947,0.855,5.61,strength,0.87,0.165,0.0
ath_039,club_05,2024-01-10,middle_distance,off-season,18,M,3,83.86,1,4,4,1.0,3.68,3.71,0.826,0,90,5,450,798.7,1449.7,0.551,0,0,0.776,0.872,5.3,endurance,0.9,0.01,0.11
ath_039,club_05,2024-01-11,middle_distance,off-season,18,M,3,83.86,2,4,2,2.46,4.12,1.57,0.615,1,90,9,810,800.4,1417.7,0.565,0,0,0.917,0.949,4.85,strength,0.87,0.189,0.0
ath_039,club_05,2024-01-12,middle_distance,off-season,18,M,3,83.86,3,4,5,2.7,4.19,4.95,0.829,1,60,5,300,725.3,1361.9,0.533,0,0,0.812,0.918,4.29,endurance,0.9,0.299,0.11
ath_039,club_05,2024-01-13,middle_distance,off-season,18,M,3,83.86,3,5,2,2.78,4.84,2.48,0.702,1,60,5,300,661.5,1308.8,0.505,0,0,0.902,0.992,5.52,endurance,0.88,0.294,0.1
ath_039,club_05,2024-01-14,middle_distance,off-season,18,M,3,83.86,3,2,2,3.23,1.38,1.96,0.407,1,0,0,0,562.3,1243.3,0.452,0,0,0.825,0.916,5.77,recovery,0.84,0.241,0.0
ath_039,club_05,2024-01-15,middle_distance,off-season,18,M,3,83.86,1,4,4,1.0,3.86,4.1,0.864,1,0,0,0,478.0,1181.2,0.405,0,0,0.884,0.897,4.02,strength,0.9,0.022,0.12
ath_039,club_05,2024-01-16,middle_distance,pre-comp,18,M,3,83.86,2,4,5,2.25,3.52,4.72,0.8,1,60,6,360,460.3,1140.1,0.404,0,0,0.943,0.881,4.76,speed,0.89,0.18,0.11
ath_039,club_05,2024-01-17,middle_distance,pre-comp,18,M,3,83.86,2,4,3,1.83,4.29,2.59,0.736,1,90,6,540,472.2,1110.1,0.425,0,0,0.95,0.983,5.08,speed,0.89,0.157,0.1
ath_039,club_05,2024-01-18,middle_distance,pre-comp,18,M,3,83.86,3,3,5,3.17,2.7,5.0,0.702,0,60,6,360,455.4,1072.6,0.425,0,0,0.862,0.904,4.96,speed,0.88,0.312,0.1
ath_039,club_05,2024-01-19,middle_distance,pre-comp,18,M,3,83.86,3,2,5,2.89,1.46,5.0,0.638,1,75,9,675,488.3,1052.7,0.464,0,0,0.997,0.905,5.39,technique,0.87,0.324,0.0
ath_039,club_05,2024-01-20,middle_distance,pre-comp,18,M,3,83.86,2,3,4,2.25,2.74,4.27,0.717,0,90,5,450,482.6,1022.6,0.472,0,0,0.908,0.921,5.37,speed,0.88,0.169,0.1
ath_039,club_05,2024-01-21,middle_distance,pre-comp,18,M,3,83.86,3,4,4,2.49,4.07,3.96,0.77,1,75,7,525,488.9,997.7,0.49,0,0,0.869,0.849,5.34,speed,0.89,0.262,0.11
ath_039,club_05,2024-01-22,middle_distance,pre-comp,18,M,3,83.86,2,5,2,2.37,5.0,1.49,0.675,0,90,8,720,523.6,983.8,0.532,0,0,0.807,0.964,6.35,technique,0.88,0.188,0.0
ath_039,club_05,2024-01-23,middle_distance,pre-comp,18,M,3,83.86,1,5,5,1.11,5.0,4.88,0.984,1,75,9,675,546.3,968.4,0.564,0,0,0.997,0.846,4.82,technique,0.92,0.078,0.13
ath_039,club_05,2024-01-24,middle_distance,pre-comp,18,M,3,83.86,1,4,2,1.0,3.93,1.69,0.708,1,90,8,720,572.4,956.0,0.599,0,0,0.802,0.972,4.68,speed,0.88,0.06,0.1
ath_039,club_05,2024-01-25,middle_distance,pre-comp,18,M,3,83.86,2,3,2,1.85,3.09,1.68,0.594,1,75,7,525,565.3,934.4,0.605,0,0,0.824,0.945,6.53,speed,0.86,0.148,0.0
ath_039,club_05,2024-01-26,middle_distance,pre-comp,18,M,3,83.86,4,5,3,4.13,5.0,3.37,0.683,2,75,6,450,548.0,910.2,0.602,0,0,0.792,0.858,4.6,speed,0.6,0.401,-0.3
ath_039,club_05,2024-01-27,middle_distance,pre-comp,18,M,3,83.86,1,4,2,1.0,3.62,2.04,0.711,0,75,7,525,544.5,890.9,0.611,0,0,0.974,0.995,5.39,speed,0.88,0.014,0.1
ath_039,club_05,2024-01-28,middle_distance,pre-comp,18,M,3,83.86,2,4,4,1.65,3.88,4.1,0.821,1,75,6,450,530.3,868.9,0.61,0,0,0.999,0.949,5.33,speed,0.9,0.144,0.11
ath_039,club_05,2024-01-29,middle_distance,pre-comp,18,M,3,83.86,2,4,5,1.84,3.88,5.0,0.87,0,90,8,720,558.8,861.4,0.649,0,0,0.939,0.974,4.99,speed,0.91,0.161,0.12
ath_039,club_05,2024-01-30,middle_distance,pre-comp,18,M,3,83.86,1,1,3,1.18,1.22,2.66,0.58,1,90,5,450,542.5,840.9,0.645,0,0,0.972,0.971,5.65,technique,0.86,0.044,0.0
ath_039,club_05,2024-01-31,middle_distance,competition,18,M,3,83.86,2,5,3,2.16,5.0,3.77,0.841,0,75,5,375,517.4,817.6,0.633,0,0,0.834,0.962,5.2,recovery,0.9,0.161,0.11
ath_039,club_05,2024-02-01,middle_distance,competition,18,M,3,83.86,1,1,3,1.23,1.11,2.27,0.543,0,75,8,600,529.8,806.7,0.657,0,0,0.97,0.977,5.58,speed,0.86,0.052,0.0
ath_039,club_05,2024-02-02,middle_distance,competition,18,M,3,83.86,2,4,4,1.89,3.78,4.0,0.793,0,75,6,450,517.8,788.9,0.656,0,0,0.764,0.883,5.01,speed,0.89,0.13,0.11
ath_039,club_05,2024-02-03,middle_distance,competition,18,M,3,83.86,3,3,5,3.24,3.13,4.88,0.718,0,75,6,450,507.6,771.9,0.658,0,0,0.833,0.957,5.58,speed,0.88,0.278,0.1
ath_039,club_05,2024-02-04,middle_distance,competition,18,M,3,83.86,3,2,3,3.18,2.66,2.91,0.56,1,60,8,480,503.5,757.3,0.665,0,0,0.854,0.828,5.83,speed,0.86,0.307,0.0
ath_039,club_05,2024-02-05,middle_distance,competition,18,M,3,83.86,1,4,4,1.0,4.0,4.25,0.883,1,60,6,360,482.0,737.5,0.654,0,0,0.869,0.858,5.29,speed,0.91,0.064,0.12
ath_039,club_05,2024-02-06,middle_distance,competition,18,M,3,83.86,1,4,3,1.33,3.61,2.54,0.722,0,75,6,450,477.2,723.1,0.66,0,0,0.862,0.843,4.96,speed,0.88,0.023,0.1
ath_039,club_05,2024-02-07,middle_distance,competition,18,M,3,83.86,4,4,2,3.99,4.02,2.3,0.555,2,60,5,300,450.6,701.9,0.642,0,0,0.931,0.91,5.6,speed,0.6,0.385,-0.3
ath_039,club_05,2024-02-08,middle_distance,competition,18,M,3,83.86,1,3,4,1.0,3.08,3.89,0.798,1,90,6,540,464.0,693.8,0.669,0,0,0.924,0.957,5.51,speed,0.89,0.097,0.11
ath_039,club_05,2024-02-09,middle_distance,competition,18,M,3,83.86,2,4,4,2.51,4.18,3.57,0.749,1,75,9,675,495.6,692.9,0.715,0,0,0.981,0.955,5.4,speed,0.89,0.123,0.1
ath_039,club_05,2024-02-10,middle_distance,competition,18,M,3,83.86,2,3,4,1.59,3.0,4.07,0.766,1,90,7,630,515.8,689.7,0.748,0,0,0.95,0.952,5.1,speed,0.89,0.175,0.11
ath_039,club_05,2024-02-11,middle_distance,competition,18,M,3,83.86,1,2,4,1.0,2.25,3.54,0.719,0,90,5,450,505.9,677.8,0.746,0,0,0.914,0.907,5.84,speed,0.88,0.037,0.1
ath_039,club_05,2024-02-12,middle_distance,competition,18,M,3,83.86,1,3,3,1.42,3.13,2.68,0.692,1,105,8,840,556.0,685.9,0.811,0,0,0.864,0.858,5.05,speed,0.88,0.03,0.0
ath_039,club_05,2024-02-13,middle_distance,competition,18,M,3,83.86,2,3,5,1.66,2.9,4.49,0.781,1,105,5,525,551.4,677.8,0.813,0,0,0.839,0.889,5.63,speed,0.89,0.184,0.11
ath_039,club_05,2024-02-14,middle_distance,competition,18,M,3,83.86,2,3,3,2.45,2.98,2.84,0.625,1,60,6,360,522.7,661.9,0.79,0,0,0.775,0.888,6.5,speed,0.87,0.139,0.0
ath_039,club_05,2024-02-15,middle_distance,transition,18,M,3,83.86,2,3,5,1.68,3.21,4.82,0.824,0,0,0,0,444.3,628.8,0.707,0,0,0.935,0.849,5.39,speed,0.9,0.196,0.11
ath_039,club_05,2024-02-16,middle_distance,transition,18,M,3,83.86,1,4,4,1.0,4.33,3.87,0.88,0,60,8,480,449.6,621.4,0.724,0,0,0.799,0.814,4.26,speed,0.91,0.05,0.12
ath_039,club_05,2024-02-17,middle_distance,transition,18,M,3,83.86,1,4,4,1.0,4.14,4.02,0.878,0,75,7,525,460.9,616.6,0.748,0,0,0.818,0.9,4.98,recovery,0.91,0.022,0.12
ath_039,club_05,2024-02-18,middle_distance,transition,18,M,3,83.86,1,4,3,1.53,3.98,2.68,0.742,1,105,8,840,517.8,627.7,0.825,0,0,0.859,0.919,5.57,speed,0.89,0.075,0.1
ath_039,club_05,2024-02-19,middle_distance,transition,18,M,3,83.86,4,4,2,3.69,3.89,1.57,0.518,2,75,6,450,507.6,618.9,0.82,0,0,0.803,0.87,6.55,recovery,0.6,0.4,-0.3
ath_040,club_01,2024-01-01,throws,off-season,21,M,5,81.3,1,3,4,1.3,2.82,4.56,0.805,1,75,7,525,1170.5,2273.2,0.515,0,0,0.821,0.932,4.39,strength,0.9,0.094,0.11
ath_040,club_01,2024-01-02,throws,off-season,21,M,5,81.3,1,4,3,1.0,4.61,3.08,0.846,0,0,0,0,994.9,2159.6,0.461,0,0,0.765,0.881,4.51,endurance,0.9,0.029,0.11
ath_040,club_01,2024-01-03,throws,off-season,21,M,5,81.3,3,4,4,2.96,4.15,3.84,0.735,0,60,9,540,926.7,2078.6,0.446,0,0,0.802,0.881,4.68,strength,0.89,0.298,0.1
ath_040,club_01,2024-01-04,throws,off-season,21,M,5,81.3,1,3,1,1.18,2.31,1.0,0.542,1,75,9,675,888.9,2008.4,0.443,0,0,0.877,0.913,5.55,strength,0.86,0.108,0.0
ath_040,club_01,2024-01-05,throws,off-season,21,M,5,81.3,2,3,5,2.07,2.78,4.86,0.771,0,60,6,360,809.6,1926.0,0.42,0,0,0.952,0.965,4.77,strength,0.89,0.161,0.11
ath_040,club_01,2024-01-06,throws,off-season,21,M,5,81.3,2,3,4,1.91,3.04,3.8,0.729,1,75,8,600,778.2,1859.7,0.418,0,0,0.93,0.839,5.2,endurance,0.88,0.231,0.1
ath_040,club_01,2024-01-07,throws,off-season,21,M,5,81.3,3,4,4,3.44,3.79,3.91,0.684,0,0,0,0,661.4,1766.7,0.374,0,0,0.818,0.892,5.93,strength,0.88,0.306,0.0
ath_040,club_01,2024-01-08,throws,off-season,21,M,5,81.3,2,4,3,1.86,3.67,3.74,0.77,0,75,5,375,618.5,1697.1,0.364,0,0,0.778,0.881,4.79,strength,0.89,0.176,0.11
ath_040,club_01,2024-01-09,throws,off-season,21,M,5,81.3,4,2,4,4.23,2.12,4.17,0.538,1,75,5,375,582.0,1631.0,0.357,0,0,0.94,0.842,5.84,strength,0.6,0.383,-0.3
ath_040,club_01,2024-01-10,throws,off-season,21,M,5,81.3,2,4,4,1.89,3.81,4.25,0.812,1,75,8,600,584.7,1579.5,0.37,0,0,0.841,0.805,4.74,strength,0.9,0.153,0.11
ath_040,club_01,2024-01-11,throws,off-season,21,M,5,81.3,1,5,4,1.42,5.0,3.94,0.901,1,90,7,630,591.5,1532.0,0.386,0,0,0.88,0.924,4.48,endurance,0.91,0.056,0.12
ath_040,club_01,2024-01-12,throws,off-season,21,M,5,81.3,2,3,5,2.17,2.61,5.0,0.763,0,75,9,675,604.0,1489.1,0.406,0,0,0.843,0.949,5.29,strength,0.89,0.162,0.11
ath_040,club_01,2024-01-13,throws,off-season,21,M,5,81.3,3,2,4,3.15,2.07,3.8,0.581,1,75,7,525,592.1,1440.9,0.411,0,0,0.957,0.993,5.65,strength,0.86,0.223,0.0
ath_040,club_01,2024-01-14,throws,off-season,21,M,5,81.3,2,4,3,2.13,3.76,3.05,0.712,0,75,8,600,593.3,1398.9,0.424,0,0,0.756,0.871,4.58,endurance,0.88,0.207,0.1
ath_040,club_01,2024-01-15,throws,off-season,21,M,5,81.3,2,5,2,1.84,4.71,2.09,0.73,1,75,8,600,594.3,1359.0,0.437,0,0,0.861,0.833,4.14,strength,0.88,0.159,0.1
ath_040,club_01,2024-01-16,throws,pre-comp,21,M,5,81.3,2,4,2,1.91,4.09,1.93,0.674,1,75,7,525,583.9,1317.3,0.443,0,0,0.817,0.804,5.25,speed,0.88,0.127,0.0
ath_040,club_01,2024-01-17,throws,pre-comp,21,M,5,81.3,3,4,4,3.2,4.31,4.03,0.743,1,90,7,630,590.8,1282.9,0.461,0,0,0.926,0.994,4.67,speed,0.89,0.238,0.1
ath_040,club_01,2024-01-18,throws,pre-comp,21,M,5,81.3,3,4,4,2.83,3.51,3.88,0.704,0,90,9,810,623.7,1259.2,0.495,0,0,0.945,0.803,5.03,speed,0.88,0.276,0.1
ath_040,club_01,2024-01-19,throws,pre-comp,21,M,5,81.3,1,4,5,1.71,4.03,4.99,0.887,0,60,9,540,611.2,1223.3,0.5,0,0,0.859,0.95,4.65,speed,0.91,0.087,0.12
ath_040,club_01,2024-01-20,throws,pre-comp,21,M,5,81.3,3,4,4,2.44,3.6,4.2,0.757,0,90,7,630,614.0,1193.6,0.514,0,0,0.79,0.993,4.47,technique,0.89,0.354,0.11
ath_040,club_01,2024-01-21,throws,pre-comp,21,M,5,81.3,4,4,5,3.5,4.14,5.0,0.776,1,60,5,300,566.9,1148.9,0.493,1,0,0.959,0.923,4.59,recovery,0.6,0.574,-0.3
ath_040,club_01,2024-01-22,throws,pre-comp,21,M,5,81.3,5,2,3,4.9,2.18,2.62,0.394,2,75,5,375,538.1,1110.2,0.485,1,0,0.889,0.978,6.39,recovery,0.5,0.685,-0.35
ath_040,club_01,2024-01-23,throws,pre-comp,21,M,5,81.3,4,2,2,4.26,1.89,2.2,0.389,1,75,5,375,513.6,1073.5,0.478,1,0,0.84,0.956,5.45,recovery,0.6,0.572,-0.3
ath_040,club_01,2024-01-24,throws,pre-comp,21,M,5,81.3,4,2,3,4.07,1.98,2.75,0.444,2,105,3,315,483.8,1035.6,0.467,1,0,0.756,0.965,6.1,recovery,0.6,0.58,-0.3
ath_040,club_01,2024-01-25,throws,pre-comp,21,M,5,81.3,4,2,1,4.19,1.66,1.0,0.298,1,75,6,450,478.8,1006.3,0.476,1,0,0.916,0.913,6.5,recovery,0.6,0.581,-0.3
ath_040,club_01,2024-01-26,throws,pre-comp,21,M,5,81.3,4,1,2,3.78,1.0,2.49,0.381,2,75,6,450,474.4,978.5,0.485,1,0,0.88,0.807,6.48,recovery,0.6,0.519,-0.3
ath_040,club_01,2024-01-27,throws,pre-comp,21,M,5,81.3,3,3,2,2.51,3.24,2.72,0.63,0,75,6,450,470.8,952.0,0.494,1,0,0.85,0.858,5.83,recovery,0.75,0.468,0.0
ath_040,club_01,2024-01-28,throws,pre-comp,21,M,5,81.3,4,2,1,4.39,2.3,1.0,0.327,2,60,5,300,445.2,919.4,0.484,1,0,0.887,0.955,6.52,recovery,0.6,0.556,-0.3
ath_040,club_01,2024-01-29,throws,pre-comp,21,M,5,81.3,5,3,3,4.89,2.5,3.08,0.446,2,75,6,450,445.9,896.0,0.498,1,0,0.923,0.889,6.12,recovery,0.5,0.607,-0.35
ath_040,club_01,2024-01-30,throws,pre-comp,21,M,5,81.3,5,3,3,5.0,2.81,2.95,0.45,1,90,6,540,460.0,878.2,0.524,1,0,0.972,0.839,6.63,recovery,0.5,0.668,-0.35
ath_040,club_01,2024-01-31,throws,competition,21,M,5,81.3,4,2,2,4.47,2.23,2.09,0.39,2,75,5,375,447.3,853.0,0.524,1,0,0.887,0.88,6.35,recovery,0.6,0.565,-0.3
ath_040,club_01,2024-02-01,throws,competition,21,M,5,81.3,4,3,3,3.42,3.32,3.19,0.606,2,90,5,450,447.7,832.9,0.538,1,0,0.84,0.97,5.26,recovery,0.6,0.492,-0.3
ath_040,club_01,2024-02-02,throws,competition,21,M,5,81.3,4,1,1,4.21,1.0,1.04,0.255,2,75,6,450,448.0,813.7,0.551,0,0,0.943,0.9,6.08,recovery,0.6,0.427,-0.3
ath_040,club_01,2024-02-03,throws,competition,21,M,5,81.3,1,3,4,1.0,3.02,4.61,0.842,0,75,9,675,482.1,806.8,0.598,0,0,0.871,0.885,4.47,speed,0.9,0.052,0.11
ath_040,club_01,2024-02-04,throws,competition,21,M,5,81.3,1,4,4,1.31,4.04,4.33,0.87,0,75,5,375,466.0,785.2,0.593,0,0,0.9,0.94,5.07,speed,0.91,0.065,0.12
ath_040,club_01,2024-02-05,throws,competition,21,M,5,81.3,1,5,3,1.45,5.0,2.86,0.828,0,0,0,0,396.1,745.9,0.531,0,0,0.944,0.925,5.71,recovery,0.9,0.082,0.11
ath_040,club_01,2024-02-06,throws,competition,21,M,5,81.3,2,4,4,2.2,4.39,4.5,0.846,1,90,7,630,431.2,740.1,0.583,0,0,0.895,0.865,5.53,speed,0.9,0.16,0.11
ath_040,club_01,2024-02-07,throws,competition,21,M,5,81.3,3,3,3,2.54,3.36,3.0,0.655,1,75,7,525,445.3,729.4,0.61,0,0,0.925,0.933,5.85,speed,0.87,0.272,0.0
ath_040,club_01,2024-02-08,throws,competition,21,M,5,81.3,4,3,2,3.97,3.59,1.64,0.484,1,60,7,420,441.5,713.9,0.618,0,0,0.89,0.936,6.65,recovery,0.6,0.39,-0.3
ath_040,club_01,2024-02-09,throws,competition,21,M,5,81.3,3,5,3,3.39,5.0,2.94,0.704,1,0,0,0,375.3,678.2,0.553,0,0,0.831,0.849,5.65,speed,0.88,0.317,0.1
ath_040,club_01,2024-02-10,throws,competition,21,M,5,81.3,3,4,3,2.97,4.08,3.4,0.701,1,75,5,375,375.2,663.1,0.566,0,0,0.902,0.909,5.4,speed,0.88,0.316,0.1
ath_040,club_01,2024-02-11,throws,competition,21,M,5,81.3,3,4,4,2.27,4.33,3.43,0.766,1,105,6,630,413.4,661.4,0.625,0,0,0.796,0.913,5.18,speed,0.89,0.331,0.11
ath_040,club_01,2024-02-12,throws,competition,21,M,5,81.3,2,3,3,2.37,3.26,3.65,0.703,0,75,5,375,407.7,647.1,0.63,0,0,0.915,0.899,5.27,speed,0.88,0.123,0.1
ath_040,club_01,2024-02-13,throws,competition,21,M,5,81.3,1,4,4,1.37,3.74,4.01,0.826,0,105,9,945,488.3,662.0,0.738,0,0,0.833,0.828,5.51,speed,0.9,0.041,0.11
ath_040,club_01,2024-02-14,throws,competition,21,M,5,81.3,1,4,5,1.0,4.16,5.0,0.944,0,105,6,630,509.5,660.4,0.772,0,0,0.872,0.957,4.23,recovery,0.92,0.056,0.12
ath_040,club_01,2024-02-15,throws,transition,21,M,5,81.3,3,4,4,3.32,3.89,3.98,0.703,0,90,8,720,541.1,663.4,0.816,0,0,0.906,0.838,5.64,speed,0.88,0.267,0.1
ath_040,club_01,2024-02-16,throws,transition,21,M,5,81.3,3,3,2,2.96,3.17,1.97,0.545,0,75,8,600,549.9,660.2,0.833,0,0,0.899,0.914,6.41,speed,0.86,0.293,0.0
ath_040,club_01,2024-02-17,throws,transition,21,M,5,81.3,2,2,5,1.78,1.85,4.62,0.713,1,75,7,525,546.2,653.4,0.836,0,0,0.826,0.955,5.51,speed,0.88,0.119,0.1
ath_040,club_01,2024-02-18,throws,transition,21,M,5,81.3,1,4,4,1.0,3.88,4.12,0.867,1,60,6,360,518.3,638.8,0.811,0,0,0.866,0.967,5.25,speed,0.91,0.047,0.12
ath_040,club_01,2024-02-19,throws,transition,21,M,5,81.3,2,4,5,1.65,3.51,4.8,0.844,0,90,5,450,508.0,629.3,0.807,0,0,0.866,0.911,5.15,speed,0.9,0.188,0.11
ath_041,club_02,2024-01-01,sprints,off-season,23,M,5,81.16,2,2,2,2.61,1.9,1.71,0.466,1,0,0,0,1086.1,2182.2,0.498,0,0,0.957,0.846,6.05,endurance,0.84,0.145,0.0
ath_041,club_02,2024-01-02,sprints,off-season,23,M,5,81.16,1,2,5,1.0,2.3,5.0,0.82,0,60,8,480,995.2,2097.1,0.475,0,0,0.968,0.98,4.53,strength,0.9,0.042,0.11
ath_041,club_02,2024-01-03,sprints,off-season,23,M,5,81.16,2,3,4,1.83,2.97,4.32,0.764,0,90,8,720,953.9,2028.3,0.47,0,0,0.864,0.859,4.47,endurance,0.89,0.193,0.11
ath_041,club_02,2024-01-04,sprints,off-season,23,M,5,81.16,3,4,4,3.31,4.06,3.92,0.711,0,75,5,375,867.1,1945.6,0.446,0,0,0.842,0.925,5.98,endurance,0.88,0.267,0.1
ath_041,club_02,2024-01-05,sprints,off-season,23,M,5,81.16,1,3,3,1.0,3.28,3.4,0.779,1,60,5,300,782.0,1863.3,0.42,0,0,0.829,0.809,4.36,endurance,0.89,0.073,0.11
ath_041,club_02,2024-01-06,sprints,off-season,23,M,5,81.16,1,1,5,1.0,1.09,5.0,0.739,0,105,5,525,743.4,1796.4,0.414,0,0,0.925,0.974,4.82,strength,0.89,0.039,0.1
ath_041,club_02,2024-01-07,sprints,off-season,23,M,5,81.16,1,1,5,1.0,1.26,4.17,0.695,0,60,5,300,676.9,1721.6,0.393,0,0,0.941,0.852,4.61,endurance,0.88,0.087,0.0
ath_041,club_02,2024-01-08,sprints,off-season,23,M,5,81.16,1,3,5,1.47,3.12,4.64,0.82,0,0,0,0,575.4,1635.5,0.352,0,0,0.984,0.803,5.07,strength,0.9,0.035,0.11
ath_041,club_02,2024-01-09,sprints,off-season,23,M,5,81.16,3,5,4,3.03,5.0,3.64,0.774,0,60,7,420,552.1,1574.7,0.351,0,0,0.84,0.911,4.28,strength,0.89,0.32,0.11
ath_041,club_02,2024-01-10,sprints,off-season,23,M,5,81.16,1,4,4,1.11,4.07,4.12,0.872,1,75,6,450,536.8,1518.5,0.353,0,0,0.842,0.907,4.39,endurance,0.91,0.038,0.12
ath_041,club_02,2024-01-11,sprints,off-season,23,M,5,81.16,3,2,5,2.88,2.48,4.56,0.678,1,75,6,450,523.8,1465.1,0.357,0,0,0.926,0.872,4.83,strength,0.88,0.32,0.0
ath_041,club_02,2024-01-12,sprints,off-season,23,M,5,81.16,3,3,5,2.89,3.31,5.0,0.762,1,0,0,0,445.2,1391.8,0.32,0,0,0.818,0.964,4.66,endurance,0.89,0.34,0.11
ath_041,club_02,2024-01-13,sprints,off-season,23,M,5,81.16,1,4,1,1.17,3.49,1.0,0.622,1,90,7,630,472.9,1353.7,0.349,0,0,0.755,0.812,4.91,strength,0.87,0.049,0.0
ath_041,club_02,2024-01-14,sprints,off-season,23,M,5,81.16,1,2,5,1.32,2.12,5.0,0.787,0,90,5,450,469.5,1308.5,0.359,0,0,0.973,0.801,4.79,strength,0.89,0.099,0.11
ath_041,club_02,2024-01-15,sprints,off-season,23,M,5,81.16,2,4,5,2.39,4.31,4.61,0.835,1,90,6,540,480.1,1270.1,0.378,0,0,0.857,0.815,4.1,strength,0.9,0.148,0.11
ath_041,club_02,2024-01-16,sprints,pre-comp,23,M,5,81.16,2,5,5,2.01,5.0,5.0,0.933,1,75,6,450,475.5,1229.1,0.387,0,0,0.819,0.891,4.32,speed,0.91,0.164,0.12
ath_041,club_02,2024-01-17,sprints,pre-comp,23,M,5,81.16,2,3,5,2.37,2.62,4.95,0.747,0,0,0,0,404.2,1167.7,0.346,0,0,0.891,0.829,4.86,technique,0.89,0.161,0.1
ath_041,club_02,2024-01-18,sprints,pre-comp,23,M,5,81.16,1,4,4,1.0,4.06,4.17,0.882,1,60,7,420,406.6,1130.3,0.36,0,0,0.81,0.802,4.07,technique,0.91,0.048,0.12
ath_041,club_02,2024-01-19,sprints,pre-comp,23,M,5,81.16,1,4,4,1.0,3.92,3.52,0.83,0,75,8,600,435.6,1103.8,0.395,0,0,0.821,0.89,4.86,speed,0.9,0.069,0.11
ath_041,club_02,2024-01-20,sprints,pre-comp,23,M,5,81.16,1,3,4,1.28,2.72,3.87,0.754,1,75,6,450,437.8,1071.1,0.409,0,0,0.957,0.851,5.64,speed,0.89,0.054,0.11
ath_041,club_02,2024-01-21,sprints,pre-comp,23,M,5,81.16,2,4,4,1.72,4.25,3.71,0.816,1,75,7,525,450.8,1043.8,0.432,0,0,0.976,0.988,5.05,speed,0.9,0.134,0.11
ath_041,club_02,2024-01-22,sprints,pre-comp,23,M,5,81.16,4,3,4,3.99,2.47,4.23,0.581,1,60,9,540,464.2,1018.6,0.456,0,0,0.833,0.821,5.94,technique,0.6,0.408,-0.3
ath_041,club_02,2024-01-23,sprints,pre-comp,23,M,5,81.16,3,3,4,2.69,2.93,3.72,0.664,0,75,7,525,473.3,993.9,0.476,0,0,0.754,0.976,4.77,technique,0.87,0.336,0.0
ath_041,club_02,2024-01-24,sprints,pre-comp,23,M,5,81.16,2,3,5,2.14,3.33,4.64,0.789,0,75,9,675,503.6,978.0,0.515,0,0,0.995,0.911,4.48,speed,0.89,0.21,0.11
ath_041,club_02,2024-01-25,sprints,pre-comp,23,M,5,81.16,2,4,4,2.21,4.35,3.92,0.804,0,90,7,630,522.5,960.6,0.544,0,0,0.974,0.872,5.15,speed,0.9,0.135,0.11
ath_041,club_02,2024-01-26,sprints,pre-comp,23,M,5,81.16,2,2,5,1.82,1.99,4.93,0.74,1,60,6,360,498.2,930.5,0.535,0,0,0.864,0.964,5.46,technique,0.89,0.199,0.1
ath_041,club_02,2024-01-27,sprints,pre-comp,23,M,5,81.16,1,4,3,1.01,4.21,2.88,0.806,1,90,6,540,504.4,911.0,0.554,0,0,0.781,0.82,4.73,speed,0.9,0.051,0.11
ath_041,club_02,2024-01-28,sprints,pre-comp,23,M,5,81.16,2,4,4,2.05,3.82,4.27,0.803,0,105,8,840,554.8,907.5,0.611,0,0,0.998,0.877,4.75,speed,0.9,0.176,0.11
ath_041,club_02,2024-01-29,sprints,pre-comp,23,M,5,81.16,3,3,3,3.42,3.4,2.67,0.577,0,75,8,600,561.6,892.1,0.629,0,0,0.998,0.87,5.97,speed,0.86,0.303,0.0
ath_041,club_02,2024-01-30,sprints,pre-comp,23,M,5,81.16,1,3,3,1.0,2.94,3.49,0.762,1,75,6,450,544.8,870.0,0.626,0,0,0.853,0.922,5.79,speed,0.89,0.072,0.11
ath_041,club_02,2024-01-31,sprints,competition,23,M,5,81.16,2,4,4,1.72,3.51,3.68,0.765,1,60,6,360,517.1,844.5,0.612,0,0,0.851,0.967,5.84,speed,0.89,0.224,0.11
ath_041,club_02,2024-02-01,sprints,competition,23,M,5,81.16,2,4,5,2.52,4.09,5.0,0.838,1,60,7,420,502.5,823.3,0.61,0,0,0.85,0.928,5.39,speed,0.9,0.142,0.11
ath_041,club_02,2024-02-02,sprints,competition,23,M,5,81.16,1,3,4,1.0,2.49,3.96,0.763,0,90,9,810,548.7,822.6,0.667,0,0,0.752,0.842,5.57,recovery,0.89,0.064,0.11
ath_041,club_02,2024-02-03,sprints,competition,23,M,5,81.16,2,2,4,1.84,2.16,4.37,0.712,1,105,5,525,545.1,807.7,0.675,0,0,0.945,0.984,5.81,speed,0.88,0.154,0.1
ath_041,club_02,2024-02-04,sprints,competition,23,M,5,81.16,1,3,4,1.12,2.71,4.27,0.79,0,90,7,630,557.8,798.8,0.698,0,0,0.938,0.982,4.79,speed,0.89,0.064,0.11
ath_041,club_02,2024-02-05,sprints,competition,23,M,5,81.16,2,4,4,2.07,3.08,4.01,0.734,1,60,7,420,537.2,779.9,0.689,0,0,0.974,0.924,6.23,speed,0.89,0.135,0.1
ath_041,club_02,2024-02-06,sprints,competition,23,M,5,81.16,3,4,5,3.13,3.8,5.0,0.778,1,75,5,375,512.8,759.6,0.675,0,0,0.919,0.945,5.26,speed,0.89,0.269,0.11
ath_041,club_02,2024-02-07,sprints,competition,23,M,5,81.16,1,3,5,1.18,3.17,5.0,0.866,1,90,6,540,516.9,748.7,0.69,0,0,0.933,0.837,5.73,recovery,0.9,0.09,0.12
ath_041,club_02,2024-02-08,sprints,competition,23,M,5,81.16,2,4,4,2.19,3.67,4.41,0.793,1,105,8,840,565.4,753.2,0.751,0,0,0.921,0.923,5.51,recovery,0.89,0.163,0.11
ath_041,club_02,2024-02-09,sprints,competition,23,M,5,81.16,1,5,3,1.25,5.0,3.36,0.874,0,105,7,735,590.8,752.3,0.785,0,0,0.998,0.846,5.22,speed,0.91,0.071,0.12
ath_041,club_02,2024-02-10,sprints,competition,23,M,5,81.16,2,5,4,1.22,4.67,4.42,0.924,0,75,7,525,580.9,740.9,0.784,0,0,0.844,0.9,5.13,speed,0.91,0.167,0.12
ath_041,club_02,2024-02-11,sprints,competition,23,M,5,81.16,3,4,3,3.09,4.01,2.68,0.64,1,75,6,450,561.3,726.4,0.773,0,0,0.76,0.967,5.66,speed,0.87,0.284,0.0
ath_041,club_02,2024-02-12,sprints,competition,23,M,5,81.16,1,4,4,1.14,3.47,4.02,0.823,1,60,7,420,540.1,711.1,0.76,0,0,0.935,0.948,5.92,speed,0.9,0.076,0.11
ath_041,club_02,2024-02-13,sprints,competition,23,M,5,81.16,3,2,5,2.87,2.14,4.89,0.677,0,60,9,540,540.1,702.5,0.769,0,0,0.769,0.849,5.77,speed,0.88,0.296,0.0
ath_041,club_02,2024-02-14,sprints,competition,23,M,5,81.16,3,5,3,3.11,4.36,3.29,0.703,0,60,6,360,513.1,685.4,0.749,0,0,0.822,0.882,5.26,speed,0.88,0.306,0.1
ath_041,club_02,2024-02-15,sprints,transition,23,M,5,81.16,1,5,5,1.06,4.83,4.71,0.965,1,0,0,0,436.1,651.1,0.67,0,0,0.864,0.902,4.62,speed,0.92,0.045,0.13
ath_041,club_02,2024-02-16,sprints,transition,23,M,5,81.16,2,2,2,1.91,1.88,1.94,0.527,1,60,5,300,415.7,633.6,0.656,0,0,0.979,0.882,5.99,speed,0.85,0.159,0.0
ath_041,club_02,2024-02-17,sprints,transition,23,M,5,81.16,2,1,4,1.76,1.01,3.97,0.614,0,60,8,480,425.3,625.9,0.68,0,0,0.929,0.848,5.57,speed,0.87,0.157,0.0
ath_041,club_02,2024-02-18,sprints,transition,23,M,5,81.16,2,3,5,2.14,2.97,5.0,0.789,0,90,8,720,469.5,630.6,0.745,0,0,0.824,0.834,5.63,speed,0.89,0.152,0.11
ath_041,club_02,2024-02-19,sprints,transition,23,M,5,81.16,4,4,4,4.33,3.78,4.23,0.645,2,0,0,0,399.1,599.1,0.666,0,0,0.769,0.899,6.18,speed,0.6,0.372,-0.3
ath_042,club_03,2024-01-01,throws,off-season,25,M,3,74.63,1,3,3,1.0,3.38,2.86,0.749,0,75,5,375,1463.1,1582.6,0.925,0,0,0.88,0.821,6.04,strength,0.89,0.033,0.1
ath_042,club_03,2024-01-02,throws,off-season,25,M,3,74.63,1,4,1,1.0,3.88,1.0,0.659,1,75,5,375,1299.9,1522.2,0.854,0,0,0.988,0.985,6.35,endurance,0.87,0.044,0.0
ath_042,club_03,2024-01-03,throws,off-season,25,M,3,74.63,1,3,5,1.0,2.85,5.0,0.856,0,75,7,525,1183.7,1472.3,0.804,0,0,0.869,0.813,5.0,strength,0.9,0.083,0.12
ath_042,club_03,2024-01-04,throws,off-season,25,M,3,74.63,3,4,1,2.84,4.01,1.0,0.545,1,105,7,735,1116.4,1435.5,0.778,0,0,0.77,0.802,7.01,strength,0.86,0.32,0.0
ath_042,club_03,2024-01-05,throws,off-season,25,M,3,74.63,1,5,2,1.0,5.0,2.06,0.804,1,60,8,480,1020.9,1387.7,0.736,0,0,0.847,0.824,5.19,endurance,0.9,0.07,0.11
ath_042,club_03,2024-01-06,throws,off-season,25,M,3,74.63,1,3,5,1.0,3.05,5.0,0.87,1,90,9,810,989.3,1358.8,0.728,0,0,0.866,0.852,5.75,strength,0.91,0.045,0.12
ath_042,club_03,2024-01-07,throws,off-season,25,M,3,74.63,1,3,5,1.0,2.82,4.81,0.842,1,90,9,810,962.4,1331.4,0.723,0,0,0.917,0.834,6.08,strength,0.9,0.033,0.11
ath_042,club_03,2024-01-08,throws,off-season,25,M,3,74.63,1,4,4,1.0,4.34,3.87,0.881,0,90,5,450,885.5,1287.3,0.688,0,0,0.985,0.935,5.44,endurance,0.91,0.095,0.12
ath_042,club_03,2024-01-09,throws,off-season,25,M,3,74.63,1,4,3,1.0,3.84,2.78,0.775,1,90,9,810,874.2,1263.4,0.692,0,0,0.784,0.805,5.45,endurance,0.89,0.022,0.11
ath_042,club_03,2024-01-10,throws,off-season,25,M,3,74.63,1,5,4,1.0,4.38,4.04,0.895,1,105,5,525,821.8,1226.5,0.67,0,0,0.955,0.883,5.17,endurance,0.91,0.07,0.12
ath_042,club_03,2024-01-11,throws,off-season,25,M,3,74.63,1,4,4,1.4,4.1,3.79,0.833,0,75,5,375,754.8,1183.9,0.638,0,0,0.79,0.842,5.12,endurance,0.9,0.017,0.11
ath_042,club_03,2024-01-12,throws,off-season,25,M,3,74.63,3,4,2,2.66,4.32,1.88,0.636,0,75,8,600,731.6,1154.7,0.634,0,0,0.982,0.813,6.07,strength,0.87,0.25,0.0
ath_042,club_03,2024-01-13,throws,off-season,25,M,3,74.63,2,1,4,2.02,1.0,4.22,0.613,0,90,8,720,729.8,1133.0,0.644,0,0,0.94,0.937,5.75,strength,0.87,0.187,0.0
ath_042,club_03,2024-01-14,throws,off-season,25,M,3,74.63,4,4,1,4.07,3.98,1.0,0.461,2,75,9,675,721.6,1110.1,0.65,0,0,0.939,0.847,6.19,strength,0.6,0.4,-0.3
ath_042,club_03,2024-01-15,throws,off-season,25,M,3,74.63,1,1,3,1.0,1.0,2.58,0.572,1,75,5,375,669.6,1073.3,0.624,0,0,0.775,0.835,5.51,strength,0.86,0.085,0.0
ath_042,club_03,2024-01-16,throws,pre-comp,25,M,3,74.63,1,5,5,1.0,5.0,5.0,1.0,1,90,8,720,677.2,1055.7,0.641,0,0,0.781,0.809,4.52,technique,0.92,0.061,0.13
ath_042,club_03,2024-01-17,throws,pre-comp,25,M,3,74.63,1,5,5,1.0,4.47,4.71,0.945,0,105,9,945,717.4,1050.1,0.683,0,0,0.947,0.97,5.26,technique,0.92,0.054,0.12
ath_042,club_03,2024-01-18,throws,pre-comp,25,M,3,74.63,2,5,3,2.2,4.75,3.26,0.787,1,0,0,0,609.7,997.6,0.611,0,0,0.807,0.893,5.17,technique,0.89,0.162,0.11
ath_042,club_03,2024-01-19,throws,pre-comp,25,M,3,74.63,1,4,5,1.0,3.66,5.0,0.91,0,90,5,450,585.8,970.3,0.604,0,0,0.874,0.871,4.16,speed,0.91,0.017,0.12
ath_042,club_03,2024-01-20,throws,pre-comp,25,M,3,74.63,2,4,4,1.81,3.84,4.14,0.812,0,0,0,0,497.9,921.7,0.54,0,0,0.795,0.817,5.71,technique,0.9,0.152,0.11
ath_042,club_03,2024-01-21,throws,pre-comp,25,M,3,74.63,2,4,4,2.67,3.61,3.73,0.711,1,75,5,375,479.5,894.4,0.536,0,0,0.977,0.886,5.77,technique,0.88,0.198,0.1
ath_042,club_03,2024-01-22,throws,pre-comp,25,M,3,74.63,1,4,5,1.09,3.83,5.0,0.916,1,60,7,420,470.6,870.7,0.54,0,0,0.853,0.847,4.11,technique,0.91,0.079,0.12
ath_042,club_03,2024-01-23,throws,pre-comp,25,M,3,74.63,1,4,4,1.0,3.67,4.01,0.846,0,0,0,0,400.0,827.2,0.484,0,0,0.962,0.942,4.57,technique,0.9,0.089,0.11
ath_042,club_03,2024-01-24,throws,pre-comp,25,M,3,74.63,2,4,2,2.05,3.96,2.11,0.668,0,75,8,600,430.0,815.8,0.527,0,0,0.901,0.994,5.36,technique,0.88,0.181,0.0
ath_042,club_03,2024-01-25,throws,pre-comp,25,M,3,74.63,1,4,4,1.2,4.56,4.09,0.897,0,75,9,675,466.7,808.8,0.577,0,0,0.809,0.984,5.17,speed,0.91,0.106,0.12
ath_042,club_03,2024-01-26,throws,pre-comp,25,M,3,74.63,1,5,3,1.0,4.89,2.99,0.859,1,60,9,540,477.7,795.3,0.601,0,0,0.995,0.87,4.72,speed,0.9,0.071,0.12
ath_042,club_03,2024-01-27,throws,pre-comp,25,M,3,74.63,1,4,3,1.06,3.65,2.91,0.767,1,75,5,375,462.3,774.3,0.597,0,0,0.957,0.875,5.08,speed,0.89,0.087,0.11
ath_042,club_03,2024-01-28,throws,pre-comp,25,M,3,74.63,2,4,5,1.89,3.94,4.8,0.857,1,60,5,300,438.0,750.6,0.583,0,0,0.843,0.872,5.16,technique,0.9,0.129,0.12
ath_042,club_03,2024-01-29,throws,pre-comp,25,M,3,74.63,1,4,1,1.0,3.54,1.2,0.649,1,75,9,675,473.5,746.8,0.634,0,0,0.976,0.929,6.07,technique,0.87,0.036,0.0
ath_042,club_03,2024-01-30,throws,pre-comp,25,M,3,74.63,2,3,3,1.76,3.07,2.86,0.678,0,75,5,375,458.7,728.2,0.63,0,0,0.808,0.959,4.92,speed,0.88,0.176,0.0
ath_042,club_03,2024-01-31,throws,competition,25,M,3,74.63,3,3,3,3.19,2.68,2.76,0.55,0,75,9,675,491.2,725.6,0.677,0,0,0.919,0.896,6.18,recovery,0.86,0.263,0.0
ath_042,club_03,2024-02-01,throws,competition,25,M,3,74.63,3,3,4,2.94,3.02,3.8,0.659,1,60,5,300,462.5,704.3,0.657,0,0,0.777,0.84,5.94,recovery,0.87,0.312,0.0
ath_042,club_03,2024-02-02,throws,competition,25,M,3,74.63,3,4,5,3.07,4.36,4.66,0.797,1,75,5,375,449.4,687.8,0.653,0,0,0.782,0.824,5.04,speed,0.89,0.249,0.11
ath_042,club_03,2024-02-03,throws,competition,25,M,3,74.63,1,5,3,1.0,5.0,3.06,0.871,0,105,7,735,492.2,690.2,0.713,0,0,0.923,0.924,5.25,speed,0.91,0.06,0.12
ath_042,club_03,2024-02-04,throws,competition,25,M,3,74.63,2,5,5,1.99,4.95,4.79,0.917,0,75,6,450,485.9,678.2,0.716,0,0,0.9,0.915,4.52,speed,0.91,0.19,0.12
ath_042,club_03,2024-02-05,throws,competition,25,M,3,74.63,4,2,2,3.78,2.29,2.17,0.445,1,90,5,450,480.5,666.8,0.721,0,0,0.777,0.923,6.53,recovery,0.6,0.447,-0.3
ath_042,club_03,2024-02-06,throws,competition,25,M,3,74.63,4,4,4,3.93,4.09,4.25,0.694,2,90,5,450,475.9,655.9,0.726,1,0,0.98,0.898,5.09,recovery,0.6,0.575,-0.3
ath_042,club_03,2024-02-07,throws,competition,25,M,3,74.63,5,2,2,5.0,1.47,1.84,0.287,1,75,4,300,449.5,638.1,0.704,1,0,0.983,0.906,6.98,recovery,0.5,0.72,-0.35
ath_042,club_03,2024-02-08,throws,competition,25,M,3,74.63,5,2,1,4.76,2.22,1.0,0.297,1,90,5,450,449.6,628.7,0.715,1,0,0.917,0.916,6.51,recovery,0.5,0.724,-0.35
ath_042,club_03,2024-02-09,throws,competition,25,M,3,74.63,3,2,2,2.3,1.87,1.92,0.499,0,0,0,0,382.2,597.3,0.64,1,0,0.939,0.814,6.19,recovery,0.75,0.449,0.0
ath_042,club_03,2024-02-10,throws,competition,25,M,3,74.63,4,2,2,3.47,1.79,1.9,0.414,2,75,4,300,369.8,582.4,0.635,1,0,0.861,0.875,5.72,recovery,0.6,0.566,-0.3
ath_042,club_03,2024-02-11,throws,competition,25,M,3,74.63,5,1,3,4.98,1.25,2.75,0.335,1,90,3,270,354.9,566.8,0.626,1,0,0.906,0.923,6.38,recovery,0.5,0.629,-0.35
ath_042,club_03,2024-02-12,throws,competition,25,M,3,74.63,4,1,2,3.58,1.4,2.68,0.433,1,60,5,300,346.6,553.5,0.626,1,0,0.866,0.941,6.24,recovery,0.6,0.555,-0.3
ath_042,club_03,2024-02-13,throws,competition,25,M,3,74.63,4,2,1,4.81,1.83,1.22,0.283,1,75,6,450,362.1,548.3,0.66,0,0,0.817,0.9,6.68,recovery,0.6,0.368,-0.3
ath_042,club_03,2024-02-14,throws,competition,25,M,3,74.63,2,3,5,1.67,3.48,4.6,0.827,1,75,8,600,397.8,550.9,0.722,0,0,0.986,0.892,5.76,recovery,0.9,0.218,0.11
ath_042,club_03,2024-02-15,throws,transition,25,M,3,74.63,1,4,4,1.07,3.49,3.48,0.793,1,90,5,450,405.6,545.8,0.743,0,0,0.961,0.889,5.57,speed,0.89,0.011,0.11
ath_042,club_03,2024-02-16,throws,transition,25,M,3,74.63,2,5,4,2.3,5.0,4.02,0.848,1,60,7,420,407.8,539.5,0.756,0,0,0.973,0.833,4.99,speed,0.9,0.131,0.11
ath_042,club_03,2024-02-17,throws,transition,25,M,3,74.63,3,4,4,2.57,4.49,3.96,0.792,1,75,8,600,436.6,542.6,0.805,0,0,0.951,0.899,5.79,speed,0.89,0.301,0.11
ath_042,club_03,2024-02-18,throws,transition,25,M,3,74.63,2,5,4,1.84,5.0,3.99,0.877,0,90,7,630,465.6,546.9,0.851,0,0,0.771,0.808,5.11,speed,0.91,0.201,0.12
ath_042,club_03,2024-02-19,throws,transition,25,M,3,74.63,3,4,4,3.15,4.35,4.45,0.777,0,75,7,525,474.5,545.8,0.869,0,0,0.88,0.994,5.48,recovery,0.89,0.327,0.11
ath_043,club_04,2024-01-01,jumps,off-season,19,M,9,76.17,3,4,4,3.26,4.64,4.48,0.791,1,105,8,840,1490.2,2234.0,0.667,0,0,0.795,0.81,5.74,endurance,0.89,0.285,0.11
ath_043,club_04,2024-01-02,jumps,off-season,19,M,9,76.17,1,4,3,1.0,3.88,2.6,0.765,1,60,7,420,1329.7,2143.3,0.62,0,0,0.925,0.967,4.92,strength,0.89,0.032,0.11
ath_043,club_04,2024-01-03,jumps,off-season,19,M,9,76.17,2,5,3,1.84,4.78,2.76,0.781,1,75,5,375,1186.5,2054.9,0.577,0,0,0.833,0.976,4.68,strength,0.89,0.182,0.11
ath_043,club_04,2024-01-04,jumps,off-season,19,M,9,76.17,2,5,4,1.95,4.97,4.03,0.87,1,0,0,0,1008.5,1952.1,0.517,0,0,0.994,0.987,4.41,strength,0.91,0.206,0.12
ath_043,club_04,2024-01-05,jumps,off-season,19,M,9,76.17,1,4,4,1.29,4.12,4.56,0.892,0,60,6,360,911.2,1872.5,0.487,0,0,0.87,0.972,5.38,strength,0.91,0.083,0.12
ath_043,club_04,2024-01-06,jumps,off-season,19,M,9,76.17,1,5,5,1.2,5.0,5.0,0.987,1,75,6,450,842.1,1801.4,0.467,0,0,0.753,0.905,5.0,strength,0.92,0.074,0.13
ath_043,club_04,2024-01-07,jumps,off-season,19,M,9,76.17,1,4,3,1.06,3.89,3.43,0.818,1,75,6,450,783.2,1733.8,0.452,0,0,0.842,0.984,4.75,endurance,0.9,0.06,0.11
ath_043,club_04,2024-01-08,jumps,off-season,19,M,9,76.17,1,4,1,1.0,4.23,1.0,0.682,1,105,7,735,776.0,1683.9,0.461,0,0,0.961,0.822,5.13,strength,0.88,0.04,0.0
ath_043,club_04,2024-01-09,jumps,off-season,19,M,9,76.17,2,4,5,2.5,3.63,4.81,0.796,0,90,7,630,754.1,1631.2,0.462,0,0,0.984,0.878,4.95,strength,0.89,0.169,0.11
ath_043,club_04,2024-01-10,jumps,off-season,19,M,9,76.17,1,4,3,1.0,4.13,2.77,0.794,0,60,9,540,722.0,1576.6,0.458,0,0,0.923,0.861,4.72,endurance,0.89,0.023,0.11
ath_043,club_04,2024-01-11,jumps,off-season,19,M,9,76.17,3,5,4,2.4,5.0,3.81,0.827,1,90,9,810,735.2,1538.3,0.478,0,0,0.931,0.889,4.97,endurance,0.9,0.286,0.11
ath_043,club_04,2024-01-12,jumps,off-season,19,M,9,76.17,4,3,4,3.6,2.87,3.8,0.604,2,75,3,225,658.7,1472.6,0.447,1,0,0.983,0.967,4.59,recovery,0.6,0.579,-0.3
ath_043,club_04,2024-01-13,jumps,off-season,19,M,9,76.17,5,1,1,4.97,1.64,1.0,0.244,1,60,3,180,586.9,1408.0,0.417,1,0,0.774,0.871,6.05,recovery,0.5,0.702,-0.35
ath_043,club_04,2024-01-14,jumps,off-season,19,M,9,76.17,4,1,2,3.82,1.0,2.08,0.351,2,60,4,240,534.8,1349.6,0.396,1,0,0.852,0.828,5.85,recovery,0.6,0.568,-0.3
ath_043,club_04,2024-01-15,jumps,off-season,19,M,9,76.17,4,2,3,4.61,1.25,3.14,0.386,1,60,6,360,508.6,1300.1,0.391,1,0,0.814,0.87,5.41,recovery,0.6,0.54,-0.3
ath_043,club_04,2024-01-16,jumps,pre-comp,19,M,9,76.17,4,2,1,3.93,1.74,1.0,0.321,1,90,4,360,486.3,1253.1,0.388,1,0,0.886,0.844,5.81,recovery,0.6,0.592,-0.3
ath_043,club_04,2024-01-17,jumps,pre-comp,19,M,9,76.17,4,1,1,3.99,1.48,1.02,0.3,1,60,6,360,467.4,1208.5,0.387,1,0,0.821,0.842,6.38,recovery,0.6,0.53,-0.3
ath_043,club_04,2024-01-18,jumps,pre-comp,19,M,9,76.17,4,3,3,4.01,3.23,3.11,0.556,2,60,5,300,442.3,1163.0,0.38,1,0,0.945,0.943,5.84,recovery,0.6,0.551,-0.3
ath_043,club_04,2024-01-19,jumps,pre-comp,19,M,9,76.17,4,1,1,3.8,1.19,1.0,0.293,1,75,4,300,420.9,1119.9,0.376,1,0,1.0,0.91,6.29,recovery,0.6,0.597,-0.3
ath_043,club_04,2024-01-20,jumps,pre-comp,19,M,9,76.17,4,1,2,4.15,1.49,2.21,0.37,2,75,3,225,391.5,1075.1,0.364,1,0,0.822,0.832,6.05,recovery,0.6,0.592,-0.3
ath_043,club_04,2024-01-21,jumps,pre-comp,19,M,9,76.17,5,2,2,5.0,1.99,1.98,0.331,1,75,5,375,389.1,1040.1,0.374,0,0,0.782,0.808,5.99,recovery,0.5,0.52,-0.35
ath_043,club_04,2024-01-22,jumps,pre-comp,19,M,9,76.17,1,3,3,1.04,3.13,2.55,0.709,1,75,6,450,398.2,1010.6,0.394,0,0,0.759,0.9,5.42,speed,0.88,0.01,0.1
ath_043,club_04,2024-01-23,jumps,pre-comp,19,M,9,76.17,2,3,3,2.35,3.19,2.91,0.65,0,75,7,525,417.2,986.3,0.423,0,0,0.764,0.822,5.39,technique,0.87,0.15,0.0
ath_043,club_04,2024-01-24,jumps,pre-comp,19,M,9,76.17,1,3,4,1.0,3.05,3.92,0.798,1,60,8,480,426.6,961.0,0.444,0,0,0.84,0.957,5.11,technique,0.89,0.018,0.11
ath_043,club_04,2024-01-25,jumps,pre-comp,19,M,9,76.17,4,3,2,3.85,2.71,2.26,0.474,2,0,0,0,362.6,913.0,0.397,0,0,0.853,0.982,5.6,speed,0.6,0.428,-0.3
ath_043,club_04,2024-01-26,jumps,pre-comp,19,M,9,76.17,1,5,1,1.0,4.87,1.0,0.724,1,90,7,630,402.7,898.8,0.448,0,0,0.91,0.802,4.69,speed,0.88,0.011,0.1
ath_043,club_04,2024-01-27,jumps,pre-comp,19,M,9,76.17,2,4,3,1.78,3.65,2.72,0.706,0,60,6,360,396.3,871.9,0.455,0,0,0.768,0.917,5.22,speed,0.88,0.18,0.1
ath_043,club_04,2024-01-28,jumps,pre-comp,19,M,9,76.17,2,4,2,2.01,4.13,2.16,0.686,1,60,8,480,408.9,852.3,0.48,0,0,0.91,0.938,5.24,speed,0.88,0.161,0.0
ath_043,club_04,2024-01-29,jumps,pre-comp,19,M,9,76.17,2,4,4,2.43,4.3,3.67,0.77,0,60,8,480,419.6,833.7,0.503,0,0,0.841,0.851,5.23,technique,0.89,0.174,0.11
ath_043,club_04,2024-01-30,jumps,pre-comp,19,M,9,76.17,1,3,2,1.0,3.32,1.65,0.665,1,60,7,420,419.6,813.0,0.516,0,0,0.862,0.837,5.94,speed,0.87,0.072,0.0
ath_043,club_04,2024-01-31,jumps,competition,19,M,9,76.17,3,4,3,3.41,3.49,2.6,0.579,0,75,7,525,435.4,798.6,0.545,0,0,0.889,0.945,4.98,speed,0.86,0.271,0.0
ath_043,club_04,2024-02-01,jumps,competition,19,M,9,76.17,3,4,3,3.48,4.08,3.01,0.64,1,60,6,360,424.1,776.7,0.546,0,0,0.942,0.993,5.1,speed,0.87,0.231,0.0
ath_043,club_04,2024-02-02,jumps,competition,19,M,9,76.17,1,4,4,1.0,4.13,3.98,0.874,0,0,0,0,360.5,737.8,0.489,0,0,0.767,0.863,4.73,speed,0.91,0.06,0.12
ath_043,club_04,2024-02-03,jumps,competition,19,M,9,76.17,1,5,3,1.0,5.0,3.07,0.871,1,60,6,360,360.4,718.9,0.501,0,0,0.92,0.954,5.15,speed,0.91,0.04,0.12
ath_043,club_04,2024-02-04,jumps,competition,19,M,9,76.17,1,3,4,1.36,3.48,3.97,0.806,1,90,6,540,387.4,710.0,0.546,0,0,0.966,0.828,4.99,recovery,0.9,0.102,0.11
ath_043,club_04,2024-02-05,jumps,competition,19,M,9,76.17,2,5,3,2.2,5.0,2.77,0.772,1,60,7,420,392.3,695.5,0.564,0,0,0.884,0.966,4.98,speed,0.89,0.18,0.11
ath_043,club_04,2024-02-06,jumps,competition,19,M,9,76.17,1,5,5,1.0,4.75,4.8,0.97,0,90,5,450,400.9,683.2,0.587,0,0,0.754,0.924,4.5,speed,0.92,0.07,0.13
ath_043,club_04,2024-02-07,jumps,competition,19,M,9,76.17,3,3,5,2.63,3.03,4.92,0.755,1,75,9,675,442.0,682.8,0.647,0,0,0.933,0.857,5.02,speed,0.89,0.283,0.11
ath_043,club_04,2024-02-08,jumps,competition,19,M,9,76.17,2,4,4,1.9,3.53,4.39,0.801,1,90,8,720,483.7,684.7,0.707,0,0,0.994,0.921,4.92,speed,0.9,0.206,0.11
ath_043,club_04,2024-02-09,jumps,competition,19,M,9,76.17,2,4,4,2.11,4.11,4.26,0.817,1,90,5,450,478.7,672.9,0.711,0,0,0.987,0.903,5.35,recovery,0.9,0.151,0.11
ath_043,club_04,2024-02-10,jumps,competition,19,M,9,76.17,1,4,4,1.22,4.14,3.51,0.829,1,0,0,0,406.9,639.3,0.636,0,0,0.83,0.852,4.49,speed,0.9,0.04,0.11
ath_043,club_04,2024-02-11,jumps,competition,19,M,9,76.17,4,3,4,3.66,2.68,3.89,0.594,1,75,6,450,413.3,629.8,0.656,0,0,0.901,0.828,5.76,speed,0.6,0.425,-0.3
ath_043,club_04,2024-02-12,jumps,competition,19,M,9,76.17,1,3,2,1.0,3.4,2.64,0.736,1,75,5,375,407.6,617.1,0.661,0,0,0.855,0.908,5.57,speed,0.89,0.044,0.1
ath_043,club_04,2024-02-13,jumps,competition,19,M,9,76.17,2,2,2,2.07,1.9,2.18,0.534,1,75,6,450,413.9,608.7,0.68,0,0,0.988,0.901,5.42,speed,0.86,0.16,0.0
ath_043,club_04,2024-02-14,jumps,competition,19,M,9,76.17,2,3,4,1.78,3.16,4.44,0.788,0,60,8,480,423.9,602.3,0.704,0,0,0.999,0.869,5.77,recovery,0.89,0.188,0.11
ath_043,club_04,2024-02-15,jumps,transition,19,M,9,76.17,3,4,3,2.61,3.81,3.07,0.685,1,90,6,540,441.3,599.2,0.736,0,0,0.966,0.993,5.62,speed,0.88,0.265,0.0
ath_043,club_04,2024-02-16,jumps,transition,19,M,9,76.17,1,5,4,1.0,4.75,4.61,0.958,0,90,5,450,442.6,591.7,0.748,0,0,0.868,0.965,4.47,speed,0.92,0.018,0.13
ath_043,club_04,2024-02-17,jumps,transition,19,M,9,76.17,1,4,2,1.2,3.88,2.32,0.733,1,90,8,720,484.2,598.1,0.81,0,0,0.964,0.916,5.47,speed,0.88,0.044,0.1
ath_043,club_04,2024-02-18,jumps,transition,19,M,9,76.17,1,4,5,1.0,3.86,5.0,0.924,1,75,6,450,479.1,590.7,0.811,0,0,0.763,0.817,4.6,speed,0.91,0.032,0.12
ath_043,club_04,2024-02-19,jumps,transition,19,M,9,76.17,1,3,3,1.0,2.72,3.17,0.726,1,90,5,450,474.7,583.7,0.813,0,0,0.971,0.859,6.17,speed,0.88,0.024,0.1
ath_044,club_05,2024-01-01,jumps,off-season,17,M,5,70.5,5,4,2,5.0,3.51,2.04,0.436,2,75,6,450,1432.6,2267.6,0.632,0,1,0.971,0.808,5.98,recovery,0.5,0.65,-0.35
ath_044,club_05,2024-01-02,jumps,off-season,17,M,5,70.5,3,5,4,2.7,5.0,3.99,0.819,1,0,0,0,1217.7,2154.2,0.565,0,1,0.776,0.967,5.24,strength,0.9,0.406,0.11
ath_044,club_05,2024-01-03,jumps,off-season,17,M,5,70.5,3,3,1,2.74,2.95,1.0,0.481,1,90,8,720,1143.1,2082.5,0.549,0,1,0.956,0.966,5.95,strength,0.85,0.378,0.0
ath_044,club_05,2024-01-04,jumps,off-season,17,M,5,70.5,3,5,3,3.51,5.0,3.04,0.702,0,75,8,600,1061.6,2008.4,0.529,0,1,0.876,0.889,5.36,endurance,0.88,0.449,0.1
ath_044,club_05,2024-01-05,jumps,off-season,17,M,5,70.5,2,3,5,1.7,2.58,4.41,0.752,1,60,5,300,947.4,1923.0,0.493,0,1,0.752,0.859,4.89,strength,0.89,0.24,0.11
ath_044,club_05,2024-01-06,jumps,off-season,17,M,5,70.5,2,4,4,1.91,4.3,4.0,0.826,0,75,7,525,884.0,1853.1,0.477,0,1,0.962,0.982,4.79,endurance,0.9,0.271,0.11
ath_044,club_05,2024-01-07,jumps,off-season,17,M,5,70.5,1,5,3,1.47,4.82,3.47,0.855,0,0,0,0,751.4,1760.4,0.427,0,1,0.975,0.905,4.45,endurance,0.9,0.17,0.12
ath_044,club_05,2024-01-08,jumps,off-season,17,M,5,70.5,4,4,3,4.02,4.22,2.71,0.594,2,75,9,675,739.9,1706.2,0.434,0,1,0.834,0.937,5.24,endurance,0.6,0.463,-0.3
ath_044,club_05,2024-01-09,jumps,off-season,17,M,5,70.5,2,5,4,2.0,4.64,3.66,0.82,0,90,6,540,710.0,1647.8,0.431,0,1,0.817,0.846,4.1,endurance,0.9,0.258,0.11
ath_044,club_05,2024-01-10,jumps,off-season,17,M,5,70.5,1,5,4,1.0,4.5,3.93,0.895,1,0,0,0,603.5,1565.5,0.385,0,1,0.978,0.931,3.46,strength,0.91,0.136,0.12
ath_044,club_05,2024-01-11,jumps,off-season,17,M,5,70.5,3,5,2,3.38,5.0,2.51,0.675,1,75,8,600,602.9,1517.2,0.397,0,1,0.861,0.871,4.59,strength,0.88,0.435,0.0
ath_044,club_05,2024-01-12,jumps,off-season,17,M,5,70.5,2,4,5,2.3,3.79,4.69,0.812,0,90,9,810,634.0,1481.8,0.428,0,1,0.791,0.869,4.16,endurance,0.9,0.275,0.11
ath_044,club_05,2024-01-13,jumps,off-season,17,M,5,70.5,3,1,4,2.98,1.0,4.25,0.551,0,90,5,450,606.4,1430.2,0.424,0,1,0.795,0.98,5.48,strength,0.86,0.398,0.0
ath_044,club_05,2024-01-14,jumps,off-season,17,M,5,70.5,2,4,4,1.79,3.9,3.45,0.771,1,0,0,0,515.4,1358.7,0.379,0,1,0.864,0.987,4.44,strength,0.89,0.312,0.11
ath_044,club_05,2024-01-15,jumps,off-season,17,M,5,70.5,4,4,3,3.92,3.95,3.02,0.603,1,0,0,0,438.1,1290.8,0.339,0,1,0.865,0.906,4.79,endurance,0.6,0.533,-0.3
ath_044,club_05,2024-01-16,jumps,pre-comp,17,M,5,70.5,2,4,5,2.44,4.31,5.0,0.858,1,0,0,0,372.4,1226.2,0.304,0,1,0.973,0.9,4.08,speed,0.9,0.287,0.12
ath_044,club_05,2024-01-17,jumps,pre-comp,17,M,5,70.5,2,4,2,2.53,4.14,1.83,0.629,1,90,9,810,438.0,1205.4,0.363,0,1,0.759,0.968,5.03,technique,0.87,0.299,0.0
ath_044,club_05,2024-01-18,jumps,pre-comp,17,M,5,70.5,1,4,2,1.05,3.82,1.98,0.716,1,0,0,0,372.3,1145.2,0.325,0,1,0.868,0.841,4.11,technique,0.88,0.139,0.1
ath_044,club_05,2024-01-19,jumps,pre-comp,17,M,5,70.5,5,4,4,5.0,4.05,4.2,0.616,2,75,8,600,406.5,1117.9,0.364,0,1,0.963,0.815,5.57,technique,0.5,0.619,-0.35
ath_044,club_05,2024-01-20,jumps,pre-comp,17,M,5,70.5,3,3,5,3.09,2.63,5.0,0.703,1,60,5,300,390.5,1077.0,0.363,0,1,0.798,0.884,5.31,technique,0.88,0.43,0.1
ath_044,club_05,2024-01-21,jumps,pre-comp,17,M,5,70.5,3,2,4,2.9,1.76,3.94,0.587,1,90,9,810,453.4,1063.7,0.426,0,1,0.775,0.953,5.0,technique,0.86,0.412,0.0
ath_044,club_05,2024-01-22,jumps,pre-comp,17,M,5,70.5,1,3,3,1.0,2.85,2.64,0.7,0,0,0,0,385.4,1010.5,0.381,0,1,0.993,0.993,5.16,speed,0.88,0.146,0.0
ath_044,club_05,2024-01-23,jumps,pre-comp,17,M,5,70.5,2,3,3,2.22,2.68,3.13,0.639,0,90,8,720,435.6,995.9,0.437,0,1,0.812,0.973,5.1,speed,0.87,0.293,0.0
ath_044,club_05,2024-01-24,jumps,pre-comp,17,M,5,70.5,2,4,4,2.37,3.96,3.97,0.771,0,75,9,675,471.5,979.9,0.481,0,1,0.963,0.951,4.76,speed,0.89,0.237,0.11
ath_044,club_05,2024-01-25,jumps,pre-comp,17,M,5,70.5,1,4,4,1.0,3.58,3.48,0.804,0,90,8,720,508.8,966.9,0.526,0,1,0.967,0.954,4.66,speed,0.9,0.156,0.11
ath_044,club_05,2024-01-26,jumps,pre-comp,17,M,5,70.5,1,4,3,1.15,4.19,2.87,0.794,0,90,9,810,554.0,959.1,0.578,0,1,0.892,0.875,4.71,technique,0.89,0.147,0.11
ath_044,club_05,2024-01-27,jumps,pre-comp,17,M,5,70.5,2,3,4,2.23,3.26,3.68,0.714,1,105,6,630,565.4,942.6,0.6,0,1,0.826,0.878,5.08,technique,0.88,0.248,0.1
ath_044,club_05,2024-01-28,jumps,pre-comp,17,M,5,70.5,1,5,5,1.49,4.75,4.78,0.936,1,105,5,525,559.3,921.7,0.607,0,1,0.789,0.922,5.04,speed,0.92,0.171,0.12
ath_044,club_05,2024-01-29,jumps,pre-comp,17,M,5,70.5,2,3,5,2.09,3.24,5.0,0.81,0,75,8,600,565.4,905.6,0.624,0,1,0.789,0.944,5.44,speed,0.9,0.244,0.11
ath_044,club_05,2024-01-30,jumps,pre-comp,17,M,5,70.5,1,5,5,1.0,4.99,5.0,0.999,0,75,6,450,548.1,882.9,0.621,0,1,0.882,0.861,4.63,speed,0.92,0.171,0.13
ath_044,club_05,2024-01-31,jumps,competition,17,M,5,70.5,2,4,4,2.16,3.84,4.14,0.788,1,75,7,525,544.6,865.0,0.63,0,1,0.93,0.834,4.74,speed,0.89,0.238,0.11
ath_044,club_05,2024-02-01,jumps,competition,17,M,5,70.5,3,4,3,3.04,3.94,2.85,0.65,0,0,0,0,462.9,821.7,0.563,0,1,0.818,0.93,5.44,recovery,0.87,0.455,0.0
ath_044,club_05,2024-02-02,jumps,competition,17,M,5,70.5,2,5,4,1.67,5.0,4.08,0.894,1,60,7,420,456.5,801.6,0.569,0,1,0.854,0.984,4.69,speed,0.91,0.271,0.12
ath_044,club_05,2024-02-03,jumps,competition,17,M,5,70.5,1,4,3,1.22,3.53,3.05,0.757,0,60,5,300,433.0,776.6,0.558,0,1,0.772,0.96,5.67,recovery,0.89,0.148,0.11
ath_044,club_05,2024-02-04,jumps,competition,17,M,5,70.5,1,1,5,1.14,1.0,5.0,0.724,1,90,5,450,435.6,760.2,0.573,0,1,0.991,0.979,4.71,speed,0.88,0.144,0.1
ath_044,club_05,2024-02-05,jumps,competition,17,M,5,70.5,2,4,3,1.86,3.75,2.84,0.715,0,75,8,600,460.2,752.2,0.612,0,1,0.891,0.929,5.23,recovery,0.88,0.255,0.1
ath_044,club_05,2024-02-06,jumps,competition,17,M,5,70.5,2,3,4,2.39,3.46,4.47,0.77,1,105,7,735,501.5,751.4,0.667,0,1,0.817,0.978,4.89,recovery,0.89,0.258,0.11
ath_044,club_05,2024-02-07,jumps,competition,17,M,5,70.5,2,3,2,1.98,2.66,1.9,0.572,0,75,5,375,482.5,732.5,0.659,0,1,0.899,0.931,5.72,speed,0.86,0.285,0.0
ath_044,club_05,2024-02-08,jumps,competition,17,M,5,70.5,2,4,2,2.38,3.61,1.81,0.603,1,90,9,810,531.6,736.4,0.722,0,1,0.898,0.856,5.88,speed,0.87,0.212,0.0
ath_044,club_05,2024-02-09,jumps,competition,17,M,5,70.5,2,4,4,2.27,4.4,3.92,0.804,0,0,0,0,451.9,699.6,0.646,0,1,0.991,0.851,5.26,speed,0.9,0.253,0.11
ath_044,club_05,2024-02-10,jumps,competition,17,M,5,70.5,2,1,4,2.52,1.0,4.34,0.588,0,60,6,360,438.1,682.6,0.642,0,1,0.775,0.976,5.76,recovery,0.86,0.272,0.0
ath_044,club_05,2024-02-11,jumps,competition,17,M,5,70.5,5,5,4,5.0,5.0,4.18,0.679,2,75,9,675,473.6,682.2,0.694,0,1,0.955,0.904,6.23,speed,0.5,0.598,-0.35
ath_044,club_05,2024-02-12,jumps,competition,17,M,5,70.5,2,3,4,2.37,2.53,4.16,0.688,1,75,6,450,470.1,670.6,0.701,0,1,0.752,0.845,4.79,recovery,0.88,0.263,0.0
ath_044,club_05,2024-02-13,jumps,competition,17,M,5,70.5,2,4,5,2.24,4.04,4.85,0.843,0,105,8,840,525.6,679.1,0.774,0,1,0.924,0.837,5.42,speed,0.9,0.235,0.11
ath_044,club_05,2024-02-14,jumps,competition,17,M,5,70.5,3,5,3,3.13,4.98,2.64,0.699,0,90,8,720,554.7,681.1,0.814,0,1,0.856,0.997,6.56,speed,0.88,0.474,0.0
ath_044,club_05,2024-02-15,jumps,transition,17,M,5,70.5,3,4,4,3.44,3.94,4.27,0.718,0,90,6,540,552.5,674.1,0.82,0,1,0.847,0.946,6.02,speed,0.88,0.403,0.1
ath_044,club_05,2024-02-16,jumps,transition,17,M,5,70.5,3,1,2,3.46,1.15,1.95,0.376,1,90,7,630,564.1,671.9,0.84,0,1,0.916,0.834,7.19,recovery,0.83,0.391,0.0
ath_044,club_05,2024-02-17,jumps,transition,17,M,5,70.5,3,1,3,2.79,1.06,2.53,0.453,0,75,7,525,558.3,664.5,0.84,0,1,0.886,0.876,6.83,speed,0.84,0.407,0.0
ath_044,club_05,2024-02-18,jumps,transition,17,M,5,70.5,1,4,4,1.0,3.68,4.44,0.875,0,60,9,540,555.5,658.3,0.844,0,1,0.889,0.936,5.62,recovery,0.91,0.185,0.12
ath_044,club_05,2024-02-19,jumps,transition,17,M,5,70.5,1,3,3,1.17,2.63,2.98,0.696,0,90,6,540,553.2,652.4,0.848,0,1,0.77,0.885,6.21,speed,0.88,0.101,0.0
ath_045,club_01,2024-01-01,middle_distance,off-season,26,F,8,74.24,2,4,4,1.86,3.98,3.76,0.792,1,0,0,0,1955.5,1414.6,1.382,0,0,0.777,0.883,6.43,strength,0.89,0.268,-0.2
ath_045,club_01,2024-01-02,middle_distance,off-season,26,F,8,74.24,1,2,4,1.0,1.95,3.98,0.729,1,60,9,540,1743.2,1370.9,1.272,0,0,0.84,0.852,6.71,strength,0.88,0.049,0.0
ath_045,club_01,2024-01-03,middle_distance,off-season,26,F,8,74.24,4,3,4,4.16,2.97,4.08,0.593,2,60,7,420,1544.7,1323.3,1.167,0,0,0.804,0.956,7.3,strength,0.6,0.434,-0.3
ath_045,club_01,2024-01-04,middle_distance,off-season,26,F,8,74.24,4,4,5,4.13,3.82,5.0,0.713,2,60,5,300,1358.0,1272.2,1.067,0,0,0.817,0.819,6.55,endurance,0.6,0.391,-0.3
ath_045,club_01,2024-01-05,middle_distance,off-season,26,F,8,74.24,1,4,5,1.0,4.43,5.0,0.962,0,0,0,0,1154.3,1208.6,0.955,0,0,0.846,0.974,5.37,strength,0.92,0.081,0.13
ath_045,club_01,2024-01-06,middle_distance,off-season,26,F,8,74.24,2,4,4,1.71,3.77,3.31,0.758,1,60,5,300,1026.2,1163.1,0.882,0,0,0.89,0.891,5.66,endurance,0.89,0.21,0.11
ath_045,club_01,2024-01-07,middle_distance,off-season,26,F,8,74.24,1,4,1,1.28,3.94,1.0,0.644,0,90,7,630,966.7,1136.5,0.851,0,0,0.755,0.968,5.81,endurance,0.87,0.049,0.0
ath_045,club_01,2024-01-08,middle_distance,off-season,26,F,8,74.24,3,2,4,3.06,2.14,4.06,0.609,0,60,9,540,902.7,1106.6,0.816,0,0,0.968,0.966,5.28,strength,0.87,0.296,0.0
ath_045,club_01,2024-01-09,middle_distance,off-season,26,F,8,74.24,1,4,3,1.44,3.67,2.94,0.745,0,75,5,375,823.6,1070.1,0.77,0,0,0.851,0.984,5.55,strength,0.89,0.01,0.1
ath_045,club_01,2024-01-10,middle_distance,off-season,26,F,8,74.24,1,2,4,1.0,1.44,3.93,0.691,0,75,8,600,790.0,1046.6,0.755,0,0,0.758,0.923,6.33,strength,0.88,0.072,0.0
ath_045,club_01,2024-01-11,middle_distance,off-season,26,F,8,74.24,3,4,2,2.69,4.0,2.01,0.621,1,60,7,420,734.5,1015.2,0.724,0,0,0.806,0.94,5.86,strength,0.87,0.271,0.0
ath_045,club_01,2024-01-12,middle_distance,off-season,26,F,8,74.24,2,3,4,1.94,2.71,4.04,0.72,0,75,7,525,703.1,990.7,0.71,0,0,0.91,0.899,5.59,strength,0.88,0.147,0.1
ath_045,club_01,2024-01-13,middle_distance,off-season,26,F,8,74.24,2,5,3,2.42,5.0,2.7,0.752,1,90,5,450,665.1,963.7,0.69,0,0,0.975,0.924,5.75,strength,0.89,0.195,0.11
ath_045,club_01,2024-01-14,middle_distance,off-season,26,F,8,74.24,2,5,5,2.44,5.0,5.0,0.904,0,60,8,480,637.4,939.5,0.678,0,0,0.913,0.887,4.56,endurance,0.91,0.163,0.12
ath_045,club_01,2024-01-15,middle_distance,off-season,26,F,8,74.24,1,4,5,1.0,3.08,5.0,0.872,1,60,8,480,613.8,916.5,0.67,0,0,0.881,0.87,4.64,endurance,0.91,0.047,0.12
ath_045,club_01,2024-01-16,middle_distance,pre-comp,26,F,8,74.24,3,2,3,3.04,2.24,3.28,0.565,0,75,5,375,577.9,889.5,0.65,0,0,0.867,0.842,6.0,speed,0.86,0.304,0.0
ath_045,club_01,2024-01-17,middle_distance,pre-comp,26,F,8,74.24,1,4,4,1.13,3.81,4.03,0.848,1,0,0,0,491.3,845.0,0.581,0,0,0.762,0.903,4.09,speed,0.9,0.056,0.11
ath_045,club_01,2024-01-18,middle_distance,pre-comp,26,F,8,74.24,1,4,4,1.16,3.91,4.3,0.87,0,60,7,420,480.6,823.7,0.583,0,0,0.873,0.917,5.4,technique,0.91,0.101,0.12
ath_045,club_01,2024-01-19,middle_distance,pre-comp,26,F,8,74.24,2,5,3,1.53,5.0,2.87,0.823,1,60,5,300,453.5,797.5,0.569,0,0,0.92,0.864,5.73,technique,0.9,0.145,0.11
ath_045,club_01,2024-01-20,middle_distance,pre-comp,26,F,8,74.24,4,4,5,4.19,3.97,4.55,0.688,1,90,9,810,507.0,798.2,0.635,0,0,0.913,0.969,4.97,speed,0.6,0.374,-0.3
ath_045,club_01,2024-01-21,middle_distance,pre-comp,26,F,8,74.24,3,3,3,2.32,3.36,3.07,0.674,1,75,9,675,532.2,792.0,0.672,0,0,0.933,0.843,5.21,speed,0.88,0.316,0.0
ath_045,club_01,2024-01-22,middle_distance,pre-comp,26,F,8,74.24,1,4,4,1.31,4.27,3.58,0.836,1,60,6,360,506.3,770.4,0.657,0,0,0.878,0.936,4.76,technique,0.9,0.016,0.11
ath_045,club_01,2024-01-23,middle_distance,pre-comp,26,F,8,74.24,1,4,5,1.0,4.12,5.0,0.941,1,60,6,360,484.4,749.9,0.646,0,0,0.951,0.929,4.1,technique,0.92,0.01,0.12
ath_045,club_01,2024-01-24,middle_distance,pre-comp,26,F,8,74.24,1,1,4,1.16,1.02,3.87,0.649,0,90,7,630,506.2,743.9,0.681,0,0,0.86,0.895,5.94,speed,0.87,0.079,0.0
ath_045,club_01,2024-01-25,middle_distance,pre-comp,26,F,8,74.24,1,3,2,1.0,3.23,1.59,0.655,1,60,6,360,484.3,724.7,0.668,0,0,0.981,0.813,6.75,technique,0.87,0.066,0.0
ath_045,club_01,2024-01-26,middle_distance,pre-comp,26,F,8,74.24,1,3,4,1.96,3.13,3.9,0.738,0,90,8,720,519.7,724.5,0.717,0,0,0.921,0.856,5.59,speed,0.89,0.037,0.1
ath_045,club_01,2024-01-27,middle_distance,pre-comp,26,F,8,74.24,1,2,4,1.0,2.24,4.05,0.753,1,0,0,0,441.7,688.2,0.642,0,0,0.977,0.892,5.21,technique,0.89,0.01,0.11
ath_045,club_01,2024-01-28,middle_distance,pre-comp,26,F,8,74.24,1,3,3,1.0,3.21,3.23,0.763,0,60,8,480,447.4,677.8,0.66,0,0,0.81,0.862,5.29,technique,0.89,0.034,0.11
ath_045,club_01,2024-01-29,middle_distance,pre-comp,26,F,8,74.24,2,5,5,2.17,4.92,5.0,0.917,0,0,0,0,380.3,643.9,0.591,0,0,0.921,0.82,4.83,speed,0.91,0.173,0.12
ath_045,club_01,2024-01-30,middle_distance,pre-comp,26,F,8,74.24,1,4,4,1.0,3.77,4.18,0.863,0,0,0,0,323.3,611.7,0.528,0,0,0.906,0.981,3.86,technique,0.9,0.028,0.12
ath_045,club_01,2024-01-31,middle_distance,competition,26,F,8,74.24,1,2,5,1.0,2.32,5.0,0.822,1,75,6,450,342.3,603.7,0.567,0,0,0.942,0.875,4.71,speed,0.9,0.01,0.11
ath_045,club_01,2024-02-01,middle_distance,competition,26,F,8,74.24,2,4,3,1.86,3.93,3.23,0.753,1,60,9,540,371.9,600.5,0.619,0,0,0.941,0.987,4.92,recovery,0.89,0.17,0.11
ath_045,club_01,2024-02-02,middle_distance,competition,26,F,8,74.24,1,3,5,1.17,3.27,4.88,0.866,0,105,9,945,457.9,617.7,0.741,0,0,0.783,0.834,4.7,recovery,0.9,0.106,0.12
ath_045,club_01,2024-02-03,middle_distance,competition,26,F,8,74.24,2,4,5,2.07,4.16,5.0,0.872,0,60,5,300,434.2,601.8,0.722,0,0,0.836,0.979,4.98,speed,0.91,0.143,0.12
ath_045,club_01,2024-02-04,middle_distance,competition,26,F,8,74.24,1,3,4,1.0,3.15,3.94,0.806,0,60,5,300,414.1,586.7,0.706,0,0,0.916,0.813,4.7,speed,0.9,0.04,0.11
ath_045,club_01,2024-02-05,middle_distance,competition,26,F,8,74.24,2,4,3,2.14,3.93,2.99,0.719,1,90,7,630,446.5,588.9,0.758,0,0,0.77,0.96,6.09,speed,0.88,0.225,0.1
ath_045,club_01,2024-02-06,middle_distance,competition,26,F,8,74.24,2,5,4,2.74,4.83,3.83,0.794,0,75,8,600,469.5,589.4,0.797,0,0,0.991,0.811,6.18,speed,0.89,0.114,0.11
ath_045,club_01,2024-02-07,middle_distance,competition,26,F,8,74.24,2,4,2,2.04,4.18,1.63,0.651,1,90,8,720,507.1,596.0,0.851,0,0,0.96,0.834,6.25,speed,0.87,0.175,0.0
ath_045,club_01,2024-02-08,middle_distance,competition,26,F,8,74.24,1,4,4,1.09,3.67,3.76,0.823,0,90,9,810,552.5,606.7,0.911,0,0,0.999,0.956,4.8,speed,0.9,0.03,0.11
ath_045,club_01,2024-02-09,middle_distance,competition,26,F,8,74.24,2,3,3,1.95,2.82,3.43,0.687,0,75,6,450,537.1,598.8,0.897,0,0,0.96,0.957,6.05,speed,0.88,0.174,0.0
ath_045,club_01,2024-02-10,middle_distance,competition,26,F,8,74.24,1,2,4,1.0,2.45,4.06,0.768,0,75,9,675,557.8,602.6,0.926,0,0,0.968,0.879,5.57,recovery,0.89,0.018,0.11
ath_045,club_01,2024-02-11,middle_distance,competition,26,F,8,74.24,1,5,5,1.31,5.0,5.0,0.98,1,60,6,360,528.1,590.5,0.894,0,0,0.963,0.875,5.56,speed,0.92,0.036,0.13
ath_045,club_01,2024-02-12,middle_distance,competition,26,F,8,74.24,2,3,5,1.4,3.01,4.88,0.832,0,75,7,525,527.7,587.2,0.899,0,0,0.947,0.97,5.51,speed,0.9,0.176,0.11
ath_045,club_01,2024-02-13,middle_distance,competition,26,F,8,74.24,3,4,3,3.2,3.77,3.56,0.676,0,75,5,375,504.8,576.6,0.875,0,0,0.788,0.996,6.29,speed,0.88,0.32,0.0
ath_045,club_01,2024-02-14,middle_distance,competition,26,F,8,74.24,1,5,5,1.0,5.0,4.76,0.984,1,90,6,540,510.1,574.8,0.887,0,0,0.906,0.903,5.58,speed,0.92,0.071,0.13
ath_045,club_01,2024-02-15,middle_distance,transition,26,F,8,74.24,1,2,2,1.08,1.59,1.5,0.534,1,105,8,840,559.5,588.1,0.952,0,0,0.79,0.876,5.85,speed,0.86,0.041,0.0
ath_045,club_01,2024-02-16,middle_distance,transition,26,F,8,74.24,1,3,3,1.0,2.44,2.5,0.663,1,90,9,810,597.1,599.2,0.997,0,0,0.966,0.964,7.01,speed,0.87,0.05,0.0
ath_045,club_01,2024-02-17,middle_distance,transition,26,F,8,74.24,1,2,4,1.01,2.01,3.85,0.724,1,60,8,480,579.5,593.2,0.977,0,0,0.897,0.943,6.12,recovery,0.88,0.01,0.1
ath_045,club_01,2024-02-18,middle_distance,transition,26,F,8,74.24,1,4,3,1.0,4.09,3.04,0.809,1,90,5,450,560.1,586.0,0.956,0,0,0.976,0.87,5.68,speed,0.9,0.056,0.11
ath_045,club_01,2024-02-19,middle_distance,transition,26,F,8,74.24,4,5,2,3.61,4.56,1.89,0.589,2,60,7,420,539.1,577.7,0.933,0,0,0.799,0.821,6.2,speed,0.6,0.4,-0.3
ath_046,club_02,2024-01-01,sprints,off-season,27,M,4,91.06,4,4,4,3.74,3.85,4.1,0.68,1,75,8,600,2184.2,1367.8,1.597,0,0,0.826,0.868,7.17,recovery,0.6,0.521,-0.3
ath_046,club_02,2024-01-02,sprints,off-season,27,M,4,91.06,4,5,4,4.04,5.0,3.92,0.725,2,0,0,0,1856.6,1299.4,1.429,0,0,0.869,0.864,6.54,recovery,0.6,0.45,-0.3
ath_046,club_02,2024-01-03,sprints,off-season,27,M,4,91.06,2,4,3,2.46,3.74,3.03,0.688,0,60,9,540,1659.1,1261.5,1.315,0,0,0.846,0.95,7.7,endurance,0.88,0.261,0.0
ath_046,club_02,2024-01-04,sprints,off-season,27,M,4,91.06,1,3,4,1.55,3.17,4.34,0.797,0,60,9,540,1491.2,1225.4,1.217,0,0,0.788,0.892,6.29,strength,0.89,0.06,0.0
ath_046,club_02,2024-01-05,sprints,off-season,27,M,4,91.06,4,4,4,3.92,4.34,4.14,0.704,1,90,5,450,1335.1,1186.6,1.125,0,0,0.875,0.921,6.6,endurance,0.6,0.428,-0.3
ath_046,club_02,2024-01-06,sprints,off-season,27,M,4,91.06,1,4,4,1.15,3.98,3.83,0.844,1,90,9,810,1256.3,1167.8,1.076,0,0,0.92,0.888,5.49,strength,0.9,0.01,0.11
ath_046,club_02,2024-01-07,sprints,off-season,27,M,4,91.06,3,4,5,3.03,4.0,5.0,0.798,0,75,7,525,1146.6,1135.7,1.01,0,0,0.936,0.939,6.51,endurance,0.89,0.259,0.11
ath_046,club_02,2024-01-08,sprints,off-season,27,M,4,91.06,3,3,3,2.79,3.03,3.24,0.632,0,60,8,480,1046.6,1102.9,0.949,0,0,0.888,0.943,5.72,endurance,0.87,0.263,0.0
ath_046,club_02,2024-01-09,sprints,off-season,27,M,4,91.06,2,3,4,2.06,2.46,3.9,0.687,0,60,6,360,943.6,1065.7,0.885,0,0,0.939,0.978,6.57,strength,0.88,0.168,0.0
ath_046,club_02,2024-01-10,sprints,off-season,27,M,4,91.06,1,4,4,1.0,3.87,3.57,0.829,0,75,9,675,903.3,1046.2,0.863,0,0,0.899,0.902,5.35,strength,0.9,0.066,0.11
ath_046,club_02,2024-01-11,sprints,off-season,27,M,4,91.06,3,4,4,3.54,3.6,3.79,0.657,0,90,7,630,862.3,1025.4,0.841,0,0,0.988,0.896,5.45,endurance,0.87,0.249,0.0
ath_046,club_02,2024-01-12,sprints,off-season,27,M,4,91.06,1,4,4,1.09,4.17,4.01,0.872,1,75,5,375,789.2,992.9,0.795,0,0,0.984,0.946,4.87,strength,0.91,0.01,0.12
ath_046,club_02,2024-01-13,sprints,off-season,27,M,4,91.06,1,5,2,1.06,5.0,1.72,0.777,1,75,5,375,727.1,962.0,0.756,0,0,0.994,0.803,5.91,strength,0.89,0.033,0.11
ath_046,club_02,2024-01-14,sprints,off-season,27,M,4,91.06,2,2,4,2.03,1.29,4.39,0.643,1,75,8,600,708.0,943.9,0.75,0,0,0.979,0.999,6.24,endurance,0.87,0.182,0.0
ath_046,club_02,2024-01-15,sprints,off-season,27,M,4,91.06,3,4,4,3.03,4.22,3.87,0.737,0,90,7,630,696.3,928.2,0.75,0,0,0.985,0.817,6.06,strength,0.89,0.291,0.1
ath_046,club_02,2024-01-16,sprints,pre-comp,27,M,4,91.06,2,4,4,1.8,3.34,3.86,0.76,1,75,5,375,648.1,900.5,0.72,0,0,0.819,0.804,5.39,speed,0.89,0.182,0.11
ath_046,club_02,2024-01-17,sprints,pre-comp,27,M,4,91.06,1,3,3,1.25,3.07,3.13,0.729,1,60,6,360,604.9,873.5,0.693,0,0,0.96,0.809,6.29,technique,0.88,0.012,0.1
ath_046,club_02,2024-01-18,sprints,pre-comp,27,M,4,91.06,2,5,3,2.04,4.9,2.75,0.773,1,60,5,300,559.2,844.8,0.662,0,0,0.942,0.984,4.94,speed,0.89,0.174,0.11
ath_046,club_02,2024-01-19,sprints,pre-comp,27,M,4,91.06,3,4,5,2.58,3.83,4.96,0.814,0,90,9,810,596.8,843.1,0.708,0,0,0.887,0.907,5.53,speed,0.9,0.292,0.11
ath_046,club_02,2024-01-20,sprints,pre-comp,27,M,4,91.06,2,3,5,2.78,2.51,4.88,0.707,1,0,0,0,507.3,800.9,0.633,0,0,0.86,0.837,5.31,speed,0.88,0.157,0.1
ath_046,club_02,2024-01-21,sprints,pre-comp,27,M,4,91.06,4,3,3,4.41,2.99,3.08,0.511,2,75,6,450,498.7,783.4,0.637,0,0,0.891,0.848,6.15,speed,0.6,0.426,-0.3
ath_046,club_02,2024-01-22,sprints,pre-comp,27,M,4,91.06,1,4,3,1.76,3.78,2.85,0.725,1,90,6,540,504.9,771.2,0.655,0,0,0.782,0.88,5.94,technique,0.88,0.028,0.1
ath_046,club_02,2024-01-23,sprints,pre-comp,27,M,4,91.06,4,5,4,4.16,5.0,3.8,0.709,1,75,6,450,496.6,755.1,0.658,0,0,0.991,0.843,5.58,technique,0.6,0.409,-0.3
ath_046,club_02,2024-01-24,sprints,pre-comp,27,M,4,91.06,3,5,3,3.04,4.86,2.67,0.7,0,0,0,0,422.2,717.4,0.588,0,0,0.948,0.984,5.21,speed,0.88,0.286,0.0
ath_046,club_02,2024-01-25,sprints,pre-comp,27,M,4,91.06,2,3,5,2.53,3.02,5.0,0.766,1,60,6,360,412.8,699.5,0.59,0,0,0.918,0.96,4.88,technique,0.89,0.164,0.11
ath_046,club_02,2024-01-26,sprints,pre-comp,27,M,4,91.06,1,4,4,1.39,4.47,4.53,0.907,0,60,6,360,404.9,682.5,0.593,0,0,0.937,0.837,4.59,speed,0.91,0.028,0.12
ath_046,club_02,2024-01-27,sprints,pre-comp,27,M,4,91.06,1,3,2,1.0,2.81,2.16,0.664,1,60,6,360,398.2,666.4,0.597,0,0,0.894,0.912,4.88,speed,0.87,0.029,0.0
ath_046,club_02,2024-01-28,sprints,pre-comp,27,M,4,91.06,3,5,5,2.72,5.0,4.7,0.866,0,75,5,375,394.7,651.8,0.606,0,0,0.94,0.971,5.04,technique,0.9,0.296,0.12
ath_046,club_02,2024-01-29,sprints,pre-comp,27,M,4,91.06,4,3,4,4.17,3.03,3.66,0.568,1,75,9,675,436.7,653.0,0.669,0,0,0.756,0.852,5.95,technique,0.6,0.428,-0.3
ath_046,club_02,2024-01-30,sprints,pre-comp,27,M,4,91.06,2,5,4,2.07,5.0,3.9,0.855,0,60,6,360,425.2,638.4,0.666,0,0,0.938,0.945,5.43,speed,0.9,0.128,0.12
ath_046,club_02,2024-01-31,sprints,competition,27,M,4,91.06,3,2,1,2.94,1.86,1.0,0.395,1,0,0,0,361.4,606.4,0.596,0,0,0.878,0.997,6.46,recovery,0.83,0.28,0.0
ath_046,club_02,2024-02-01,sprints,competition,27,M,4,91.06,2,4,4,2.25,3.99,3.77,0.767,1,75,7,525,386.0,602.4,0.641,0,0,0.797,0.855,5.67,speed,0.89,0.126,0.11
ath_046,club_02,2024-02-02,sprints,competition,27,M,4,91.06,3,3,4,2.74,3.5,3.6,0.691,0,75,5,375,384.3,591.0,0.65,0,0,0.83,0.859,5.69,speed,0.88,0.256,0.0
ath_046,club_02,2024-02-03,sprints,competition,27,M,4,91.06,4,3,4,4.26,3.22,4.03,0.599,1,90,9,810,448.2,601.9,0.745,0,0,0.991,0.971,6.09,recovery,0.6,0.439,-0.3
ath_046,club_02,2024-02-04,sprints,competition,27,M,4,91.06,2,4,4,1.81,4.25,3.8,0.816,1,105,7,735,491.2,608.6,0.807,0,0,0.79,0.839,5.38,speed,0.9,0.123,0.11
ath_046,club_02,2024-02-05,sprints,competition,27,M,4,91.06,3,5,2,3.15,4.82,2.24,0.661,1,75,6,450,485.0,600.7,0.807,0,0,0.829,0.969,5.82,speed,0.87,0.306,0.0
ath_046,club_02,2024-02-06,sprints,competition,27,M,4,91.06,3,3,3,2.65,3.2,3.01,0.637,0,60,6,360,466.3,588.6,0.792,0,0,0.886,0.828,5.16,speed,0.87,0.312,0.0
ath_046,club_02,2024-02-07,sprints,competition,27,M,4,91.06,3,5,2,2.9,5.0,1.84,0.663,1,75,9,675,497.6,593.0,0.839,0,0,0.92,0.949,5.66,speed,0.87,0.291,0.0
ath_046,club_02,2024-02-08,sprints,competition,27,M,4,91.06,4,3,3,4.07,3.6,3.06,0.572,1,75,7,525,501.7,589.6,0.851,0,0,0.78,0.923,6.19,speed,0.6,0.392,-0.3
ath_046,club_02,2024-02-09,sprints,competition,27,M,4,91.06,2,2,2,1.98,1.87,1.85,0.516,1,75,8,600,516.4,590.1,0.875,0,0,0.79,0.979,6.35,speed,0.85,0.171,0.0
ath_046,club_02,2024-02-10,sprints,competition,27,M,4,91.06,2,4,4,2.63,4.51,4.02,0.793,0,105,7,735,549.2,597.3,0.919,0,0,0.78,0.804,5.65,recovery,0.89,0.154,0.11
ath_046,club_02,2024-02-11,sprints,competition,27,M,4,91.06,2,5,4,1.67,4.95,3.4,0.845,0,0,0,0,466.8,567.5,0.823,0,0,0.837,0.99,5.5,speed,0.9,0.157,0.11
ath_046,club_02,2024-02-12,sprints,competition,27,M,4,91.06,2,4,3,1.88,3.99,3.19,0.753,0,75,8,600,486.8,569.1,0.855,0,0,0.982,0.842,6.25,speed,0.89,0.221,0.11
ath_046,club_02,2024-02-13,sprints,competition,27,M,4,91.06,3,4,4,3.09,4.6,3.63,0.743,1,105,5,525,492.5,566.9,0.869,0,0,0.955,0.95,6.49,recovery,0.89,0.282,0.1
ath_046,club_02,2024-02-14,sprints,competition,27,M,4,91.06,2,4,1,2.35,3.7,1.0,0.556,1,75,7,525,497.4,564.8,0.881,0,0,0.813,0.836,6.7,speed,0.86,0.185,0.0
ath_046,club_02,2024-02-15,sprints,transition,27,M,4,91.06,3,5,4,2.89,5.0,4.31,0.828,0,75,5,375,479.0,555.3,0.863,0,0,0.784,0.902,5.55,speed,0.9,0.248,0.11
ath_046,club_02,2024-02-16,sprints,transition,27,M,4,91.06,1,4,3,1.0,4.03,3.26,0.819,0,60,8,480,479.2,551.5,0.869,0,0,0.889,0.831,5.69,speed,0.9,0.087,0.11
ath_046,club_02,2024-02-17,sprints,transition,27,M,4,91.06,1,3,4,1.39,2.91,4.12,0.776,1,0,0,0,407.3,524.0,0.777,0,0,0.92,0.926,5.55,speed,0.89,0.012,0.11
ath_046,club_02,2024-02-18,sprints,transition,27,M,4,91.06,2,4,2,2.12,3.47,1.87,0.615,0,75,9,675,447.5,531.5,0.842,0,0,0.777,0.908,6.03,speed,0.87,0.23,0.0
ath_046,club_02,2024-02-19,sprints,transition,27,M,4,91.06,1,4,5,1.4,3.85,4.48,0.861,1,105,6,630,474.8,536.4,0.885,0,0,0.789,0.889,5.9,speed,0.9,0.061,0.12
ath_047,club_03,2024-01-01,jumps,off-season,27,M,7,86.82,3,4,4,2.8,3.74,4.25,0.746,1,60,7,420,2063.2,2266.4,0.91,0,0,0.839,0.846,5.79,endurance,0.89,0.277,0.1
ath_047,club_03,2024-01-02,jumps,off-season,27,M,7,86.82,1,3,4,1.0,3.28,4.0,0.819,1,75,6,450,1821.2,2175.6,0.837,0,0,0.919,0.823,5.87,endurance,0.9,0.08,0.11
ath_047,club_03,2024-01-03,jumps,off-season,27,M,7,86.82,1,4,4,1.0,3.93,4.52,0.897,1,75,5,375,1604.3,2085.6,0.769,0,0,0.94,0.828,4.9,strength,0.91,0.051,0.12
ath_047,club_03,2024-01-04,jumps,off-season,27,M,7,86.82,2,4,3,1.91,3.4,2.73,0.682,1,75,6,450,1431.1,2003.8,0.714,0,0,0.917,0.973,5.9,strength,0.88,0.164,0.0
ath_047,club_03,2024-01-05,jumps,off-season,27,M,7,86.82,1,4,4,1.01,4.28,3.7,0.865,0,75,9,675,1317.7,1937.3,0.68,0,0,0.885,0.923,5.16,strength,0.9,0.07,0.12
ath_047,club_03,2024-01-06,jumps,off-season,27,M,7,86.82,2,3,4,2.4,3.16,4.42,0.745,1,60,9,540,1201.0,1867.5,0.643,0,0,0.945,0.806,5.81,strength,0.89,0.17,0.1
ath_047,club_03,2024-01-07,jumps,off-season,27,M,7,86.82,2,3,5,2.25,3.02,5.0,0.785,1,90,8,720,1128.9,1810.1,0.624,0,0,0.874,0.918,5.48,endurance,0.89,0.156,0.11
ath_047,club_03,2024-01-08,jumps,off-season,27,M,7,86.82,2,3,4,1.9,2.92,4.03,0.737,0,75,7,525,1038.3,1745.8,0.595,0,0,0.86,0.857,4.82,strength,0.89,0.147,0.1
ath_047,club_03,2024-01-09,jumps,off-season,27,M,7,86.82,2,4,4,2.15,3.72,3.96,0.769,0,60,6,360,936.6,1676.6,0.559,0,0,0.99,0.907,5.3,endurance,0.89,0.153,0.11
ath_047,club_03,2024-01-10,jumps,off-season,27,M,7,86.82,3,3,2,2.99,3.33,1.87,0.547,1,105,6,630,890.6,1624.2,0.548,0,0,0.838,0.934,5.68,strength,0.86,0.313,0.0
ath_047,club_03,2024-01-11,jumps,off-season,27,M,7,86.82,2,2,3,2.03,2.74,2.79,0.633,1,75,7,525,835.7,1569.3,0.533,0,0,0.888,0.911,5.12,endurance,0.87,0.174,0.0
ath_047,club_03,2024-01-12,jumps,off-season,27,M,7,86.82,1,3,4,1.57,2.87,4.34,0.776,0,105,7,735,820.6,1527.6,0.537,0,0,0.815,0.801,5.32,strength,0.89,0.03,0.11
ath_047,club_03,2024-01-13,jumps,off-season,27,M,7,86.82,1,4,4,1.17,3.77,4.14,0.849,1,75,6,450,765.0,1473.7,0.519,0,0,0.881,0.935,4.3,endurance,0.9,0.061,0.11
ath_047,club_03,2024-01-14,jumps,off-season,27,M,7,86.82,1,4,3,1.0,3.95,2.68,0.776,1,105,5,525,729.0,1426.2,0.511,0,0,0.92,0.822,5.19,strength,0.89,0.015,0.11
ath_047,club_03,2024-01-15,jumps,off-season,27,M,7,86.82,3,2,3,2.82,1.54,3.05,0.518,1,75,7,525,698.4,1381.2,0.506,0,0,0.951,0.931,5.41,endurance,0.85,0.259,0.0
ath_047,club_03,2024-01-16,jumps,pre-comp,27,M,7,86.82,1,3,2,1.12,2.99,2.09,0.663,1,75,6,450,661.2,1334.6,0.495,0,0,0.774,0.937,5.1,speed,0.87,0.041,0.0
ath_047,club_03,2024-01-17,jumps,pre-comp,27,M,7,86.82,1,1,4,1.2,1.0,4.12,0.662,0,0,0,0,562.0,1267.9,0.443,0,0,0.798,0.843,5.12,speed,0.87,0.092,0.0
ath_047,club_03,2024-01-18,jumps,pre-comp,27,M,7,86.82,1,4,5,1.66,4.53,4.53,0.893,1,0,0,0,477.7,1204.5,0.397,0,0,0.909,0.978,3.96,speed,0.91,0.01,0.12
ath_047,club_03,2024-01-19,jumps,pre-comp,27,M,7,86.82,3,2,3,3.51,2.31,3.25,0.536,1,0,0,0,406.0,1144.3,0.355,0,0,0.956,0.948,5.05,technique,0.86,0.299,0.0
ath_047,club_03,2024-01-20,jumps,pre-comp,27,M,7,86.82,3,5,4,3.04,4.42,3.9,0.752,0,60,7,420,408.1,1108.1,0.368,0,0,0.987,0.873,4.98,technique,0.89,0.265,0.11
ath_047,club_03,2024-01-21,jumps,pre-comp,27,M,7,86.82,1,5,3,1.62,5.0,2.78,0.81,0,90,5,450,414.4,1075.2,0.385,0,0,0.981,0.947,5.25,technique,0.9,0.092,0.11
ath_047,club_03,2024-01-22,jumps,pre-comp,27,M,7,86.82,1,5,2,1.0,5.0,1.94,0.796,1,75,5,375,408.5,1040.1,0.393,0,0,0.819,0.991,4.52,technique,0.89,0.037,0.11
ath_047,club_03,2024-01-23,jumps,pre-comp,27,M,7,86.82,1,2,3,1.0,1.69,2.58,0.618,1,90,9,810,468.7,1028.6,0.456,0,0,0.993,0.904,5.97,speed,0.87,0.038,0.0
ath_047,club_03,2024-01-24,jumps,pre-comp,27,M,7,86.82,2,3,3,1.61,3.13,3.34,0.725,1,90,7,630,492.9,1008.7,0.489,0,0,0.86,0.812,5.32,speed,0.88,0.146,0.1
ath_047,club_03,2024-01-25,jumps,pre-comp,27,M,7,86.82,2,4,4,1.93,3.9,3.71,0.779,1,60,9,540,500.0,985.3,0.507,0,0,0.797,0.8,4.42,speed,0.89,0.156,0.11
ath_047,club_03,2024-01-26,jumps,pre-comp,27,M,7,86.82,2,4,5,2.04,4.28,5.0,0.883,0,75,8,600,515.0,966.0,0.533,0,0,0.778,0.846,4.8,speed,0.91,0.164,0.12
ath_047,club_03,2024-01-27,jumps,pre-comp,27,M,7,86.82,1,2,4,1.0,2.18,4.05,0.748,1,105,5,525,516.5,944.0,0.547,0,0,0.916,0.915,4.81,technique,0.89,0.035,0.1
ath_047,club_03,2024-01-28,jumps,pre-comp,27,M,7,86.82,3,3,3,2.86,2.69,2.76,0.572,1,75,9,675,540.3,930.5,0.581,0,0,0.782,0.881,5.94,speed,0.86,0.272,0.0
ath_047,club_03,2024-01-29,jumps,pre-comp,27,M,7,86.82,2,4,3,2.04,3.74,2.85,0.703,1,60,5,300,504.2,899.0,0.561,0,0,0.951,0.875,5.26,speed,0.88,0.159,0.1
ath_047,club_03,2024-01-30,jumps,pre-comp,27,M,7,86.82,1,1,4,1.51,1.0,3.87,0.624,0,105,7,735,538.8,890.8,0.605,0,0,0.905,0.984,5.93,speed,0.87,0.046,0.0
ath_047,club_03,2024-01-31,jumps,competition,27,M,7,86.82,2,4,1,2.37,3.6,1.0,0.549,1,90,5,450,525.5,868.7,0.605,0,0,0.913,0.95,5.74,recovery,0.86,0.182,0.0
ath_047,club_03,2024-02-01,jumps,competition,27,M,7,86.82,2,5,4,2.55,5.0,4.56,0.867,0,0,0,0,446.7,825.3,0.541,0,0,0.839,0.853,4.78,recovery,0.91,0.184,0.12
ath_047,club_03,2024-02-02,jumps,competition,27,M,7,86.82,1,5,4,1.25,5.0,3.95,0.914,1,90,6,540,460.7,811.0,0.568,0,0,0.984,0.919,4.65,speed,0.91,0.056,0.12
ath_047,club_03,2024-02-03,jumps,competition,27,M,7,86.82,3,5,2,3.39,5.0,1.75,0.623,0,75,6,450,459.1,793.0,0.579,0,0,0.802,0.979,5.77,speed,0.87,0.265,0.0
ath_047,club_03,2024-02-04,jumps,competition,27,M,7,86.82,2,4,4,1.62,3.41,3.63,0.761,1,105,9,945,532.0,800.6,0.664,0,0,0.995,0.959,6.04,speed,0.89,0.174,0.11
ath_047,club_03,2024-02-05,jumps,competition,27,M,7,86.82,1,5,5,1.0,5.0,4.85,0.99,1,60,6,360,506.2,778.6,0.65,0,0,0.98,0.965,4.59,speed,0.92,0.06,0.13
ath_047,club_03,2024-02-06,jumps,competition,27,M,7,86.82,1,5,3,1.15,4.86,3.04,0.85,1,60,8,480,502.2,763.6,0.658,0,0,0.898,0.914,4.82,speed,0.9,0.031,0.11
ath_047,club_03,2024-02-07,jumps,competition,27,M,7,86.82,2,4,4,1.77,3.64,3.93,0.787,0,0,0,0,426.9,725.5,0.588,0,0,0.984,0.839,4.8,speed,0.89,0.203,0.11
ath_047,club_03,2024-02-08,jumps,competition,27,M,7,86.82,1,5,3,1.0,4.88,2.84,0.848,0,90,5,450,430.4,711.7,0.605,0,0,0.789,0.942,5.5,speed,0.9,0.03,0.11
ath_047,club_03,2024-02-09,jumps,competition,27,M,7,86.82,4,4,5,3.88,4.23,4.52,0.725,2,0,0,0,365.8,676.1,0.541,0,0,0.775,0.847,5.03,speed,0.6,0.422,-0.3
ath_047,club_03,2024-02-10,jumps,competition,27,M,7,86.82,2,4,4,2.27,4.28,3.97,0.799,1,60,5,300,355.9,657.3,0.542,0,0,0.961,0.807,4.96,speed,0.89,0.154,0.11
ath_047,club_03,2024-02-11,jumps,competition,27,M,7,86.82,3,5,2,3.32,5.0,1.78,0.631,0,75,8,600,392.6,654.4,0.6,0,0,0.978,0.809,5.02,speed,0.87,0.288,0.0
ath_047,club_03,2024-02-12,jumps,competition,27,M,7,86.82,1,4,3,1.06,3.81,3.11,0.791,1,75,6,450,401.2,644.2,0.623,0,0,0.752,0.934,5.04,speed,0.89,0.09,0.11
ath_047,club_03,2024-02-13,jumps,competition,27,M,7,86.82,1,5,5,1.0,4.7,5.0,0.98,1,90,5,450,408.5,634.5,0.644,0,0,0.815,0.81,4.55,speed,0.92,0.01,0.13
ath_047,club_03,2024-02-14,jumps,competition,27,M,7,86.82,4,4,2,3.56,3.98,2.31,0.581,1,105,7,735,457.5,639.5,0.715,0,0,0.842,0.817,6.71,speed,0.6,0.436,-0.3
ath_047,club_03,2024-02-15,jumps,transition,27,M,7,86.82,3,1,2,3.07,1.0,2.29,0.415,0,90,7,630,483.3,639.0,0.756,0,0,0.841,0.873,7.02,recovery,0.84,0.305,0.0
ath_047,club_03,2024-02-16,jumps,transition,27,M,7,86.82,1,4,4,1.38,4.8,4.0,0.894,0,75,8,600,500.8,637.1,0.786,0,0,0.77,0.885,4.88,speed,0.91,0.039,0.12
ath_047,club_03,2024-02-17,jumps,transition,27,M,7,86.82,2,4,4,2.02,3.62,4.11,0.78,0,60,9,540,506.7,632.2,0.801,0,0,0.928,0.943,4.77,recovery,0.89,0.149,0.11
ath_047,club_03,2024-02-18,jumps,transition,27,M,7,86.82,3,5,3,2.64,5.0,2.84,0.746,1,105,7,735,541.0,637.4,0.849,0,0,0.853,0.901,5.44,recovery,0.89,0.269,0.1
ath_047,club_03,2024-02-19,jumps,transition,27,M,7,86.82,3,4,3,2.81,4.29,2.75,0.682,1,75,6,450,527.3,628.0,0.84,0,0,0.936,0.978,5.15,speed,0.88,0.268,0.0
ath_048,club_04,2024-01-01,sprints,off-season,25,M,7,88.1,1,5,5,1.0,4.78,5.0,0.985,1,60,5,300,1526.0,1591.7,0.959,0,1,0.815,0.811,5.12,strength,0.92,0.163,0.13
ath_048,club_04,2024-01-02,sprints,off-season,25,M,7,88.1,5,1,5,5.0,1.13,5.0,0.475,1,75,7,525,1375.9,1538.3,0.894,0,1,0.928,0.934,6.64,endurance,0.5,0.646,-0.35
ath_048,club_04,2024-01-03,sprints,off-season,25,M,7,88.1,2,4,2,2.72,3.73,2.36,0.625,0,0,0,0,1169.5,1461.4,0.8,0,1,0.943,0.828,5.64,strength,0.87,0.303,0.0
ath_048,club_04,2024-01-04,sprints,off-season,25,M,7,88.1,1,5,3,1.58,5.0,3.05,0.831,1,75,6,450,1061.6,1410.8,0.752,0,1,0.847,0.852,5.2,endurance,0.9,0.168,0.11
ath_048,club_04,2024-01-05,sprints,off-season,25,M,7,88.1,1,4,3,1.04,4.0,2.77,0.782,1,90,9,810,1023.8,1380.8,0.741,0,1,0.877,0.899,5.3,endurance,0.89,0.162,0.11
ath_048,club_04,2024-01-06,sprints,off-season,25,M,7,88.1,2,4,1,1.73,3.89,1.0,0.611,1,75,6,450,937.8,1334.3,0.703,0,1,0.97,0.977,5.45,endurance,0.87,0.262,0.0
ath_048,club_04,2024-01-07,sprints,off-season,25,M,7,88.1,3,2,4,3.27,2.49,3.47,0.579,1,0,0,0,797.1,1267.5,0.629,0,1,0.873,0.913,5.83,strength,0.86,0.403,0.0
ath_048,club_04,2024-01-08,sprints,off-season,25,M,7,88.1,2,5,4,2.19,4.69,4.21,0.847,1,75,7,525,756.3,1230.4,0.615,0,1,0.791,0.998,4.46,strength,0.9,0.301,0.11
ath_048,club_04,2024-01-09,sprints,off-season,25,M,7,88.1,1,2,5,1.26,1.44,4.98,0.744,1,90,6,540,723.8,1195.9,0.605,0,1,0.998,0.987,4.79,strength,0.89,0.155,0.1
ath_048,club_04,2024-01-10,sprints,off-season,25,M,7,88.1,1,2,3,1.0,1.69,2.66,0.623,1,75,8,600,705.3,1166.1,0.605,0,1,0.762,0.924,5.35,endurance,0.87,0.158,0.0
ath_048,club_04,2024-01-11,sprints,off-season,25,M,7,88.1,2,4,4,1.72,4.47,3.57,0.821,1,75,8,600,689.5,1137.8,0.606,0,1,0.949,0.891,5.96,strength,0.9,0.301,0.11
ath_048,club_04,2024-01-12,sprints,off-season,25,M,7,88.1,1,5,5,1.51,4.82,4.74,0.937,0,90,7,630,680.6,1112.4,0.612,0,1,0.999,0.992,4.22,strength,0.92,0.136,0.12
ath_048,club_04,2024-01-13,sprints,off-season,25,M,7,88.1,2,5,4,2.37,5.0,3.98,0.841,1,90,5,450,646.0,1079.3,0.599,0,1,0.935,0.806,5.37,strength,0.9,0.247,0.11
ath_048,club_04,2024-01-14,sprints,off-season,25,M,7,88.1,1,3,4,1.0,2.82,3.75,0.771,0,90,5,450,616.6,1047.8,0.588,0,1,0.935,0.895,4.67,endurance,0.89,0.122,0.11
ath_048,club_04,2024-01-15,sprints,off-season,25,M,7,88.1,4,4,5,4.18,4.05,4.56,0.696,2,60,4,240,560.1,1007.4,0.556,1,1,0.857,0.971,5.53,recovery,0.6,0.618,-0.3
ath_048,club_04,2024-01-16,sprints,pre-comp,25,M,7,88.1,4,1,2,4.21,1.0,1.81,0.307,2,75,4,300,521.1,972.1,0.536,1,1,0.887,0.93,6.37,recovery,0.6,0.664,-0.3
ath_048,club_04,2024-01-17,sprints,pre-comp,25,M,7,88.1,4,1,2,4.28,1.0,1.78,0.3,1,90,4,360,496.9,941.5,0.528,1,1,0.994,0.849,6.93,recovery,0.6,0.654,-0.3
ath_048,club_04,2024-01-18,sprints,pre-comp,25,M,7,88.1,4,1,2,4.19,1.33,1.66,0.32,2,105,5,525,501.1,920.6,0.544,1,1,0.836,0.884,6.81,recovery,0.6,0.645,-0.3
ath_048,club_04,2024-01-19,sprints,pre-comp,25,M,7,88.1,5,3,2,5.0,3.09,1.7,0.386,1,75,3,225,459.7,885.9,0.519,1,1,0.868,0.968,6.17,recovery,0.5,0.778,-0.35
ath_048,club_04,2024-01-20,sprints,pre-comp,25,M,7,88.1,4,3,1,3.93,2.82,1.05,0.396,1,105,4,420,453.8,862.6,0.526,1,1,0.75,0.959,6.45,recovery,0.6,0.634,-0.3
ath_048,club_04,2024-01-21,sprints,pre-comp,25,M,7,88.1,4,2,2,4.17,1.75,1.9,0.365,2,75,5,375,441.9,838.2,0.527,1,1,0.816,0.991,6.13,recovery,0.6,0.668,-0.3
ath_048,club_04,2024-01-22,sprints,pre-comp,25,M,7,88.1,4,1,3,4.09,1.0,2.86,0.385,2,60,8,480,447.6,820.3,0.546,0,1,0.963,0.978,5.94,recovery,0.6,0.566,-0.3
ath_048,club_04,2024-01-23,sprints,pre-comp,25,M,7,88.1,1,4,3,1.0,3.94,2.68,0.774,0,90,8,720,488.5,815.3,0.599,0,1,0.961,0.949,4.39,technique,0.89,0.165,0.11
ath_048,club_04,2024-01-24,sprints,pre-comp,25,M,7,88.1,2,5,5,1.95,5.0,5.0,0.937,0,0,0,0,415.2,774.5,0.536,0,1,0.961,0.839,4.69,technique,0.92,0.243,0.12
ath_048,club_04,2024-01-25,sprints,pre-comp,25,M,7,88.1,4,1,4,3.16,1.29,3.88,0.534,2,90,5,450,420.4,758.3,0.554,0,1,0.79,0.947,5.33,technique,0.6,0.499,-0.3
ath_048,club_04,2024-01-26,sprints,pre-comp,25,M,7,88.1,1,3,4,1.32,3.37,3.9,0.797,1,75,8,600,447.4,750.4,0.596,0,1,0.791,0.925,5.64,technique,0.89,0.142,0.11
ath_048,club_04,2024-01-27,sprints,pre-comp,25,M,7,88.1,1,4,4,1.0,4.2,4.21,0.894,0,0,0,0,380.3,712.8,0.533,0,1,0.982,0.811,4.69,technique,0.91,0.165,0.12
ath_048,club_04,2024-01-28,sprints,pre-comp,25,M,7,88.1,5,3,4,4.94,3.16,4.08,0.553,2,0,0,0,323.2,677.2,0.477,0,1,0.834,0.982,6.19,technique,0.5,0.553,-0.35
ath_048,club_04,2024-01-29,sprints,pre-comp,25,M,7,88.1,1,4,4,1.37,3.87,4.25,0.85,1,75,8,600,364.7,673.3,0.542,0,1,0.887,0.966,4.34,speed,0.9,0.131,0.12
ath_048,club_04,2024-01-30,sprints,pre-comp,25,M,7,88.1,1,4,4,1.5,3.77,4.32,0.839,0,60,7,420,373.0,660.7,0.565,0,1,0.999,0.857,4.55,technique,0.9,0.172,0.11
ath_048,club_04,2024-01-31,sprints,competition,25,M,7,88.1,2,5,3,2.83,5.0,2.91,0.738,1,0,0,0,317.1,627.6,0.505,0,1,0.78,0.854,4.91,speed,0.89,0.265,0.1
ath_048,club_04,2024-02-01,sprints,competition,25,M,7,88.1,2,5,4,1.71,5.0,3.81,0.873,1,75,7,525,348.3,622.5,0.559,0,1,0.863,0.876,4.52,recovery,0.91,0.314,0.12
ath_048,club_04,2024-02-02,sprints,competition,25,M,7,88.1,2,5,3,1.45,5.0,3.08,0.842,1,60,6,360,350.0,609.4,0.574,0,1,0.988,0.851,5.23,recovery,0.9,0.333,0.11
ath_048,club_04,2024-02-03,sprints,competition,25,M,7,88.1,3,4,5,2.8,3.91,4.61,0.781,0,0,0,0,297.5,578.9,0.514,0,1,0.939,0.862,4.64,speed,0.89,0.409,0.11
ath_048,club_04,2024-02-04,sprints,competition,25,M,7,88.1,3,4,5,3.06,3.58,5.0,0.768,1,60,7,420,315.9,571.0,0.553,0,1,0.81,0.948,4.3,recovery,0.89,0.408,0.11
ath_048,club_04,2024-02-05,sprints,competition,25,M,7,88.1,1,2,4,1.0,1.91,3.87,0.719,0,105,7,735,378.8,579.2,0.654,0,1,0.808,0.845,4.93,speed,0.88,0.196,0.1
ath_048,club_04,2024-02-06,sprints,competition,25,M,7,88.1,3,5,5,2.91,4.84,5.0,0.862,0,75,6,450,389.4,572.7,0.68,0,1,0.992,0.895,4.95,speed,0.9,0.421,0.12
ath_048,club_04,2024-02-07,sprints,competition,25,M,7,88.1,2,3,3,2.34,3.06,3.1,0.654,0,0,0,0,331.0,544.1,0.608,0,1,0.903,0.935,5.55,speed,0.87,0.264,0.0
ath_048,club_04,2024-02-08,sprints,competition,25,M,7,88.1,3,3,5,3.38,2.7,4.9,0.681,1,75,7,525,360.1,543.1,0.663,0,1,0.791,0.891,6.33,speed,0.88,0.373,0.0
ath_048,club_04,2024-02-09,sprints,competition,25,M,7,88.1,2,4,4,2.68,3.83,4.88,0.802,0,60,9,540,387.1,543.0,0.713,0,1,0.799,0.822,5.52,speed,0.9,0.295,0.11
ath_048,club_04,2024-02-10,sprints,competition,25,M,7,88.1,4,1,3,4.1,1.28,3.05,0.415,1,75,6,450,396.5,538.3,0.737,1,1,0.966,0.858,7.24,recovery,0.6,0.696,-0.3
ath_048,club_04,2024-02-11,sprints,competition,25,M,7,88.1,4,3,2,4.29,2.98,1.91,0.441,2,75,5,375,393.3,530.1,0.742,1,1,0.933,0.924,6.36,recovery,0.6,0.644,-0.3
ath_048,club_04,2024-02-12,sprints,competition,25,M,7,88.1,4,2,2,3.65,2.35,1.89,0.44,2,75,3,225,368.1,514.9,0.715,1,1,0.866,0.934,6.68,recovery,0.6,0.685,-0.3
ath_048,club_04,2024-02-13,sprints,competition,25,M,7,88.1,5,3,2,5.0,3.03,2.09,0.408,2,75,4,300,357.9,504.1,0.71,1,1,0.968,0.891,6.2,recovery,0.5,0.759,-0.35
ath_048,club_04,2024-02-14,sprints,competition,25,M,7,88.1,5,1,1,5.0,1.0,1.0,0.2,1,60,3,180,331.2,487.9,0.679,1,1,0.942,0.863,7.88,recovery,0.5,0.743,-0.35
ath_048,club_04,2024-02-15,sprints,transition,25,M,7,88.1,4,2,2,3.77,1.99,1.95,0.411,1,105,3,315,328.7,479.3,0.686,1,1,0.903,0.818,6.12,recovery,0.6,0.706,-0.3
ath_048,club_04,2024-02-16,sprints,transition,25,M,7,88.1,5,3,2,4.82,3.0,2.49,0.445,2,75,5,375,335.7,474.1,0.708,1,1,0.786,0.913,6.31,recovery,0.5,0.802,-0.35
ath_048,club_04,2024-02-17,sprints,transition,25,M,7,88.1,4,1,2,4.55,1.17,1.73,0.29,1,75,6,450,352.8,472.9,0.746,1,1,0.985,0.997,6.1,recovery,0.6,0.698,-0.3
ath_048,club_04,2024-02-18,sprints,transition,25,M,7,88.1,5,1,1,5.0,1.0,1.0,0.2,1,75,4,300,344.9,464.2,0.743,1,1,0.97,0.828,8.03,recovery,0.5,0.778,-0.35
ath_048,club_04,2024-02-19,sprints,transition,25,M,7,88.1,3,1,1,2.49,1.0,1.15,0.378,0,105,3,315,340.4,456.8,0.745,1,1,0.918,0.916,7.04,recovery,0.75,0.518,0.0
ath_049,club_05,2024-01-01,jumps,off-season,26,M,2,92.15,2,4,4,1.51,3.91,3.73,0.808,1,75,7,525,1371.7,1936.2,0.708,0,0,0.858,0.855,5.35,endurance,0.9,0.189,0.11
ath_049,club_05,2024-01-02,jumps,off-season,26,M,2,92.15,3,2,4,2.72,1.86,4.05,0.613,0,105,5,525,1244.7,1865.6,0.667,0,0,0.898,0.81,5.74,endurance,0.87,0.34,0.0
ath_049,club_05,2024-01-03,jumps,off-season,26,M,2,92.15,3,4,3,3.01,3.99,2.91,0.66,0,0,0,0,1058.0,1772.3,0.597,0,0,0.888,0.855,5.14,strength,0.87,0.284,0.0
ath_049,club_05,2024-01-04,jumps,off-season,26,M,2,92.15,5,3,4,4.56,2.96,3.97,0.557,2,90,9,810,1020.8,1724.2,0.592,0,0,0.968,0.908,5.69,strength,0.5,0.514,-0.35
ath_049,club_05,2024-01-05,jumps,off-season,26,M,2,92.15,3,4,4,2.96,3.77,4.27,0.739,1,75,8,600,957.7,1668.0,0.574,0,0,0.98,0.834,4.88,endurance,0.89,0.295,0.1
ath_049,club_05,2024-01-06,jumps,off-season,26,M,2,92.15,2,3,5,1.86,3.28,5.0,0.828,1,90,9,810,935.5,1625.1,0.576,0,0,0.929,0.928,5.18,endurance,0.9,0.158,0.11
ath_049,club_05,2024-01-07,jumps,off-season,26,M,2,92.15,2,4,4,1.37,4.0,4.24,0.858,0,90,8,720,903.2,1579.9,0.572,0,0,0.979,0.803,4.99,strength,0.9,0.148,0.12
ath_049,club_05,2024-01-08,jumps,off-season,26,M,2,92.15,1,4,5,1.0,3.43,5.0,0.895,0,75,7,525,846.5,1527.1,0.554,0,0,0.786,0.961,5.14,endurance,0.91,0.028,0.12
ath_049,club_05,2024-01-09,jumps,off-season,26,M,2,92.15,1,3,2,1.05,3.41,1.89,0.684,0,60,5,300,764.5,1465.8,0.522,0,0,0.954,0.983,5.41,strength,0.88,0.027,0.0
ath_049,club_05,2024-01-10,jumps,off-season,26,M,2,92.15,1,4,4,1.05,4.02,3.2,0.811,0,90,5,450,717.3,1415.0,0.507,0,0,0.791,0.986,5.67,strength,0.9,0.078,0.11
ath_049,club_05,2024-01-11,jumps,off-season,26,M,2,92.15,3,4,5,3.41,4.19,4.64,0.762,0,105,7,735,720.0,1381.0,0.521,0,0,0.766,0.991,5.14,endurance,0.89,0.294,0.11
ath_049,club_05,2024-01-12,jumps,off-season,26,M,2,92.15,3,3,4,3.17,3.12,3.93,0.659,0,75,9,675,713.2,1345.7,0.53,0,0,0.959,0.902,5.78,strength,0.87,0.294,0.0
ath_049,club_05,2024-01-13,jumps,off-season,26,M,2,92.15,1,3,1,1.0,2.82,1.55,0.625,0,75,5,375,662.5,1297.1,0.511,0,0,0.923,0.917,5.93,strength,0.87,0.025,0.0
ath_049,club_05,2024-01-14,jumps,off-season,26,M,2,92.15,5,4,4,4.96,4.72,3.75,0.634,1,75,6,450,630.6,1254.8,0.503,0,0,0.768,0.815,5.72,endurance,0.5,0.533,-0.35
ath_049,club_05,2024-01-15,jumps,off-season,26,M,2,92.15,1,2,4,1.0,1.94,3.83,0.718,1,90,7,630,630.5,1223.5,0.515,0,0,0.759,0.948,4.61,endurance,0.88,0.077,0.1
ath_049,club_05,2024-01-16,jumps,pre-comp,26,M,2,92.15,4,3,3,4.01,2.76,3.01,0.517,2,90,9,810,657.5,1202.9,0.547,0,0,0.997,0.933,5.9,speed,0.6,0.389,-0.3
ath_049,club_05,2024-01-17,jumps,pre-comp,26,M,2,92.15,1,3,3,1.0,2.79,3.26,0.737,1,90,6,540,639.8,1169.7,0.547,0,0,0.805,0.875,5.27,technique,0.89,0.059,0.1
ath_049,club_05,2024-01-18,jumps,pre-comp,26,M,2,92.15,3,2,2,3.18,1.89,2.13,0.456,1,0,0,0,543.9,1111.2,0.489,0,0,0.756,0.988,6.03,speed,0.84,0.278,0.0
ath_049,club_05,2024-01-19,jumps,pre-comp,26,M,2,92.15,3,4,4,2.84,4.21,3.89,0.751,1,105,7,735,572.5,1092.4,0.524,0,0,0.911,0.947,5.09,speed,0.89,0.266,0.11
ath_049,club_05,2024-01-20,jumps,pre-comp,26,M,2,92.15,2,4,5,1.86,4.14,5.0,0.886,1,90,8,720,594.7,1073.8,0.554,0,0,0.787,0.809,4.79,technique,0.91,0.168,0.12
ath_049,club_05,2024-01-21,jumps,pre-comp,26,M,2,92.15,3,4,3,2.18,4.65,2.91,0.759,0,60,8,480,577.5,1044.1,0.553,0,0,0.831,0.893,5.05,speed,0.89,0.298,0.11
ath_049,club_05,2024-01-22,jumps,pre-comp,26,M,2,92.15,1,4,4,1.11,4.07,3.77,0.848,1,90,5,450,558.3,1014.4,0.55,0,0,0.95,0.883,4.71,speed,0.9,0.059,0.11
ath_049,club_05,2024-01-23,jumps,pre-comp,26,M,2,92.15,2,3,4,2.38,2.6,4.57,0.719,1,105,7,735,584.8,1000.4,0.585,0,0,0.9,0.853,5.38,technique,0.88,0.174,0.1
ath_049,club_05,2024-01-24,jumps,pre-comp,26,M,2,92.15,2,3,5,1.73,3.27,5.0,0.836,0,75,6,450,564.6,972.9,0.58,0,0,0.846,0.998,5.01,technique,0.9,0.135,0.11
ath_049,club_05,2024-01-25,jumps,pre-comp,26,M,2,92.15,2,4,5,2.23,4.05,5.0,0.855,0,75,5,375,536.2,943.0,0.569,0,0,0.942,0.828,5.24,technique,0.9,0.126,0.12
ath_049,club_05,2024-01-26,jumps,pre-comp,26,M,2,92.15,3,5,5,2.87,5.0,5.0,0.875,0,60,5,300,500.7,910.9,0.55,0,0,0.906,0.917,4.27,speed,0.91,0.26,0.12
ath_049,club_05,2024-01-27,jumps,pre-comp,26,M,2,92.15,2,5,4,2.27,4.83,4.41,0.865,1,90,8,720,533.6,901.3,0.592,0,0,0.777,0.835,4.02,technique,0.9,0.144,0.12
ath_049,club_05,2024-01-28,jumps,pre-comp,26,M,2,92.15,4,4,2,3.73,4.06,1.63,0.531,1,60,9,540,534.6,883.3,0.605,0,0,0.993,0.827,6.05,speed,0.6,0.429,-0.3
ath_049,club_05,2024-01-29,jumps,pre-comp,26,M,2,92.15,2,4,5,2.09,3.75,5.0,0.844,1,75,6,450,521.9,861.6,0.606,0,0,0.776,0.909,4.67,speed,0.9,0.198,0.11
ath_049,club_05,2024-01-30,jumps,pre-comp,26,M,2,92.15,2,4,3,1.65,4.44,2.98,0.785,0,75,9,675,544.9,852.3,0.639,0,0,0.787,0.866,5.21,speed,0.89,0.093,0.11
ath_049,club_05,2024-01-31,jumps,competition,26,M,2,92.15,2,1,3,2.11,1.0,3.04,0.528,1,0,0,0,463.1,809.7,0.572,0,0,0.918,0.864,6.79,speed,0.85,0.154,0.0
ath_049,club_05,2024-02-01,jumps,competition,26,M,2,92.15,1,3,4,1.0,2.63,4.45,0.806,1,75,9,675,494.9,802.9,0.616,0,0,0.982,0.86,4.47,speed,0.9,0.01,0.11
ath_049,club_05,2024-02-02,jumps,competition,26,M,2,92.15,2,3,4,1.75,3.28,4.0,0.769,1,75,6,450,488.2,785.3,0.622,0,0,0.952,0.995,4.98,speed,0.89,0.165,0.11
ath_049,club_05,2024-02-03,jumps,competition,26,M,2,92.15,4,4,5,4.16,4.01,4.78,0.708,1,0,0,0,415.0,746.0,0.556,0,0,0.837,0.822,5.15,speed,0.6,0.458,-0.3
ath_049,club_05,2024-02-04,jumps,competition,26,M,2,92.15,2,3,3,2.16,3.18,2.93,0.663,1,105,5,525,431.5,735.0,0.587,0,0,0.862,0.985,6.1,speed,0.87,0.131,0.0
ath_049,club_05,2024-02-05,jumps,competition,26,M,2,92.15,2,4,4,2.33,4.23,4.01,0.794,0,0,0,0,366.7,698.2,0.525,0,0,0.773,0.938,5.11,speed,0.89,0.174,0.11
ath_049,club_05,2024-02-06,jumps,competition,26,M,2,92.15,1,3,3,1.0,2.99,2.7,0.713,0,75,6,450,379.2,685.8,0.553,0,0,0.982,0.975,5.28,speed,0.88,0.061,0.1
ath_049,club_05,2024-02-07,jumps,competition,26,M,2,92.15,1,4,5,1.0,4.39,4.86,0.95,0,75,9,675,423.6,685.3,0.618,0,0,0.757,0.918,4.73,speed,0.92,0.059,0.12
ath_049,club_05,2024-02-08,jumps,competition,26,M,2,92.15,3,3,5,3.57,2.98,5.0,0.694,1,60,8,480,432.1,675.0,0.64,0,0,0.872,0.986,5.95,speed,0.88,0.294,0.0
ath_049,club_05,2024-02-09,jumps,competition,26,M,2,92.15,1,4,3,1.0,3.93,3.54,0.832,0,75,5,375,423.5,660.0,0.642,0,0,0.811,0.96,4.8,recovery,0.9,0.069,0.11
ath_049,club_05,2024-02-10,jumps,competition,26,M,2,92.15,1,4,4,1.0,4.09,4.38,0.898,1,60,9,540,441.0,654.0,0.674,0,0,0.899,0.853,4.75,speed,0.91,0.056,0.12
ath_049,club_05,2024-02-11,jumps,competition,26,M,2,92.15,4,3,4,4.05,3.23,3.63,0.587,1,60,6,360,428.8,639.3,0.671,1,0,0.902,0.948,5.68,recovery,0.6,0.496,-0.3
ath_049,club_05,2024-02-12,jumps,competition,26,M,2,92.15,3,2,1,3.04,2.03,1.56,0.437,1,75,3,225,398.3,618.6,0.644,1,0,0.905,0.976,6.26,recovery,0.75,0.429,0.0
ath_049,club_05,2024-02-13,jumps,competition,26,M,2,92.15,4,1,1,3.85,1.0,1.55,0.313,1,75,4,300,383.5,602.7,0.636,1,0,0.81,0.826,6.73,recovery,0.6,0.552,-0.3
ath_049,club_05,2024-02-14,jumps,competition,26,M,2,92.15,5,1,1,5.0,1.0,1.24,0.216,1,90,4,360,380.0,590.5,0.643,1,0,0.832,0.954,6.98,recovery,0.5,0.668,-0.35
ath_049,club_05,2024-02-15,jumps,transition,26,M,2,92.15,3,3,1,2.66,3.29,1.0,0.509,0,60,6,360,377.0,579.0,0.651,1,0,0.837,0.962,5.7,recovery,0.75,0.438,0.0
ath_049,club_05,2024-02-16,jumps,transition,26,M,2,92.15,5,2,2,4.92,1.84,1.83,0.317,1,105,5,525,399.2,576.3,0.693,1,0,0.907,0.965,7.14,recovery,0.5,0.704,-0.35
ath_049,club_05,2024-02-17,jumps,transition,26,M,2,92.15,5,2,2,4.43,1.76,1.48,0.32,2,75,5,375,395.6,566.2,0.699,1,0,0.992,0.956,7.14,recovery,0.5,0.707,-0.35
ath_049,club_05,2024-02-18,jumps,transition,26,M,2,92.15,5,1,1,5.0,1.45,1.0,0.23,2,105,3,315,383.5,553.7,0.693,1,0,0.924,0.906,7.62,recovery,0.5,0.669,-0.35
ath_049,club_05,2024-02-19,jumps,transition,26,M,2,92.15,5,2,2,4.94,1.25,1.92,0.281,2,0,0,0,326.0,526.0,0.62,1,0,0.838,0.839,6.53,recovery,0.5,0.749,-0.35
ath_050,club_01,2024-01-01,sprints,off-season,19,M,5,93.51,1,4,3,1.03,4.2,3.26,0.829,1,75,6,450,1840.8,1964.0,0.937,0,0,0.817,0.977,7.08,strength,0.9,0.047,0.11
ath_050,club_01,2024-01-02,sprints,off-season,19,M,5,93.51,1,3,4,1.35,2.95,4.09,0.779,0,0,0,0,1564.7,1865.8,0.839,0,0,0.878,0.896,5.06,endurance,0.89,0.08,0.11
ath_050,club_01,2024-01-03,sprints,off-season,19,M,5,93.51,2,5,4,2.09,4.86,3.44,0.814,1,60,7,420,1393.0,1793.5,0.777,0,0,0.893,0.878,5.82,strength,0.9,0.119,0.11
ath_050,club_01,2024-01-04,sprints,off-season,19,M,5,93.51,1,3,3,1.0,3.08,3.04,0.741,0,75,6,450,1251.5,1726.3,0.725,0,0,0.751,0.947,5.97,strength,0.89,0.01,0.1
ath_050,club_01,2024-01-05,sprints,off-season,19,M,5,93.51,5,3,4,4.94,2.95,4.27,0.552,1,75,5,375,1120.0,1658.8,0.675,0,0,0.788,0.981,6.15,strength,0.5,0.502,-0.35
ath_050,club_01,2024-01-06,sprints,off-season,19,M,5,93.51,2,5,4,1.26,4.39,4.02,0.876,0,105,9,945,1093.8,1623.1,0.674,0,0,0.779,0.97,4.77,strength,0.91,0.141,0.12
ath_050,club_01,2024-01-07,sprints,off-season,19,M,5,93.51,2,4,4,1.39,3.65,3.61,0.792,0,0,0,0,929.7,1541.9,0.603,0,0,0.879,0.844,4.92,strength,0.89,0.18,0.11
ath_050,club_01,2024-01-08,sprints,off-season,19,M,5,93.51,3,3,3,3.02,3.31,2.4,0.579,0,75,7,525,869.0,1491.1,0.583,0,0,0.779,0.831,5.36,strength,0.86,0.295,0.0
ath_050,club_01,2024-01-09,sprints,off-season,19,M,5,93.51,1,4,1,1.02,3.93,1.0,0.661,1,75,8,600,828.7,1446.5,0.573,0,0,0.826,0.965,5.82,endurance,0.87,0.039,0.0
ath_050,club_01,2024-01-10,sprints,off-season,19,M,5,93.51,2,4,4,2.33,3.77,4.1,0.77,1,60,9,540,785.4,1401.2,0.56,0,0,0.75,0.804,5.03,strength,0.89,0.15,0.11
ath_050,club_01,2024-01-11,sprints,off-season,19,M,5,93.51,1,4,5,1.05,3.7,4.7,0.89,0,60,5,300,712.6,1346.1,0.529,0,0,0.914,0.928,4.55,endurance,0.91,0.071,0.12
ath_050,club_01,2024-01-12,sprints,off-season,19,M,5,93.51,2,3,2,2.0,2.93,1.6,0.569,1,75,8,600,695.7,1308.8,0.532,0,0,0.975,0.849,5.92,strength,0.86,0.218,0.0
ath_050,club_01,2024-01-13,sprints,off-season,19,M,5,93.51,3,4,4,3.01,4.06,3.64,0.713,0,60,5,300,636.3,1258.4,0.506,0,0,0.891,0.963,4.88,strength,0.88,0.323,0.1
ath_050,club_01,2024-01-14,sprints,off-season,19,M,5,93.51,2,3,3,1.8,3.12,3.1,0.695,1,75,8,600,630.9,1225.5,0.515,0,0,0.898,0.866,4.8,endurance,0.88,0.132,0.0
ath_050,club_01,2024-01-15,sprints,off-season,19,M,5,93.51,1,4,4,1.0,3.66,3.73,0.826,1,60,9,540,617.2,1191.2,0.518,0,0,0.906,0.903,4.64,endurance,0.9,0.098,0.11
ath_050,club_01,2024-01-16,sprints,pre-comp,19,M,5,93.51,3,3,4,2.41,3.23,3.68,0.7,1,60,7,420,587.7,1152.6,0.51,0,0,0.784,0.892,5.53,technique,0.88,0.337,0.0
ath_050,club_01,2024-01-17,sprints,pre-comp,19,M,5,93.51,2,5,1,1.95,4.98,1.49,0.701,0,75,9,675,600.8,1128.7,0.532,0,0,0.883,0.969,5.14,speed,0.88,0.186,0.1
ath_050,club_01,2024-01-18,sprints,pre-comp,19,M,5,93.51,4,1,4,3.98,1.36,4.18,0.504,1,75,8,600,600.6,1102.3,0.545,0,0,0.839,0.926,5.74,speed,0.6,0.419,-0.3
ath_050,club_01,2024-01-19,sprints,pre-comp,19,M,5,93.51,1,4,5,1.0,4.54,4.59,0.942,0,60,6,360,564.5,1065.2,0.53,0,0,0.825,0.895,4.28,speed,0.92,0.012,0.12
ath_050,club_01,2024-01-20,sprints,pre-comp,19,M,5,93.51,2,4,5,2.17,4.24,5.0,0.872,0,75,9,675,581.1,1045.7,0.556,0,0,0.98,0.92,4.29,speed,0.91,0.201,0.12
ath_050,club_01,2024-01-21,sprints,pre-comp,19,M,5,93.51,2,4,3,2.0,4.03,3.04,0.739,1,60,7,420,556.9,1014.4,0.549,0,0,0.827,0.821,6.39,speed,0.89,0.219,0.1
ath_050,club_01,2024-01-22,sprints,pre-comp,19,M,5,93.51,4,5,3,3.75,4.6,3.24,0.673,2,75,5,375,529.7,982.4,0.539,0,0,0.941,0.87,4.98,technique,0.6,0.392,-0.3
ath_050,club_01,2024-01-23,sprints,pre-comp,19,M,5,93.51,5,2,4,4.67,1.85,4.02,0.48,2,105,6,630,544.7,964.8,0.565,0,0,0.913,0.805,5.4,technique,0.5,0.507,-0.35
ath_050,club_01,2024-01-24,sprints,pre-comp,19,M,5,93.51,5,4,4,5.0,3.87,4.15,0.601,2,0,0,0,463.0,916.6,0.505,0,0,0.802,0.998,5.15,speed,0.5,0.545,-0.35
ath_050,club_01,2024-01-25,sprints,pre-comp,19,M,5,93.51,3,1,4,3.03,1.0,3.71,0.512,1,75,7,525,472.3,897.0,0.527,0,0,0.911,0.834,6.24,technique,0.85,0.259,0.0
ath_050,club_01,2024-01-26,sprints,pre-comp,19,M,5,93.51,2,5,5,1.44,5.0,5.0,0.97,0,90,5,450,469.0,874.6,0.536,0,0,0.965,0.968,4.04,speed,0.92,0.106,0.13
ath_050,club_01,2024-01-27,sprints,pre-comp,19,M,5,93.51,4,5,3,4.11,5.0,2.88,0.651,1,60,8,480,470.6,854.9,0.55,0,0,0.892,0.956,5.71,technique,0.6,0.398,-0.3
ath_050,club_01,2024-01-28,sprints,pre-comp,19,M,5,93.51,1,4,3,1.0,4.01,2.58,0.772,1,75,8,600,490.0,842.2,0.582,0,0,0.788,0.805,5.21,speed,0.89,0.073,0.11
ath_050,club_01,2024-01-29,sprints,pre-comp,19,M,5,93.51,1,4,5,1.0,4.25,5.0,0.95,0,105,9,945,558.3,847.3,0.659,0,0,0.846,0.827,3.9,speed,0.92,0.013,0.13
ath_050,club_01,2024-01-30,sprints,pre-comp,19,M,5,93.51,2,5,4,1.6,5.0,4.22,0.908,1,75,6,450,542.0,827.4,0.655,0,0,0.844,0.863,5.22,technique,0.91,0.175,0.12
ath_050,club_01,2024-01-31,sprints,competition,19,M,5,93.51,4,3,4,4.12,2.89,3.43,0.547,2,90,7,630,555.2,817.6,0.679,0,0,0.929,0.91,6.28,speed,0.6,0.428,-0.3
ath_050,club_01,2024-02-01,sprints,competition,19,M,5,93.51,1,4,5,1.13,3.93,4.89,0.913,1,90,8,720,579.9,812.7,0.714,0,0,0.899,0.85,5.08,recovery,0.91,0.013,0.12
ath_050,club_01,2024-02-02,sprints,competition,19,M,5,93.51,2,2,4,1.86,2.13,3.97,0.683,0,90,6,540,573.9,799.1,0.718,0,0,0.863,0.926,5.18,speed,0.88,0.108,0.0
ath_050,club_01,2024-02-03,sprints,competition,19,M,5,93.51,2,5,3,2.06,4.92,2.72,0.772,1,60,9,540,568.9,786.1,0.724,0,0,0.913,0.896,5.07,speed,0.89,0.181,0.11
ath_050,club_01,2024-02-04,sprints,competition,19,M,5,93.51,4,5,4,3.99,4.65,4.05,0.714,2,75,5,375,539.8,765.5,0.705,0,0,0.969,0.943,5.49,speed,0.6,0.395,-0.3
ath_050,club_01,2024-02-05,sprints,competition,19,M,5,93.51,2,4,4,1.96,3.75,3.86,0.777,1,105,6,630,553.3,758.8,0.729,0,0,0.844,0.852,4.87,speed,0.89,0.211,0.11
ath_050,club_01,2024-02-06,sprints,competition,19,M,5,93.51,1,4,2,1.0,4.02,1.38,0.693,0,60,7,420,533.3,741.8,0.719,0,0,0.871,0.891,5.67,recovery,0.88,0.038,0.0
ath_050,club_01,2024-02-07,sprints,competition,19,M,5,93.51,2,4,4,1.89,3.95,4.27,0.822,0,60,9,540,534.3,731.7,0.73,0,0,0.765,0.943,5.17,speed,0.9,0.131,0.11
ath_050,club_01,2024-02-08,sprints,competition,19,M,5,93.51,1,2,4,1.15,1.69,3.9,0.696,1,90,8,720,562.2,731.2,0.769,0,0,0.758,0.876,5.23,recovery,0.88,0.075,0.0
ath_050,club_01,2024-02-09,sprints,competition,19,M,5,93.51,4,4,3,3.89,3.97,3.57,0.644,1,60,6,360,531.8,712.6,0.746,0,0,0.806,0.982,5.95,recovery,0.6,0.373,-0.3
ath_050,club_01,2024-02-10,sprints,competition,19,M,5,93.51,1,3,2,1.46,2.77,1.97,0.618,0,105,5,525,530.8,703.2,0.755,0,0,0.863,0.887,6.49,speed,0.87,0.01,0.0
ath_050,club_01,2024-02-11,sprints,competition,19,M,5,93.51,2,1,2,1.82,1.15,1.84,0.478,1,105,8,840,577.2,710.1,0.813,0,0,0.991,0.803,6.79,speed,0.85,0.181,0.0
ath_050,club_01,2024-02-12,sprints,competition,19,M,5,93.51,3,5,4,2.93,5.0,4.22,0.819,0,75,9,675,591.9,708.3,0.836,0,0,0.803,0.816,5.7,speed,0.9,0.289,0.11
ath_050,club_01,2024-02-13,sprints,competition,19,M,5,93.51,1,5,4,1.0,5.0,4.23,0.948,1,75,6,450,570.6,695.4,0.821,0,0,0.91,0.956,5.19,recovery,0.92,0.036,0.12
ath_050,club_01,2024-02-14,sprints,competition,19,M,5,93.51,2,3,4,2.23,2.89,4.28,0.73,0,75,6,450,552.5,683.1,0.809,0,0,0.811,0.853,6.01,speed,0.88,0.191,0.1
ath_050,club_01,2024-02-15,sprints,transition,19,M,5,93.51,3,3,3,2.75,3.16,2.53,0.597,1,90,7,630,564.1,680.5,0.829,0,0,0.897,0.999,6.34,speed,0.86,0.284,0.0
ath_050,club_01,2024-02-16,sprints,transition,19,M,5,93.51,2,4,4,2.4,4.19,3.71,0.767,1,0,0,0,479.5,646.4,0.742,0,0,0.928,0.86,5.45,speed,0.89,0.15,0.11
ath_050,club_01,2024-02-17,sprints,transition,19,M,5,93.51,3,4,5,2.92,4.08,5.0,0.811,0,75,7,525,486.3,640.4,0.759,0,0,0.767,0.849,5.19,speed,0.9,0.26,0.11
ath_050,club_01,2024-02-18,sprints,transition,19,M,5,93.51,2,5,3,2.45,4.89,3.19,0.775,0,75,8,600,503.4,638.3,0.789,0,0,0.78,0.971,6.9,speed,0.89,0.167,0.11
ath_050,club_01,2024-02-19,sprints,transition,19,M,5,93.51,1,4,2,1.14,3.92,2.37,0.743,1,0,0,0,427.9,606.4,0.706,0,0,0.957,0.972,5.77,speed,0.89,0.052,0.1
